date,day_of_week,days_out,room_id,room_name,tier,rack_low,rack_high,recommended_rate,rate_vs_rack_pct,occupancy_assumed,is_weekend,active_events,event_multiplier,competitor_avg,rate_vs_comp_pct,reasoning
2026-05-18,Monday,0,201,Waterfront 201,waterfront,389,459,450,6.1,75%,False,,1.0,311.67,44.4,"Last-minute (0d), slight −3% to close"
2026-05-18,Monday,0,202,Waterfront 202,waterfront,389,459,450,6.1,75%,False,,1.0,311.67,44.4,"Last-minute (0d), slight −3% to close"
2026-05-18,Monday,0,203,Waterfront 203,waterfront,399,459,460,7.2,75%,False,,1.0,311.67,47.6,"Last-minute (0d), slight −3% to close"
2026-05-18,Monday,0,204,Waterfront 204,waterfront,409,459,465,7.1,75%,False,,1.0,311.67,49.2,"Last-minute (0d), slight −3% to close"
2026-05-18,Monday,0,301,Water View 301,water_view,319,369,365,6.1,75%,False,,1.0,311.67,17.1,"Last-minute (0d), slight −3% to close"
2026-05-18,Monday,0,302,Water View 302,water_view,319,369,365,6.1,75%,False,,1.0,311.67,17.1,"Last-minute (0d), slight −3% to close"
2026-05-18,Monday,0,303,Water View 303,water_view,329,369,370,6.0,75%,False,,1.0,311.67,18.7,"Last-minute (0d), slight −3% to close"
2026-05-18,Monday,0,304,Water View 304,water_view,319,359,360,6.2,75%,False,,1.0,311.67,15.5,"Last-minute (0d), slight −3% to close"
2026-05-18,Monday,0,305,Water View 305,water_view,329,369,370,6.0,75%,False,,1.0,311.67,18.7,"Last-minute (0d), slight −3% to close"
2026-05-18,Monday,0,101,Garden Room 101,garden,269,299,305,7.4,75%,False,,1.0,311.67,-2.1,"Last-minute (0d), slight −3% to close"
2026-05-18,Monday,0,102,Garden Room 102,garden,269,299,305,7.4,75%,False,,1.0,311.67,-2.1,"Last-minute (0d), slight −3% to close"
2026-05-18,Monday,0,103,Garden Room 103,garden,279,299,310,7.3,75%,False,,1.0,311.67,-0.5,"Last-minute (0d), slight −3% to close"
2026-05-18,Monday,0,104,Garden Room 104,garden,269,289,300,7.5,75%,False,,1.0,311.67,-3.7,"Last-minute (0d), slight −3% to close"
2026-05-18,Monday,0,cottage,Private Cottage,cottage,489,549,555,6.9,75%,False,,1.0,311.67,78.1,"Last-minute (0d), slight −3% to close"
2026-05-19,Tuesday,1,201,Waterfront 201,waterfront,389,459,450,6.1,75%,False,,1.0,313.33,43.6,"Last-minute (1d), slight −3% to close"
2026-05-19,Tuesday,1,202,Waterfront 202,waterfront,389,459,450,6.1,75%,False,,1.0,313.33,43.6,"Last-minute (1d), slight −3% to close"
2026-05-19,Tuesday,1,203,Waterfront 203,waterfront,399,459,460,7.2,75%,False,,1.0,313.33,46.8,"Last-minute (1d), slight −3% to close"
2026-05-19,Tuesday,1,204,Waterfront 204,waterfront,409,459,465,7.1,75%,False,,1.0,313.33,48.4,"Last-minute (1d), slight −3% to close"
2026-05-19,Tuesday,1,301,Water View 301,water_view,319,369,365,6.1,75%,False,,1.0,313.33,16.5,"Last-minute (1d), slight −3% to close"
2026-05-19,Tuesday,1,302,Water View 302,water_view,319,369,365,6.1,75%,False,,1.0,313.33,16.5,"Last-minute (1d), slight −3% to close"
2026-05-19,Tuesday,1,303,Water View 303,water_view,329,369,370,6.0,75%,False,,1.0,313.33,18.1,"Last-minute (1d), slight −3% to close"
2026-05-19,Tuesday,1,304,Water View 304,water_view,319,359,360,6.2,75%,False,,1.0,313.33,14.9,"Last-minute (1d), slight −3% to close"
2026-05-19,Tuesday,1,305,Water View 305,water_view,329,369,370,6.0,75%,False,,1.0,313.33,18.1,"Last-minute (1d), slight −3% to close"
2026-05-19,Tuesday,1,101,Garden Room 101,garden,269,299,305,7.4,75%,False,,1.0,313.33,-2.7,"Last-minute (1d), slight −3% to close"
2026-05-19,Tuesday,1,102,Garden Room 102,garden,269,299,305,7.4,75%,False,,1.0,313.33,-2.7,"Last-minute (1d), slight −3% to close"
2026-05-19,Tuesday,1,103,Garden Room 103,garden,279,299,310,7.3,75%,False,,1.0,313.33,-1.1,"Last-minute (1d), slight −3% to close"
2026-05-19,Tuesday,1,104,Garden Room 104,garden,269,289,300,7.5,75%,False,,1.0,313.33,-4.3,"Last-minute (1d), slight −3% to close"
2026-05-19,Tuesday,1,cottage,Private Cottage,cottage,489,549,555,6.9,75%,False,,1.0,313.33,77.1,"Last-minute (1d), slight −3% to close"
2026-05-20,Wednesday,2,201,Waterfront 201,waterfront,389,459,550,29.7,75%,False,Original Gullah Festival,1.175,354.17,55.3,"Last-minute (2d), slight −3% to close | Events: Original Gullah Festival (×1.18)"
2026-05-20,Wednesday,2,202,Waterfront 202,waterfront,389,459,550,29.7,75%,False,Original Gullah Festival,1.175,354.17,55.3,"Last-minute (2d), slight −3% to close | Events: Original Gullah Festival (×1.18)"
2026-05-20,Wednesday,2,203,Waterfront 203,waterfront,399,459,555,29.4,75%,False,Original Gullah Festival,1.175,354.17,56.7,"Last-minute (2d), slight −3% to close | Events: Original Gullah Festival (×1.18)"
2026-05-20,Wednesday,2,204,Waterfront 204,waterfront,409,459,560,29.0,75%,False,Original Gullah Festival,1.175,354.17,58.1,"Last-minute (2d), slight −3% to close | Events: Original Gullah Festival (×1.18)"
2026-05-20,Wednesday,2,301,Water View 301,water_view,319,369,445,29.4,75%,False,Original Gullah Festival,1.175,354.17,25.6,"Last-minute (2d), slight −3% to close | Events: Original Gullah Festival (×1.18)"
2026-05-20,Wednesday,2,302,Water View 302,water_view,319,369,445,29.4,75%,False,Original Gullah Festival,1.175,354.17,25.6,"Last-minute (2d), slight −3% to close | Events: Original Gullah Festival (×1.18)"
2026-05-20,Wednesday,2,303,Water View 303,water_view,329,369,450,28.9,75%,False,Original Gullah Festival,1.175,354.17,27.1,"Last-minute (2d), slight −3% to close | Events: Original Gullah Festival (×1.18)"
2026-05-20,Wednesday,2,304,Water View 304,water_view,319,359,440,29.8,75%,False,Original Gullah Festival,1.175,354.17,24.2,"Last-minute (2d), slight −3% to close | Events: Original Gullah Festival (×1.18)"
2026-05-20,Wednesday,2,305,Water View 305,water_view,329,369,450,28.9,75%,False,Original Gullah Festival,1.175,354.17,27.1,"Last-minute (2d), slight −3% to close | Events: Original Gullah Festival (×1.18)"
2026-05-20,Wednesday,2,101,Garden Room 101,garden,269,299,365,28.5,75%,False,Original Gullah Festival,1.175,354.17,3.1,"Last-minute (2d), slight −3% to close | Events: Original Gullah Festival (×1.18)"
2026-05-20,Wednesday,2,102,Garden Room 102,garden,269,299,365,28.5,75%,False,Original Gullah Festival,1.175,354.17,3.1,"Last-minute (2d), slight −3% to close | Events: Original Gullah Festival (×1.18)"
2026-05-20,Wednesday,2,103,Garden Room 103,garden,279,299,375,29.8,75%,False,Original Gullah Festival,1.175,354.17,5.9,"Last-minute (2d), slight −3% to close | Events: Original Gullah Festival (×1.18)"
2026-05-20,Wednesday,2,104,Garden Room 104,garden,269,289,360,29.0,75%,False,Original Gullah Festival,1.175,354.17,1.6,"Last-minute (2d), slight −3% to close | Events: Original Gullah Festival (×1.18)"
2026-05-20,Wednesday,2,cottage,Private Cottage,cottage,489,549,670,29.1,75%,False,Original Gullah Festival,1.175,354.17,89.2,"Last-minute (2d), slight −3% to close | Events: Original Gullah Festival (×1.18)"
2026-05-21,Thursday,3,201,Waterfront 201,waterfront,389,459,550,29.7,75%,False,Original Gullah Festival,1.175,351.67,56.4,"3d out, occ 75% ≥ 65% → rack | Events: Original Gullah Festival (×1.18)"
2026-05-21,Thursday,3,202,Waterfront 202,waterfront,389,459,550,29.7,75%,False,Original Gullah Festival,1.175,351.67,56.4,"3d out, occ 75% ≥ 65% → rack | Events: Original Gullah Festival (×1.18)"
2026-05-21,Thursday,3,203,Waterfront 203,waterfront,399,459,555,29.4,75%,False,Original Gullah Festival,1.175,351.67,57.8,"3d out, occ 75% ≥ 65% → rack | Events: Original Gullah Festival (×1.18)"
2026-05-21,Thursday,3,204,Waterfront 204,waterfront,409,459,560,29.0,75%,False,Original Gullah Festival,1.175,351.67,59.2,"3d out, occ 75% ≥ 65% → rack | Events: Original Gullah Festival (×1.18)"
2026-05-21,Thursday,3,301,Water View 301,water_view,319,369,445,29.4,75%,False,Original Gullah Festival,1.175,351.67,26.5,"3d out, occ 75% ≥ 65% → rack | Events: Original Gullah Festival (×1.18)"
2026-05-21,Thursday,3,302,Water View 302,water_view,319,369,445,29.4,75%,False,Original Gullah Festival,1.175,351.67,26.5,"3d out, occ 75% ≥ 65% → rack | Events: Original Gullah Festival (×1.18)"
2026-05-21,Thursday,3,303,Water View 303,water_view,329,369,450,28.9,75%,False,Original Gullah Festival,1.175,351.67,28.0,"3d out, occ 75% ≥ 65% → rack | Events: Original Gullah Festival (×1.18)"
2026-05-21,Thursday,3,304,Water View 304,water_view,319,359,440,29.8,75%,False,Original Gullah Festival,1.175,351.67,25.1,"3d out, occ 75% ≥ 65% → rack | Events: Original Gullah Festival (×1.18)"
2026-05-21,Thursday,3,305,Water View 305,water_view,329,369,450,28.9,75%,False,Original Gullah Festival,1.175,351.67,28.0,"3d out, occ 75% ≥ 65% → rack | Events: Original Gullah Festival (×1.18)"
2026-05-21,Thursday,3,101,Garden Room 101,garden,269,299,365,28.5,75%,False,Original Gullah Festival,1.175,351.67,3.8,"3d out, occ 75% ≥ 65% → rack | Events: Original Gullah Festival (×1.18)"
2026-05-21,Thursday,3,102,Garden Room 102,garden,269,299,365,28.5,75%,False,Original Gullah Festival,1.175,351.67,3.8,"3d out, occ 75% ≥ 65% → rack | Events: Original Gullah Festival (×1.18)"
2026-05-21,Thursday,3,103,Garden Room 103,garden,279,299,375,29.8,75%,False,Original Gullah Festival,1.175,351.67,6.6,"3d out, occ 75% ≥ 65% → rack | Events: Original Gullah Festival (×1.18)"
2026-05-21,Thursday,3,104,Garden Room 104,garden,269,289,360,29.0,75%,False,Original Gullah Festival,1.175,351.67,2.4,"3d out, occ 75% ≥ 65% → rack | Events: Original Gullah Festival (×1.18)"
2026-05-21,Thursday,3,cottage,Private Cottage,cottage,489,549,670,29.1,75%,False,Original Gullah Festival,1.175,351.67,90.5,"3d out, occ 75% ≥ 65% → rack | Events: Original Gullah Festival (×1.18)"
2026-05-22,Friday,4,201,Waterfront 201,waterfront,389,459,645,52.1,75%,True,Original Gullah Festival; Parris Island USMC Graduation,1.2,359.17,79.6,"4d out, occ 75% ≥ 65% → rack | Events: Original Gullah Festival, Parris Island USMC Graduation (×1.20) | Weekend +15% (Fri/Sat)"
2026-05-22,Friday,4,202,Waterfront 202,waterfront,389,459,645,52.1,75%,True,Original Gullah Festival; Parris Island USMC Graduation,1.2,359.17,79.6,"4d out, occ 75% ≥ 65% → rack | Events: Original Gullah Festival, Parris Island USMC Graduation (×1.20) | Weekend +15% (Fri/Sat)"
2026-05-22,Friday,4,203,Waterfront 203,waterfront,399,459,650,51.5,75%,True,Original Gullah Festival; Parris Island USMC Graduation,1.2,359.17,81.0,"4d out, occ 75% ≥ 65% → rack | Events: Original Gullah Festival, Parris Island USMC Graduation (×1.20) | Weekend +15% (Fri/Sat)"
2026-05-22,Friday,4,204,Waterfront 204,waterfront,409,459,660,52.1,75%,True,Original Gullah Festival; Parris Island USMC Graduation,1.2,359.17,83.8,"4d out, occ 75% ≥ 65% → rack | Events: Original Gullah Festival, Parris Island USMC Graduation (×1.20) | Weekend +15% (Fri/Sat)"
2026-05-22,Friday,4,301,Water View 301,water_view,319,369,520,51.2,75%,True,Original Gullah Festival; Parris Island USMC Graduation,1.2,359.17,44.8,"4d out, occ 75% ≥ 65% → rack | Events: Original Gullah Festival, Parris Island USMC Graduation (×1.20) | Weekend +15% (Fri/Sat)"
2026-05-22,Friday,4,302,Water View 302,water_view,319,369,520,51.2,75%,True,Original Gullah Festival; Parris Island USMC Graduation,1.2,359.17,44.8,"4d out, occ 75% ≥ 65% → rack | Events: Original Gullah Festival, Parris Island USMC Graduation (×1.20) | Weekend +15% (Fri/Sat)"
2026-05-22,Friday,4,303,Water View 303,water_view,329,369,530,51.9,75%,True,Original Gullah Festival; Parris Island USMC Graduation,1.2,359.17,47.6,"4d out, occ 75% ≥ 65% → rack | Events: Original Gullah Festival, Parris Island USMC Graduation (×1.20) | Weekend +15% (Fri/Sat)"
2026-05-22,Friday,4,304,Water View 304,water_view,319,359,515,51.9,75%,True,Original Gullah Festival; Parris Island USMC Graduation,1.2,359.17,43.4,"4d out, occ 75% ≥ 65% → rack | Events: Original Gullah Festival, Parris Island USMC Graduation (×1.20) | Weekend +15% (Fri/Sat)"
2026-05-22,Friday,4,305,Water View 305,water_view,329,369,530,51.9,75%,True,Original Gullah Festival; Parris Island USMC Graduation,1.2,359.17,47.6,"4d out, occ 75% ≥ 65% → rack | Events: Original Gullah Festival, Parris Island USMC Graduation (×1.20) | Weekend +15% (Fri/Sat)"
2026-05-22,Friday,4,101,Garden Room 101,garden,269,299,430,51.4,75%,True,Original Gullah Festival; Parris Island USMC Graduation,1.2,359.17,19.7,"4d out, occ 75% ≥ 65% → rack | Events: Original Gullah Festival, Parris Island USMC Graduation (×1.20) | Weekend +15% (Fri/Sat)"
2026-05-22,Friday,4,102,Garden Room 102,garden,269,299,430,51.4,75%,True,Original Gullah Festival; Parris Island USMC Graduation,1.2,359.17,19.7,"4d out, occ 75% ≥ 65% → rack | Events: Original Gullah Festival, Parris Island USMC Graduation (×1.20) | Weekend +15% (Fri/Sat)"
2026-05-22,Friday,4,103,Garden Room 103,garden,279,299,440,52.2,75%,True,Original Gullah Festival; Parris Island USMC Graduation,1.2,359.17,22.5,"4d out, occ 75% ≥ 65% → rack | Events: Original Gullah Festival, Parris Island USMC Graduation (×1.20) | Weekend +15% (Fri/Sat)"
2026-05-22,Friday,4,104,Garden Room 104,garden,269,289,425,52.3,75%,True,Original Gullah Festival; Parris Island USMC Graduation,1.2,359.17,18.3,"4d out, occ 75% ≥ 65% → rack | Events: Original Gullah Festival, Parris Island USMC Graduation (×1.20) | Weekend +15% (Fri/Sat)"
2026-05-22,Friday,4,cottage,Private Cottage,cottage,489,549,790,52.2,75%,True,Original Gullah Festival; Parris Island USMC Graduation,1.2,359.17,120.0,"4d out, occ 75% ≥ 65% → rack | Events: Original Gullah Festival, Parris Island USMC Graduation (×1.20) | Weekend +15% (Fri/Sat)"
2026-05-23,Saturday,5,201,Waterfront 201,waterfront,389,459,725,71.0,75%,True,Original Gullah Festival; Downtown Farmers Market,1.35,389.17,86.3,"5d out, occ 75% ≥ 65% → rack | Events: Original Gullah Festival, Downtown Farmers Market (×1.35) | Weekend +15% (Fri/Sat)"
2026-05-23,Saturday,5,202,Waterfront 202,waterfront,389,459,725,71.0,75%,True,Original Gullah Festival; Downtown Farmers Market,1.35,389.17,86.3,"5d out, occ 75% ≥ 65% → rack | Events: Original Gullah Festival, Downtown Farmers Market (×1.35) | Weekend +15% (Fri/Sat)"
2026-05-23,Saturday,5,203,Waterfront 203,waterfront,399,459,735,71.3,75%,True,Original Gullah Festival; Downtown Farmers Market,1.35,389.17,88.9,"5d out, occ 75% ≥ 65% → rack | Events: Original Gullah Festival, Downtown Farmers Market (×1.35) | Weekend +15% (Fri/Sat)"
2026-05-23,Saturday,5,204,Waterfront 204,waterfront,409,459,740,70.5,75%,True,Original Gullah Festival; Downtown Farmers Market,1.35,389.17,90.1,"5d out, occ 75% ≥ 65% → rack | Events: Original Gullah Festival, Downtown Farmers Market (×1.35) | Weekend +15% (Fri/Sat)"
2026-05-23,Saturday,5,301,Water View 301,water_view,319,369,585,70.1,75%,True,Original Gullah Festival; Downtown Farmers Market,1.35,389.17,50.3,"5d out, occ 75% ≥ 65% → rack | Events: Original Gullah Festival, Downtown Farmers Market (×1.35) | Weekend +15% (Fri/Sat)"
2026-05-23,Saturday,5,302,Water View 302,water_view,319,369,585,70.1,75%,True,Original Gullah Festival; Downtown Farmers Market,1.35,389.17,50.3,"5d out, occ 75% ≥ 65% → rack | Events: Original Gullah Festival, Downtown Farmers Market (×1.35) | Weekend +15% (Fri/Sat)"
2026-05-23,Saturday,5,303,Water View 303,water_view,329,369,595,70.5,75%,True,Original Gullah Festival; Downtown Farmers Market,1.35,389.17,52.9,"5d out, occ 75% ≥ 65% → rack | Events: Original Gullah Festival, Downtown Farmers Market (×1.35) | Weekend +15% (Fri/Sat)"
2026-05-23,Saturday,5,304,Water View 304,water_view,319,359,580,71.1,75%,True,Original Gullah Festival; Downtown Farmers Market,1.35,389.17,49.0,"5d out, occ 75% ≥ 65% → rack | Events: Original Gullah Festival, Downtown Farmers Market (×1.35) | Weekend +15% (Fri/Sat)"
2026-05-23,Saturday,5,305,Water View 305,water_view,329,369,595,70.5,75%,True,Original Gullah Festival; Downtown Farmers Market,1.35,389.17,52.9,"5d out, occ 75% ≥ 65% → rack | Events: Original Gullah Festival, Downtown Farmers Market (×1.35) | Weekend +15% (Fri/Sat)"
2026-05-23,Saturday,5,101,Garden Room 101,garden,269,299,485,70.8,75%,True,Original Gullah Festival; Downtown Farmers Market,1.35,389.17,24.6,"5d out, occ 75% ≥ 65% → rack | Events: Original Gullah Festival, Downtown Farmers Market (×1.35) | Weekend +15% (Fri/Sat)"
2026-05-23,Saturday,5,102,Garden Room 102,garden,269,299,485,70.8,75%,True,Original Gullah Festival; Downtown Farmers Market,1.35,389.17,24.6,"5d out, occ 75% ≥ 65% → rack | Events: Original Gullah Festival, Downtown Farmers Market (×1.35) | Weekend +15% (Fri/Sat)"
2026-05-23,Saturday,5,103,Garden Room 103,garden,279,299,495,71.3,75%,True,Original Gullah Festival; Downtown Farmers Market,1.35,389.17,27.2,"5d out, occ 75% ≥ 65% → rack | Events: Original Gullah Festival, Downtown Farmers Market (×1.35) | Weekend +15% (Fri/Sat)"
2026-05-23,Saturday,5,104,Garden Room 104,garden,269,289,475,70.3,75%,True,Original Gullah Festival; Downtown Farmers Market,1.35,389.17,22.1,"5d out, occ 75% ≥ 65% → rack | Events: Original Gullah Festival, Downtown Farmers Market (×1.35) | Weekend +15% (Fri/Sat)"
2026-05-23,Saturday,5,cottage,Private Cottage,cottage,489,549,885,70.5,75%,True,Original Gullah Festival; Downtown Farmers Market,1.35,389.17,127.4,"5d out, occ 75% ≥ 65% → rack | Events: Original Gullah Festival, Downtown Farmers Market (×1.35) | Weekend +15% (Fri/Sat)"
2026-05-24,Sunday,6,201,Waterfront 201,waterfront,389,459,630,48.6,75%,False,Original Gullah Festival,1.35,393.33,60.2,"6d out, occ 75% ≥ 65% → rack | Events: Original Gullah Festival (×1.35)"
2026-05-24,Sunday,6,202,Waterfront 202,waterfront,389,459,630,48.6,75%,False,Original Gullah Festival,1.35,393.33,60.2,"6d out, occ 75% ≥ 65% → rack | Events: Original Gullah Festival (×1.35)"
2026-05-24,Sunday,6,203,Waterfront 203,waterfront,399,459,635,48.0,75%,False,Original Gullah Festival,1.35,393.33,61.4,"6d out, occ 75% ≥ 65% → rack | Events: Original Gullah Festival (×1.35)"
2026-05-24,Sunday,6,204,Waterfront 204,waterfront,409,459,645,48.6,75%,False,Original Gullah Festival,1.35,393.33,64.0,"6d out, occ 75% ≥ 65% → rack | Events: Original Gullah Festival (×1.35)"
2026-05-24,Sunday,6,301,Water View 301,water_view,319,369,510,48.3,75%,False,Original Gullah Festival,1.35,393.33,29.7,"6d out, occ 75% ≥ 65% → rack | Events: Original Gullah Festival (×1.35)"
2026-05-24,Sunday,6,302,Water View 302,water_view,319,369,510,48.3,75%,False,Original Gullah Festival,1.35,393.33,29.7,"6d out, occ 75% ≥ 65% → rack | Events: Original Gullah Festival (×1.35)"
2026-05-24,Sunday,6,303,Water View 303,water_view,329,369,520,49.0,75%,False,Original Gullah Festival,1.35,393.33,32.2,"6d out, occ 75% ≥ 65% → rack | Events: Original Gullah Festival (×1.35)"
2026-05-24,Sunday,6,304,Water View 304,water_view,319,359,505,49.0,75%,False,Original Gullah Festival,1.35,393.33,28.4,"6d out, occ 75% ≥ 65% → rack | Events: Original Gullah Festival (×1.35)"
2026-05-24,Sunday,6,305,Water View 305,water_view,329,369,520,49.0,75%,False,Original Gullah Festival,1.35,393.33,32.2,"6d out, occ 75% ≥ 65% → rack | Events: Original Gullah Festival (×1.35)"
2026-05-24,Sunday,6,101,Garden Room 101,garden,269,299,420,47.9,75%,False,Original Gullah Festival,1.35,393.33,6.8,"6d out, occ 75% ≥ 65% → rack | Events: Original Gullah Festival (×1.35)"
2026-05-24,Sunday,6,102,Garden Room 102,garden,269,299,420,47.9,75%,False,Original Gullah Festival,1.35,393.33,6.8,"6d out, occ 75% ≥ 65% → rack | Events: Original Gullah Festival (×1.35)"
2026-05-24,Sunday,6,103,Garden Room 103,garden,279,299,430,48.8,75%,False,Original Gullah Festival,1.35,393.33,9.3,"6d out, occ 75% ≥ 65% → rack | Events: Original Gullah Festival (×1.35)"
2026-05-24,Sunday,6,104,Garden Room 104,garden,269,289,415,48.7,75%,False,Original Gullah Festival,1.35,393.33,5.5,"6d out, occ 75% ≥ 65% → rack | Events: Original Gullah Festival (×1.35)"
2026-05-24,Sunday,6,cottage,Private Cottage,cottage,489,549,770,48.4,75%,False,Original Gullah Festival,1.35,393.33,95.8,"6d out, occ 75% ≥ 65% → rack | Events: Original Gullah Festival (×1.35)"
2026-05-25,Monday,7,201,Waterfront 201,waterfront,389,459,630,48.6,75%,False,Original Gullah Festival,1.35,389.17,61.9,"7d out, occ 75% ≥ 70% → rack | Events: Original Gullah Festival (×1.35)"
2026-05-25,Monday,7,202,Waterfront 202,waterfront,389,459,630,48.6,75%,False,Original Gullah Festival,1.35,389.17,61.9,"7d out, occ 75% ≥ 70% → rack | Events: Original Gullah Festival (×1.35)"
2026-05-25,Monday,7,203,Waterfront 203,waterfront,399,459,635,48.0,75%,False,Original Gullah Festival,1.35,389.17,63.2,"7d out, occ 75% ≥ 70% → rack | Events: Original Gullah Festival (×1.35)"
2026-05-25,Monday,7,204,Waterfront 204,waterfront,409,459,645,48.6,75%,False,Original Gullah Festival,1.35,389.17,65.7,"7d out, occ 75% ≥ 70% → rack | Events: Original Gullah Festival (×1.35)"
2026-05-25,Monday,7,301,Water View 301,water_view,319,369,510,48.3,75%,False,Original Gullah Festival,1.35,389.17,31.0,"7d out, occ 75% ≥ 70% → rack | Events: Original Gullah Festival (×1.35)"
2026-05-25,Monday,7,302,Water View 302,water_view,319,369,510,48.3,75%,False,Original Gullah Festival,1.35,389.17,31.0,"7d out, occ 75% ≥ 70% → rack | Events: Original Gullah Festival (×1.35)"
2026-05-25,Monday,7,303,Water View 303,water_view,329,369,520,49.0,75%,False,Original Gullah Festival,1.35,389.17,33.6,"7d out, occ 75% ≥ 70% → rack | Events: Original Gullah Festival (×1.35)"
2026-05-25,Monday,7,304,Water View 304,water_view,319,359,505,49.0,75%,False,Original Gullah Festival,1.35,389.17,29.8,"7d out, occ 75% ≥ 70% → rack | Events: Original Gullah Festival (×1.35)"
2026-05-25,Monday,7,305,Water View 305,water_view,329,369,520,49.0,75%,False,Original Gullah Festival,1.35,389.17,33.6,"7d out, occ 75% ≥ 70% → rack | Events: Original Gullah Festival (×1.35)"
2026-05-25,Monday,7,101,Garden Room 101,garden,269,299,420,47.9,75%,False,Original Gullah Festival,1.35,389.17,7.9,"7d out, occ 75% ≥ 70% → rack | Events: Original Gullah Festival (×1.35)"
2026-05-25,Monday,7,102,Garden Room 102,garden,269,299,420,47.9,75%,False,Original Gullah Festival,1.35,389.17,7.9,"7d out, occ 75% ≥ 70% → rack | Events: Original Gullah Festival (×1.35)"
2026-05-25,Monday,7,103,Garden Room 103,garden,279,299,430,48.8,75%,False,Original Gullah Festival,1.35,389.17,10.5,"7d out, occ 75% ≥ 70% → rack | Events: Original Gullah Festival (×1.35)"
2026-05-25,Monday,7,104,Garden Room 104,garden,269,289,415,48.7,75%,False,Original Gullah Festival,1.35,389.17,6.6,"7d out, occ 75% ≥ 70% → rack | Events: Original Gullah Festival (×1.35)"
2026-05-25,Monday,7,cottage,Private Cottage,cottage,489,549,770,48.4,75%,False,Original Gullah Festival,1.35,389.17,97.9,"7d out, occ 75% ≥ 70% → rack | Events: Original Gullah Festival (×1.35)"
2026-05-26,Tuesday,8,201,Waterfront 201,waterfront,389,459,630,48.6,75%,False,Original Gullah Festival,1.35,385.83,63.3,"8d out, occ 75% ≥ 70% → rack | Events: Original Gullah Festival (×1.35)"
2026-05-26,Tuesday,8,202,Waterfront 202,waterfront,389,459,630,48.6,75%,False,Original Gullah Festival,1.35,385.83,63.3,"8d out, occ 75% ≥ 70% → rack | Events: Original Gullah Festival (×1.35)"
2026-05-26,Tuesday,8,203,Waterfront 203,waterfront,399,459,635,48.0,75%,False,Original Gullah Festival,1.35,385.83,64.6,"8d out, occ 75% ≥ 70% → rack | Events: Original Gullah Festival (×1.35)"
2026-05-26,Tuesday,8,204,Waterfront 204,waterfront,409,459,645,48.6,75%,False,Original Gullah Festival,1.35,385.83,67.2,"8d out, occ 75% ≥ 70% → rack | Events: Original Gullah Festival (×1.35)"
2026-05-26,Tuesday,8,301,Water View 301,water_view,319,369,510,48.3,75%,False,Original Gullah Festival,1.35,385.83,32.2,"8d out, occ 75% ≥ 70% → rack | Events: Original Gullah Festival (×1.35)"
2026-05-26,Tuesday,8,302,Water View 302,water_view,319,369,510,48.3,75%,False,Original Gullah Festival,1.35,385.83,32.2,"8d out, occ 75% ≥ 70% → rack | Events: Original Gullah Festival (×1.35)"
2026-05-26,Tuesday,8,303,Water View 303,water_view,329,369,520,49.0,75%,False,Original Gullah Festival,1.35,385.83,34.8,"8d out, occ 75% ≥ 70% → rack | Events: Original Gullah Festival (×1.35)"
2026-05-26,Tuesday,8,304,Water View 304,water_view,319,359,505,49.0,75%,False,Original Gullah Festival,1.35,385.83,30.9,"8d out, occ 75% ≥ 70% → rack | Events: Original Gullah Festival (×1.35)"
2026-05-26,Tuesday,8,305,Water View 305,water_view,329,369,520,49.0,75%,False,Original Gullah Festival,1.35,385.83,34.8,"8d out, occ 75% ≥ 70% → rack | Events: Original Gullah Festival (×1.35)"
2026-05-26,Tuesday,8,101,Garden Room 101,garden,269,299,420,47.9,75%,False,Original Gullah Festival,1.35,385.83,8.9,"8d out, occ 75% ≥ 70% → rack | Events: Original Gullah Festival (×1.35)"
2026-05-26,Tuesday,8,102,Garden Room 102,garden,269,299,420,47.9,75%,False,Original Gullah Festival,1.35,385.83,8.9,"8d out, occ 75% ≥ 70% → rack | Events: Original Gullah Festival (×1.35)"
2026-05-26,Tuesday,8,103,Garden Room 103,garden,279,299,430,48.8,75%,False,Original Gullah Festival,1.35,385.83,11.4,"8d out, occ 75% ≥ 70% → rack | Events: Original Gullah Festival (×1.35)"
2026-05-26,Tuesday,8,104,Garden Room 104,garden,269,289,415,48.7,75%,False,Original Gullah Festival,1.35,385.83,7.6,"8d out, occ 75% ≥ 70% → rack | Events: Original Gullah Festival (×1.35)"
2026-05-26,Tuesday,8,cottage,Private Cottage,cottage,489,549,770,48.4,75%,False,Original Gullah Festival,1.35,385.83,99.6,"8d out, occ 75% ≥ 70% → rack | Events: Original Gullah Festival (×1.35)"
2026-05-27,Wednesday,9,201,Waterfront 201,waterfront,389,459,465,9.7,75%,False,,1.0,310.83,49.6,"9d out, occ 75% ≥ 70% → rack"
2026-05-27,Wednesday,9,202,Waterfront 202,waterfront,389,459,465,9.7,75%,False,,1.0,310.83,49.6,"9d out, occ 75% ≥ 70% → rack"
2026-05-27,Wednesday,9,203,Waterfront 203,waterfront,399,459,470,9.6,75%,False,,1.0,310.83,51.2,"9d out, occ 75% ≥ 70% → rack"
2026-05-27,Wednesday,9,204,Waterfront 204,waterfront,409,459,475,9.4,75%,False,,1.0,310.83,52.8,"9d out, occ 75% ≥ 70% → rack"
2026-05-27,Wednesday,9,301,Water View 301,water_view,319,369,380,10.5,75%,False,,1.0,310.83,22.3,"9d out, occ 75% ≥ 70% → rack"
2026-05-27,Wednesday,9,302,Water View 302,water_view,319,369,380,10.5,75%,False,,1.0,310.83,22.3,"9d out, occ 75% ≥ 70% → rack"
2026-05-27,Wednesday,9,303,Water View 303,water_view,329,369,385,10.3,75%,False,,1.0,310.83,23.9,"9d out, occ 75% ≥ 70% → rack"
2026-05-27,Wednesday,9,304,Water View 304,water_view,319,359,375,10.6,75%,False,,1.0,310.83,20.6,"9d out, occ 75% ≥ 70% → rack"
2026-05-27,Wednesday,9,305,Water View 305,water_view,329,369,385,10.3,75%,False,,1.0,310.83,23.9,"9d out, occ 75% ≥ 70% → rack"
2026-05-27,Wednesday,9,101,Garden Room 101,garden,269,299,310,9.2,75%,False,,1.0,310.83,-0.3,"9d out, occ 75% ≥ 70% → rack"
2026-05-27,Wednesday,9,102,Garden Room 102,garden,269,299,310,9.2,75%,False,,1.0,310.83,-0.3,"9d out, occ 75% ≥ 70% → rack"
2026-05-27,Wednesday,9,103,Garden Room 103,garden,279,299,320,10.7,75%,False,,1.0,310.83,2.9,"9d out, occ 75% ≥ 70% → rack"
2026-05-27,Wednesday,9,104,Garden Room 104,garden,269,289,305,9.3,75%,False,,1.0,310.83,-1.9,"9d out, occ 75% ≥ 70% → rack"
2026-05-27,Wednesday,9,cottage,Private Cottage,cottage,489,549,570,9.8,75%,False,,1.0,310.83,83.4,"9d out, occ 75% ≥ 70% → rack"
2026-05-28,Thursday,10,201,Waterfront 201,waterfront,389,459,465,9.7,75%,False,,1.0,310.0,50.0,"10d out, occ 75% ≥ 70% → rack"
2026-05-28,Thursday,10,202,Waterfront 202,waterfront,389,459,465,9.7,75%,False,,1.0,310.0,50.0,"10d out, occ 75% ≥ 70% → rack"
2026-05-28,Thursday,10,203,Waterfront 203,waterfront,399,459,470,9.6,75%,False,,1.0,310.0,51.6,"10d out, occ 75% ≥ 70% → rack"
2026-05-28,Thursday,10,204,Waterfront 204,waterfront,409,459,475,9.4,75%,False,,1.0,310.0,53.2,"10d out, occ 75% ≥ 70% → rack"
2026-05-28,Thursday,10,301,Water View 301,water_view,319,369,380,10.5,75%,False,,1.0,310.0,22.6,"10d out, occ 75% ≥ 70% → rack"
2026-05-28,Thursday,10,302,Water View 302,water_view,319,369,380,10.5,75%,False,,1.0,310.0,22.6,"10d out, occ 75% ≥ 70% → rack"
2026-05-28,Thursday,10,303,Water View 303,water_view,329,369,385,10.3,75%,False,,1.0,310.0,24.2,"10d out, occ 75% ≥ 70% → rack"
2026-05-28,Thursday,10,304,Water View 304,water_view,319,359,375,10.6,75%,False,,1.0,310.0,21.0,"10d out, occ 75% ≥ 70% → rack"
2026-05-28,Thursday,10,305,Water View 305,water_view,329,369,385,10.3,75%,False,,1.0,310.0,24.2,"10d out, occ 75% ≥ 70% → rack"
2026-05-28,Thursday,10,101,Garden Room 101,garden,269,299,310,9.2,75%,False,,1.0,310.0,0.0,"10d out, occ 75% ≥ 70% → rack"
2026-05-28,Thursday,10,102,Garden Room 102,garden,269,299,310,9.2,75%,False,,1.0,310.0,0.0,"10d out, occ 75% ≥ 70% → rack"
2026-05-28,Thursday,10,103,Garden Room 103,garden,279,299,320,10.7,75%,False,,1.0,310.0,3.2,"10d out, occ 75% ≥ 70% → rack"
2026-05-28,Thursday,10,104,Garden Room 104,garden,269,289,305,9.3,75%,False,,1.0,310.0,-1.6,"10d out, occ 75% ≥ 70% → rack"
2026-05-28,Thursday,10,cottage,Private Cottage,cottage,489,549,570,9.8,75%,False,,1.0,310.0,83.9,"10d out, occ 75% ≥ 70% → rack"
2026-05-29,Friday,11,201,Waterfront 201,waterfront,389,459,535,26.2,75%,True,,1.0,354.17,51.1,"11d out, occ 75% ≥ 70% → rack | Weekend +15% (Fri/Sat)"
2026-05-29,Friday,11,202,Waterfront 202,waterfront,389,459,535,26.2,75%,True,,1.0,354.17,51.1,"11d out, occ 75% ≥ 70% → rack | Weekend +15% (Fri/Sat)"
2026-05-29,Friday,11,203,Waterfront 203,waterfront,399,459,545,27.0,75%,True,,1.0,354.17,53.9,"11d out, occ 75% ≥ 70% → rack | Weekend +15% (Fri/Sat)"
2026-05-29,Friday,11,204,Waterfront 204,waterfront,409,459,550,26.7,75%,True,,1.0,354.17,55.3,"11d out, occ 75% ≥ 70% → rack | Weekend +15% (Fri/Sat)"
2026-05-29,Friday,11,301,Water View 301,water_view,319,369,435,26.5,75%,True,,1.0,354.17,22.8,"11d out, occ 75% ≥ 70% → rack | Weekend +15% (Fri/Sat)"
2026-05-29,Friday,11,302,Water View 302,water_view,319,369,435,26.5,75%,True,,1.0,354.17,22.8,"11d out, occ 75% ≥ 70% → rack | Weekend +15% (Fri/Sat)"
2026-05-29,Friday,11,303,Water View 303,water_view,329,369,440,26.1,75%,True,,1.0,354.17,24.2,"11d out, occ 75% ≥ 70% → rack | Weekend +15% (Fri/Sat)"
2026-05-29,Friday,11,304,Water View 304,water_view,319,359,430,26.8,75%,True,,1.0,354.17,21.4,"11d out, occ 75% ≥ 70% → rack | Weekend +15% (Fri/Sat)"
2026-05-29,Friday,11,305,Water View 305,water_view,329,369,440,26.1,75%,True,,1.0,354.17,24.2,"11d out, occ 75% ≥ 70% → rack | Weekend +15% (Fri/Sat)"
2026-05-29,Friday,11,101,Garden Room 101,garden,269,299,360,26.8,75%,True,,1.0,354.17,1.6,"11d out, occ 75% ≥ 70% → rack | Weekend +15% (Fri/Sat)"
2026-05-29,Friday,11,102,Garden Room 102,garden,269,299,360,26.8,75%,True,,1.0,354.17,1.6,"11d out, occ 75% ≥ 70% → rack | Weekend +15% (Fri/Sat)"
2026-05-29,Friday,11,103,Garden Room 103,garden,279,299,365,26.3,75%,True,,1.0,354.17,3.1,"11d out, occ 75% ≥ 70% → rack | Weekend +15% (Fri/Sat)"
2026-05-29,Friday,11,104,Garden Room 104,garden,269,289,355,27.2,75%,True,,1.0,354.17,0.2,"11d out, occ 75% ≥ 70% → rack | Weekend +15% (Fri/Sat)"
2026-05-29,Friday,11,cottage,Private Cottage,cottage,489,549,655,26.2,75%,True,,1.0,354.17,84.9,"11d out, occ 75% ≥ 70% → rack | Weekend +15% (Fri/Sat)"
2026-05-30,Saturday,12,201,Waterfront 201,waterfront,389,459,580,36.8,75%,True,Downtown Farmers Market,1.08,354.17,63.8,"12d out, occ 75% ≥ 70% → rack | Events: Downtown Farmers Market (×1.08) | Weekend +15% (Fri/Sat)"
2026-05-30,Saturday,12,202,Waterfront 202,waterfront,389,459,580,36.8,75%,True,Downtown Farmers Market,1.08,354.17,63.8,"12d out, occ 75% ≥ 70% → rack | Events: Downtown Farmers Market (×1.08) | Weekend +15% (Fri/Sat)"
2026-05-30,Saturday,12,203,Waterfront 203,waterfront,399,459,585,36.4,75%,True,Downtown Farmers Market,1.08,354.17,65.2,"12d out, occ 75% ≥ 70% → rack | Events: Downtown Farmers Market (×1.08) | Weekend +15% (Fri/Sat)"
2026-05-30,Saturday,12,204,Waterfront 204,waterfront,409,459,595,37.1,75%,True,Downtown Farmers Market,1.08,354.17,68.0,"12d out, occ 75% ≥ 70% → rack | Events: Downtown Farmers Market (×1.08) | Weekend +15% (Fri/Sat)"
2026-05-30,Saturday,12,301,Water View 301,water_view,319,369,470,36.6,75%,True,Downtown Farmers Market,1.08,354.17,32.7,"12d out, occ 75% ≥ 70% → rack | Events: Downtown Farmers Market (×1.08) | Weekend +15% (Fri/Sat)"
2026-05-30,Saturday,12,302,Water View 302,water_view,319,369,470,36.6,75%,True,Downtown Farmers Market,1.08,354.17,32.7,"12d out, occ 75% ≥ 70% → rack | Events: Downtown Farmers Market (×1.08) | Weekend +15% (Fri/Sat)"
2026-05-30,Saturday,12,303,Water View 303,water_view,329,369,475,36.1,75%,True,Downtown Farmers Market,1.08,354.17,34.1,"12d out, occ 75% ≥ 70% → rack | Events: Downtown Farmers Market (×1.08) | Weekend +15% (Fri/Sat)"
2026-05-30,Saturday,12,304,Water View 304,water_view,319,359,465,37.2,75%,True,Downtown Farmers Market,1.08,354.17,31.3,"12d out, occ 75% ≥ 70% → rack | Events: Downtown Farmers Market (×1.08) | Weekend +15% (Fri/Sat)"
2026-05-30,Saturday,12,305,Water View 305,water_view,329,369,475,36.1,75%,True,Downtown Farmers Market,1.08,354.17,34.1,"12d out, occ 75% ≥ 70% → rack | Events: Downtown Farmers Market (×1.08) | Weekend +15% (Fri/Sat)"
2026-05-30,Saturday,12,101,Garden Room 101,garden,269,299,390,37.3,75%,True,Downtown Farmers Market,1.08,354.17,10.1,"12d out, occ 75% ≥ 70% → rack | Events: Downtown Farmers Market (×1.08) | Weekend +15% (Fri/Sat)"
2026-05-30,Saturday,12,102,Garden Room 102,garden,269,299,390,37.3,75%,True,Downtown Farmers Market,1.08,354.17,10.1,"12d out, occ 75% ≥ 70% → rack | Events: Downtown Farmers Market (×1.08) | Weekend +15% (Fri/Sat)"
2026-05-30,Saturday,12,103,Garden Room 103,garden,279,299,395,36.7,75%,True,Downtown Farmers Market,1.08,354.17,11.5,"12d out, occ 75% ≥ 70% → rack | Events: Downtown Farmers Market (×1.08) | Weekend +15% (Fri/Sat)"
2026-05-30,Saturday,12,104,Garden Room 104,garden,269,289,380,36.2,75%,True,Downtown Farmers Market,1.08,354.17,7.3,"12d out, occ 75% ≥ 70% → rack | Events: Downtown Farmers Market (×1.08) | Weekend +15% (Fri/Sat)"
2026-05-30,Saturday,12,cottage,Private Cottage,cottage,489,549,710,36.8,75%,True,Downtown Farmers Market,1.08,354.17,100.5,"12d out, occ 75% ≥ 70% → rack | Events: Downtown Farmers Market (×1.08) | Weekend +15% (Fri/Sat)"
2026-05-31,Sunday,13,201,Waterfront 201,waterfront,389,459,465,9.7,75%,False,,1.0,310.83,49.6,"13d out, occ 75% ≥ 70% → rack"
2026-05-31,Sunday,13,202,Waterfront 202,waterfront,389,459,465,9.7,75%,False,,1.0,310.83,49.6,"13d out, occ 75% ≥ 70% → rack"
2026-05-31,Sunday,13,203,Waterfront 203,waterfront,399,459,470,9.6,75%,False,,1.0,310.83,51.2,"13d out, occ 75% ≥ 70% → rack"
2026-05-31,Sunday,13,204,Waterfront 204,waterfront,409,459,475,9.4,75%,False,,1.0,310.83,52.8,"13d out, occ 75% ≥ 70% → rack"
2026-05-31,Sunday,13,301,Water View 301,water_view,319,369,380,10.5,75%,False,,1.0,310.83,22.3,"13d out, occ 75% ≥ 70% → rack"
2026-05-31,Sunday,13,302,Water View 302,water_view,319,369,380,10.5,75%,False,,1.0,310.83,22.3,"13d out, occ 75% ≥ 70% → rack"
2026-05-31,Sunday,13,303,Water View 303,water_view,329,369,385,10.3,75%,False,,1.0,310.83,23.9,"13d out, occ 75% ≥ 70% → rack"
2026-05-31,Sunday,13,304,Water View 304,water_view,319,359,375,10.6,75%,False,,1.0,310.83,20.6,"13d out, occ 75% ≥ 70% → rack"
2026-05-31,Sunday,13,305,Water View 305,water_view,329,369,385,10.3,75%,False,,1.0,310.83,23.9,"13d out, occ 75% ≥ 70% → rack"
2026-05-31,Sunday,13,101,Garden Room 101,garden,269,299,310,9.2,75%,False,,1.0,310.83,-0.3,"13d out, occ 75% ≥ 70% → rack"
2026-05-31,Sunday,13,102,Garden Room 102,garden,269,299,310,9.2,75%,False,,1.0,310.83,-0.3,"13d out, occ 75% ≥ 70% → rack"
2026-05-31,Sunday,13,103,Garden Room 103,garden,279,299,320,10.7,75%,False,,1.0,310.83,2.9,"13d out, occ 75% ≥ 70% → rack"
2026-05-31,Sunday,13,104,Garden Room 104,garden,269,289,305,9.3,75%,False,,1.0,310.83,-1.9,"13d out, occ 75% ≥ 70% → rack"
2026-05-31,Sunday,13,cottage,Private Cottage,cottage,489,549,570,9.8,75%,False,,1.0,310.83,83.4,"13d out, occ 75% ≥ 70% → rack"
2026-06-01,Monday,14,201,Waterfront 201,waterfront,389,459,455,7.3,75%,False,,1.0,304.17,49.6,"14d out, occ 75% ≥ 70% → rack"
2026-06-01,Monday,14,202,Waterfront 202,waterfront,389,459,455,7.3,75%,False,,1.0,304.17,49.6,"14d out, occ 75% ≥ 70% → rack"
2026-06-01,Monday,14,203,Waterfront 203,waterfront,399,459,460,7.2,75%,False,,1.0,304.17,51.2,"14d out, occ 75% ≥ 70% → rack"
2026-06-01,Monday,14,204,Waterfront 204,waterfront,409,459,465,7.1,75%,False,,1.0,304.17,52.9,"14d out, occ 75% ≥ 70% → rack"
2026-06-01,Monday,14,301,Water View 301,water_view,319,369,370,7.6,75%,False,,1.0,304.17,21.6,"14d out, occ 75% ≥ 70% → rack"
2026-06-01,Monday,14,302,Water View 302,water_view,319,369,370,7.6,75%,False,,1.0,304.17,21.6,"14d out, occ 75% ≥ 70% → rack"
2026-06-01,Monday,14,303,Water View 303,water_view,329,369,375,7.4,75%,False,,1.0,304.17,23.3,"14d out, occ 75% ≥ 70% → rack"
2026-06-01,Monday,14,304,Water View 304,water_view,319,359,365,7.7,75%,False,,1.0,304.17,20.0,"14d out, occ 75% ≥ 70% → rack"
2026-06-01,Monday,14,305,Water View 305,water_view,329,369,375,7.4,75%,False,,1.0,304.17,23.3,"14d out, occ 75% ≥ 70% → rack"
2026-06-01,Monday,14,101,Garden Room 101,garden,269,299,305,7.4,75%,False,,1.0,304.17,0.3,"14d out, occ 75% ≥ 70% → rack"
2026-06-01,Monday,14,102,Garden Room 102,garden,269,299,305,7.4,75%,False,,1.0,304.17,0.3,"14d out, occ 75% ≥ 70% → rack"
2026-06-01,Monday,14,103,Garden Room 103,garden,279,299,310,7.3,75%,False,,1.0,304.17,1.9,"14d out, occ 75% ≥ 70% → rack"
2026-06-01,Monday,14,104,Garden Room 104,garden,269,289,300,7.5,75%,False,,1.0,304.17,-1.4,"14d out, occ 75% ≥ 70% → rack"
2026-06-01,Monday,14,cottage,Private Cottage,cottage,489,549,555,6.9,75%,False,,1.0,304.17,82.5,"14d out, occ 75% ≥ 70% → rack"
2026-06-02,Tuesday,15,201,Waterfront 201,waterfront,389,459,455,7.3,75%,False,,1.0,305.0,49.2,"15d out, occ 75% ≥ 70% → rack"
2026-06-02,Tuesday,15,202,Waterfront 202,waterfront,389,459,455,7.3,75%,False,,1.0,305.0,49.2,"15d out, occ 75% ≥ 70% → rack"
2026-06-02,Tuesday,15,203,Waterfront 203,waterfront,399,459,460,7.2,75%,False,,1.0,305.0,50.8,"15d out, occ 75% ≥ 70% → rack"
2026-06-02,Tuesday,15,204,Waterfront 204,waterfront,409,459,465,7.1,75%,False,,1.0,305.0,52.5,"15d out, occ 75% ≥ 70% → rack"
2026-06-02,Tuesday,15,301,Water View 301,water_view,319,369,370,7.6,75%,False,,1.0,305.0,21.3,"15d out, occ 75% ≥ 70% → rack"
2026-06-02,Tuesday,15,302,Water View 302,water_view,319,369,370,7.6,75%,False,,1.0,305.0,21.3,"15d out, occ 75% ≥ 70% → rack"
2026-06-02,Tuesday,15,303,Water View 303,water_view,329,369,375,7.4,75%,False,,1.0,305.0,23.0,"15d out, occ 75% ≥ 70% → rack"
2026-06-02,Tuesday,15,304,Water View 304,water_view,319,359,365,7.7,75%,False,,1.0,305.0,19.7,"15d out, occ 75% ≥ 70% → rack"
2026-06-02,Tuesday,15,305,Water View 305,water_view,329,369,375,7.4,75%,False,,1.0,305.0,23.0,"15d out, occ 75% ≥ 70% → rack"
2026-06-02,Tuesday,15,101,Garden Room 101,garden,269,299,305,7.4,75%,False,,1.0,305.0,0.0,"15d out, occ 75% ≥ 70% → rack"
2026-06-02,Tuesday,15,102,Garden Room 102,garden,269,299,305,7.4,75%,False,,1.0,305.0,0.0,"15d out, occ 75% ≥ 70% → rack"
2026-06-02,Tuesday,15,103,Garden Room 103,garden,279,299,310,7.3,75%,False,,1.0,305.0,1.6,"15d out, occ 75% ≥ 70% → rack"
2026-06-02,Tuesday,15,104,Garden Room 104,garden,269,289,300,7.5,75%,False,,1.0,305.0,-1.6,"15d out, occ 75% ≥ 70% → rack"
2026-06-02,Tuesday,15,cottage,Private Cottage,cottage,489,549,555,6.9,75%,False,,1.0,305.0,82.0,"15d out, occ 75% ≥ 70% → rack"
2026-06-03,Wednesday,16,201,Waterfront 201,waterfront,389,459,455,7.3,75%,False,,1.0,305.83,48.8,"16d out, occ 75% ≥ 70% → rack"
2026-06-03,Wednesday,16,202,Waterfront 202,waterfront,389,459,455,7.3,75%,False,,1.0,305.83,48.8,"16d out, occ 75% ≥ 70% → rack"
2026-06-03,Wednesday,16,203,Waterfront 203,waterfront,399,459,460,7.2,75%,False,,1.0,305.83,50.4,"16d out, occ 75% ≥ 70% → rack"
2026-06-03,Wednesday,16,204,Waterfront 204,waterfront,409,459,465,7.1,75%,False,,1.0,305.83,52.0,"16d out, occ 75% ≥ 70% → rack"
2026-06-03,Wednesday,16,301,Water View 301,water_view,319,369,370,7.6,75%,False,,1.0,305.83,21.0,"16d out, occ 75% ≥ 70% → rack"
2026-06-03,Wednesday,16,302,Water View 302,water_view,319,369,370,7.6,75%,False,,1.0,305.83,21.0,"16d out, occ 75% ≥ 70% → rack"
2026-06-03,Wednesday,16,303,Water View 303,water_view,329,369,375,7.4,75%,False,,1.0,305.83,22.6,"16d out, occ 75% ≥ 70% → rack"
2026-06-03,Wednesday,16,304,Water View 304,water_view,319,359,365,7.7,75%,False,,1.0,305.83,19.3,"16d out, occ 75% ≥ 70% → rack"
2026-06-03,Wednesday,16,305,Water View 305,water_view,329,369,375,7.4,75%,False,,1.0,305.83,22.6,"16d out, occ 75% ≥ 70% → rack"
2026-06-03,Wednesday,16,101,Garden Room 101,garden,269,299,305,7.4,75%,False,,1.0,305.83,-0.3,"16d out, occ 75% ≥ 70% → rack"
2026-06-03,Wednesday,16,102,Garden Room 102,garden,269,299,305,7.4,75%,False,,1.0,305.83,-0.3,"16d out, occ 75% ≥ 70% → rack"
2026-06-03,Wednesday,16,103,Garden Room 103,garden,279,299,310,7.3,75%,False,,1.0,305.83,1.4,"16d out, occ 75% ≥ 70% → rack"
2026-06-03,Wednesday,16,104,Garden Room 104,garden,269,289,300,7.5,75%,False,,1.0,305.83,-1.9,"16d out, occ 75% ≥ 70% → rack"
2026-06-03,Wednesday,16,cottage,Private Cottage,cottage,489,549,555,6.9,75%,False,,1.0,305.83,81.5,"16d out, occ 75% ≥ 70% → rack"
2026-06-04,Thursday,17,201,Waterfront 201,waterfront,389,459,455,7.3,75%,False,,1.0,304.17,49.6,"17d out, occ 75% ≥ 70% → rack"
2026-06-04,Thursday,17,202,Waterfront 202,waterfront,389,459,455,7.3,75%,False,,1.0,304.17,49.6,"17d out, occ 75% ≥ 70% → rack"
2026-06-04,Thursday,17,203,Waterfront 203,waterfront,399,459,460,7.2,75%,False,,1.0,304.17,51.2,"17d out, occ 75% ≥ 70% → rack"
2026-06-04,Thursday,17,204,Waterfront 204,waterfront,409,459,465,7.1,75%,False,,1.0,304.17,52.9,"17d out, occ 75% ≥ 70% → rack"
2026-06-04,Thursday,17,301,Water View 301,water_view,319,369,370,7.6,75%,False,,1.0,304.17,21.6,"17d out, occ 75% ≥ 70% → rack"
2026-06-04,Thursday,17,302,Water View 302,water_view,319,369,370,7.6,75%,False,,1.0,304.17,21.6,"17d out, occ 75% ≥ 70% → rack"
2026-06-04,Thursday,17,303,Water View 303,water_view,329,369,375,7.4,75%,False,,1.0,304.17,23.3,"17d out, occ 75% ≥ 70% → rack"
2026-06-04,Thursday,17,304,Water View 304,water_view,319,359,365,7.7,75%,False,,1.0,304.17,20.0,"17d out, occ 75% ≥ 70% → rack"
2026-06-04,Thursday,17,305,Water View 305,water_view,329,369,375,7.4,75%,False,,1.0,304.17,23.3,"17d out, occ 75% ≥ 70% → rack"
2026-06-04,Thursday,17,101,Garden Room 101,garden,269,299,305,7.4,75%,False,,1.0,304.17,0.3,"17d out, occ 75% ≥ 70% → rack"
2026-06-04,Thursday,17,102,Garden Room 102,garden,269,299,305,7.4,75%,False,,1.0,304.17,0.3,"17d out, occ 75% ≥ 70% → rack"
2026-06-04,Thursday,17,103,Garden Room 103,garden,279,299,310,7.3,75%,False,,1.0,304.17,1.9,"17d out, occ 75% ≥ 70% → rack"
2026-06-04,Thursday,17,104,Garden Room 104,garden,269,289,300,7.5,75%,False,,1.0,304.17,-1.4,"17d out, occ 75% ≥ 70% → rack"
2026-06-04,Thursday,17,cottage,Private Cottage,cottage,489,549,555,6.9,75%,False,,1.0,304.17,82.5,"17d out, occ 75% ≥ 70% → rack"
2026-06-05,Friday,18,201,Waterfront 201,waterfront,389,459,625,47.4,75%,True,First Friday Art Walk; Parris Island USMC Graduation,1.2,349.17,79.0,"18d out, occ 75% ≥ 70% → rack | Events: First Friday Art Walk, Parris Island USMC Graduation (×1.20) | Weekend +15% (Fri/Sat)"
2026-06-05,Friday,18,202,Waterfront 202,waterfront,389,459,625,47.4,75%,True,First Friday Art Walk; Parris Island USMC Graduation,1.2,349.17,79.0,"18d out, occ 75% ≥ 70% → rack | Events: First Friday Art Walk, Parris Island USMC Graduation (×1.20) | Weekend +15% (Fri/Sat)"
2026-06-05,Friday,18,203,Waterfront 203,waterfront,399,459,635,48.0,75%,True,First Friday Art Walk; Parris Island USMC Graduation,1.2,349.17,81.9,"18d out, occ 75% ≥ 70% → rack | Events: First Friday Art Walk, Parris Island USMC Graduation (×1.20) | Weekend +15% (Fri/Sat)"
2026-06-05,Friday,18,204,Waterfront 204,waterfront,409,459,640,47.5,75%,True,First Friday Art Walk; Parris Island USMC Graduation,1.2,349.17,83.3,"18d out, occ 75% ≥ 70% → rack | Events: First Friday Art Walk, Parris Island USMC Graduation (×1.20) | Weekend +15% (Fri/Sat)"
2026-06-05,Friday,18,301,Water View 301,water_view,319,369,510,48.3,75%,True,First Friday Art Walk; Parris Island USMC Graduation,1.2,349.17,46.1,"18d out, occ 75% ≥ 70% → rack | Events: First Friday Art Walk, Parris Island USMC Graduation (×1.20) | Weekend +15% (Fri/Sat)"
2026-06-05,Friday,18,302,Water View 302,water_view,319,369,510,48.3,75%,True,First Friday Art Walk; Parris Island USMC Graduation,1.2,349.17,46.1,"18d out, occ 75% ≥ 70% → rack | Events: First Friday Art Walk, Parris Island USMC Graduation (×1.20) | Weekend +15% (Fri/Sat)"
2026-06-05,Friday,18,303,Water View 303,water_view,329,369,515,47.6,75%,True,First Friday Art Walk; Parris Island USMC Graduation,1.2,349.17,47.5,"18d out, occ 75% ≥ 70% → rack | Events: First Friday Art Walk, Parris Island USMC Graduation (×1.20) | Weekend +15% (Fri/Sat)"
2026-06-05,Friday,18,304,Water View 304,water_view,319,359,500,47.5,75%,True,First Friday Art Walk; Parris Island USMC Graduation,1.2,349.17,43.2,"18d out, occ 75% ≥ 70% → rack | Events: First Friday Art Walk, Parris Island USMC Graduation (×1.20) | Weekend +15% (Fri/Sat)"
2026-06-05,Friday,18,305,Water View 305,water_view,329,369,515,47.6,75%,True,First Friday Art Walk; Parris Island USMC Graduation,1.2,349.17,47.5,"18d out, occ 75% ≥ 70% → rack | Events: First Friday Art Walk, Parris Island USMC Graduation (×1.20) | Weekend +15% (Fri/Sat)"
2026-06-05,Friday,18,101,Garden Room 101,garden,269,299,420,47.9,75%,True,First Friday Art Walk; Parris Island USMC Graduation,1.2,349.17,20.3,"18d out, occ 75% ≥ 70% → rack | Events: First Friday Art Walk, Parris Island USMC Graduation (×1.20) | Weekend +15% (Fri/Sat)"
2026-06-05,Friday,18,102,Garden Room 102,garden,269,299,420,47.9,75%,True,First Friday Art Walk; Parris Island USMC Graduation,1.2,349.17,20.3,"18d out, occ 75% ≥ 70% → rack | Events: First Friday Art Walk, Parris Island USMC Graduation (×1.20) | Weekend +15% (Fri/Sat)"
2026-06-05,Friday,18,103,Garden Room 103,garden,279,299,425,47.1,75%,True,First Friday Art Walk; Parris Island USMC Graduation,1.2,349.17,21.7,"18d out, occ 75% ≥ 70% → rack | Events: First Friday Art Walk, Parris Island USMC Graduation (×1.20) | Weekend +15% (Fri/Sat)"
2026-06-05,Friday,18,104,Garden Room 104,garden,269,289,410,47.0,75%,True,First Friday Art Walk; Parris Island USMC Graduation,1.2,349.17,17.4,"18d out, occ 75% ≥ 70% → rack | Events: First Friday Art Walk, Parris Island USMC Graduation (×1.20) | Weekend +15% (Fri/Sat)"
2026-06-05,Friday,18,cottage,Private Cottage,cottage,489,549,765,47.4,75%,True,First Friday Art Walk; Parris Island USMC Graduation,1.2,349.17,119.1,"18d out, occ 75% ≥ 70% → rack | Events: First Friday Art Walk, Parris Island USMC Graduation (×1.20) | Weekend +15% (Fri/Sat)"
2026-06-06,Saturday,19,201,Waterfront 201,waterfront,389,459,565,33.3,75%,True,Downtown Farmers Market,1.08,349.17,61.8,"19d out, occ 75% ≥ 70% → rack | Events: Downtown Farmers Market (×1.08) | Weekend +15% (Fri/Sat)"
2026-06-06,Saturday,19,202,Waterfront 202,waterfront,389,459,565,33.3,75%,True,Downtown Farmers Market,1.08,349.17,61.8,"19d out, occ 75% ≥ 70% → rack | Events: Downtown Farmers Market (×1.08) | Weekend +15% (Fri/Sat)"
2026-06-06,Saturday,19,203,Waterfront 203,waterfront,399,459,570,32.9,75%,True,Downtown Farmers Market,1.08,349.17,63.2,"19d out, occ 75% ≥ 70% → rack | Events: Downtown Farmers Market (×1.08) | Weekend +15% (Fri/Sat)"
2026-06-06,Saturday,19,204,Waterfront 204,waterfront,409,459,575,32.5,75%,True,Downtown Farmers Market,1.08,349.17,64.7,"19d out, occ 75% ≥ 70% → rack | Events: Downtown Farmers Market (×1.08) | Weekend +15% (Fri/Sat)"
2026-06-06,Saturday,19,301,Water View 301,water_view,319,369,455,32.3,75%,True,Downtown Farmers Market,1.08,349.17,30.3,"19d out, occ 75% ≥ 70% → rack | Events: Downtown Farmers Market (×1.08) | Weekend +15% (Fri/Sat)"
2026-06-06,Saturday,19,302,Water View 302,water_view,319,369,455,32.3,75%,True,Downtown Farmers Market,1.08,349.17,30.3,"19d out, occ 75% ≥ 70% → rack | Events: Downtown Farmers Market (×1.08) | Weekend +15% (Fri/Sat)"
2026-06-06,Saturday,19,303,Water View 303,water_view,329,369,465,33.2,75%,True,Downtown Farmers Market,1.08,349.17,33.2,"19d out, occ 75% ≥ 70% → rack | Events: Downtown Farmers Market (×1.08) | Weekend +15% (Fri/Sat)"
2026-06-06,Saturday,19,304,Water View 304,water_view,319,359,450,32.7,75%,True,Downtown Farmers Market,1.08,349.17,28.9,"19d out, occ 75% ≥ 70% → rack | Events: Downtown Farmers Market (×1.08) | Weekend +15% (Fri/Sat)"
2026-06-06,Saturday,19,305,Water View 305,water_view,329,369,465,33.2,75%,True,Downtown Farmers Market,1.08,349.17,33.2,"19d out, occ 75% ≥ 70% → rack | Events: Downtown Farmers Market (×1.08) | Weekend +15% (Fri/Sat)"
2026-06-06,Saturday,19,101,Garden Room 101,garden,269,299,375,32.0,75%,True,Downtown Farmers Market,1.08,349.17,7.4,"19d out, occ 75% ≥ 70% → rack | Events: Downtown Farmers Market (×1.08) | Weekend +15% (Fri/Sat)"
2026-06-06,Saturday,19,102,Garden Room 102,garden,269,299,375,32.0,75%,True,Downtown Farmers Market,1.08,349.17,7.4,"19d out, occ 75% ≥ 70% → rack | Events: Downtown Farmers Market (×1.08) | Weekend +15% (Fri/Sat)"
2026-06-06,Saturday,19,103,Garden Room 103,garden,279,299,385,33.2,75%,True,Downtown Farmers Market,1.08,349.17,10.3,"19d out, occ 75% ≥ 70% → rack | Events: Downtown Farmers Market (×1.08) | Weekend +15% (Fri/Sat)"
2026-06-06,Saturday,19,104,Garden Room 104,garden,269,289,370,32.6,75%,True,Downtown Farmers Market,1.08,349.17,6.0,"19d out, occ 75% ≥ 70% → rack | Events: Downtown Farmers Market (×1.08) | Weekend +15% (Fri/Sat)"
2026-06-06,Saturday,19,cottage,Private Cottage,cottage,489,549,690,32.9,75%,True,Downtown Farmers Market,1.08,349.17,97.6,"19d out, occ 75% ≥ 70% → rack | Events: Downtown Farmers Market (×1.08) | Weekend +15% (Fri/Sat)"
2026-06-07,Sunday,20,201,Waterfront 201,waterfront,389,459,455,7.3,75%,False,,1.0,306.67,48.4,"20d out, occ 75% ≥ 70% → rack"
2026-06-07,Sunday,20,202,Waterfront 202,waterfront,389,459,455,7.3,75%,False,,1.0,306.67,48.4,"20d out, occ 75% ≥ 70% → rack"
2026-06-07,Sunday,20,203,Waterfront 203,waterfront,399,459,460,7.2,75%,False,,1.0,306.67,50.0,"20d out, occ 75% ≥ 70% → rack"
2026-06-07,Sunday,20,204,Waterfront 204,waterfront,409,459,465,7.1,75%,False,,1.0,306.67,51.6,"20d out, occ 75% ≥ 70% → rack"
2026-06-07,Sunday,20,301,Water View 301,water_view,319,369,370,7.6,75%,False,,1.0,306.67,20.7,"20d out, occ 75% ≥ 70% → rack"
2026-06-07,Sunday,20,302,Water View 302,water_view,319,369,370,7.6,75%,False,,1.0,306.67,20.7,"20d out, occ 75% ≥ 70% → rack"
2026-06-07,Sunday,20,303,Water View 303,water_view,329,369,375,7.4,75%,False,,1.0,306.67,22.3,"20d out, occ 75% ≥ 70% → rack"
2026-06-07,Sunday,20,304,Water View 304,water_view,319,359,365,7.7,75%,False,,1.0,306.67,19.0,"20d out, occ 75% ≥ 70% → rack"
2026-06-07,Sunday,20,305,Water View 305,water_view,329,369,375,7.4,75%,False,,1.0,306.67,22.3,"20d out, occ 75% ≥ 70% → rack"
2026-06-07,Sunday,20,101,Garden Room 101,garden,269,299,305,7.4,75%,False,,1.0,306.67,-0.5,"20d out, occ 75% ≥ 70% → rack"
2026-06-07,Sunday,20,102,Garden Room 102,garden,269,299,305,7.4,75%,False,,1.0,306.67,-0.5,"20d out, occ 75% ≥ 70% → rack"
2026-06-07,Sunday,20,103,Garden Room 103,garden,279,299,310,7.3,75%,False,,1.0,306.67,1.1,"20d out, occ 75% ≥ 70% → rack"
2026-06-07,Sunday,20,104,Garden Room 104,garden,269,289,300,7.5,75%,False,,1.0,306.67,-2.2,"20d out, occ 75% ≥ 70% → rack"
2026-06-07,Sunday,20,cottage,Private Cottage,cottage,489,549,555,6.9,75%,False,,1.0,306.67,81.0,"20d out, occ 75% ≥ 70% → rack"
2026-06-08,Monday,21,201,Waterfront 201,waterfront,389,459,455,7.3,75%,False,,1.0,303.33,50.0,"21d out, occ 75% ≥ 70% → rack"
2026-06-08,Monday,21,202,Waterfront 202,waterfront,389,459,455,7.3,75%,False,,1.0,303.33,50.0,"21d out, occ 75% ≥ 70% → rack"
2026-06-08,Monday,21,203,Waterfront 203,waterfront,399,459,460,7.2,75%,False,,1.0,303.33,51.6,"21d out, occ 75% ≥ 70% → rack"
2026-06-08,Monday,21,204,Waterfront 204,waterfront,409,459,465,7.1,75%,False,,1.0,303.33,53.3,"21d out, occ 75% ≥ 70% → rack"
2026-06-08,Monday,21,301,Water View 301,water_view,319,369,370,7.6,75%,False,,1.0,303.33,22.0,"21d out, occ 75% ≥ 70% → rack"
2026-06-08,Monday,21,302,Water View 302,water_view,319,369,370,7.6,75%,False,,1.0,303.33,22.0,"21d out, occ 75% ≥ 70% → rack"
2026-06-08,Monday,21,303,Water View 303,water_view,329,369,375,7.4,75%,False,,1.0,303.33,23.6,"21d out, occ 75% ≥ 70% → rack"
2026-06-08,Monday,21,304,Water View 304,water_view,319,359,365,7.7,75%,False,,1.0,303.33,20.3,"21d out, occ 75% ≥ 70% → rack"
2026-06-08,Monday,21,305,Water View 305,water_view,329,369,375,7.4,75%,False,,1.0,303.33,23.6,"21d out, occ 75% ≥ 70% → rack"
2026-06-08,Monday,21,101,Garden Room 101,garden,269,299,305,7.4,75%,False,,1.0,303.33,0.5,"21d out, occ 75% ≥ 70% → rack"
2026-06-08,Monday,21,102,Garden Room 102,garden,269,299,305,7.4,75%,False,,1.0,303.33,0.5,"21d out, occ 75% ≥ 70% → rack"
2026-06-08,Monday,21,103,Garden Room 103,garden,279,299,310,7.3,75%,False,,1.0,303.33,2.2,"21d out, occ 75% ≥ 70% → rack"
2026-06-08,Monday,21,104,Garden Room 104,garden,269,289,300,7.5,75%,False,,1.0,303.33,-1.1,"21d out, occ 75% ≥ 70% → rack"
2026-06-08,Monday,21,cottage,Private Cottage,cottage,489,549,555,6.9,75%,False,,1.0,303.33,83.0,"21d out, occ 75% ≥ 70% → rack"
2026-06-09,Tuesday,22,201,Waterfront 201,waterfront,389,459,455,7.3,75%,False,,1.0,301.67,50.8,"22d out, occ 75% ≥ 70% → rack"
2026-06-09,Tuesday,22,202,Waterfront 202,waterfront,389,459,455,7.3,75%,False,,1.0,301.67,50.8,"22d out, occ 75% ≥ 70% → rack"
2026-06-09,Tuesday,22,203,Waterfront 203,waterfront,399,459,460,7.2,75%,False,,1.0,301.67,52.5,"22d out, occ 75% ≥ 70% → rack"
2026-06-09,Tuesday,22,204,Waterfront 204,waterfront,409,459,465,7.1,75%,False,,1.0,301.67,54.1,"22d out, occ 75% ≥ 70% → rack"
2026-06-09,Tuesday,22,301,Water View 301,water_view,319,369,370,7.6,75%,False,,1.0,301.67,22.7,"22d out, occ 75% ≥ 70% → rack"
2026-06-09,Tuesday,22,302,Water View 302,water_view,319,369,370,7.6,75%,False,,1.0,301.67,22.7,"22d out, occ 75% ≥ 70% → rack"
2026-06-09,Tuesday,22,303,Water View 303,water_view,329,369,375,7.4,75%,False,,1.0,301.67,24.3,"22d out, occ 75% ≥ 70% → rack"
2026-06-09,Tuesday,22,304,Water View 304,water_view,319,359,365,7.7,75%,False,,1.0,301.67,21.0,"22d out, occ 75% ≥ 70% → rack"
2026-06-09,Tuesday,22,305,Water View 305,water_view,329,369,375,7.4,75%,False,,1.0,301.67,24.3,"22d out, occ 75% ≥ 70% → rack"
2026-06-09,Tuesday,22,101,Garden Room 101,garden,269,299,305,7.4,75%,False,,1.0,301.67,1.1,"22d out, occ 75% ≥ 70% → rack"
2026-06-09,Tuesday,22,102,Garden Room 102,garden,269,299,305,7.4,75%,False,,1.0,301.67,1.1,"22d out, occ 75% ≥ 70% → rack"
2026-06-09,Tuesday,22,103,Garden Room 103,garden,279,299,310,7.3,75%,False,,1.0,301.67,2.8,"22d out, occ 75% ≥ 70% → rack"
2026-06-09,Tuesday,22,104,Garden Room 104,garden,269,289,300,7.5,75%,False,,1.0,301.67,-0.6,"22d out, occ 75% ≥ 70% → rack"
2026-06-09,Tuesday,22,cottage,Private Cottage,cottage,489,549,555,6.9,75%,False,,1.0,301.67,84.0,"22d out, occ 75% ≥ 70% → rack"
2026-06-10,Wednesday,23,201,Waterfront 201,waterfront,389,459,455,7.3,75%,False,,1.0,301.67,50.8,"23d out, occ 75% ≥ 70% → rack"
2026-06-10,Wednesday,23,202,Waterfront 202,waterfront,389,459,455,7.3,75%,False,,1.0,301.67,50.8,"23d out, occ 75% ≥ 70% → rack"
2026-06-10,Wednesday,23,203,Waterfront 203,waterfront,399,459,460,7.2,75%,False,,1.0,301.67,52.5,"23d out, occ 75% ≥ 70% → rack"
2026-06-10,Wednesday,23,204,Waterfront 204,waterfront,409,459,465,7.1,75%,False,,1.0,301.67,54.1,"23d out, occ 75% ≥ 70% → rack"
2026-06-10,Wednesday,23,301,Water View 301,water_view,319,369,370,7.6,75%,False,,1.0,301.67,22.7,"23d out, occ 75% ≥ 70% → rack"
2026-06-10,Wednesday,23,302,Water View 302,water_view,319,369,370,7.6,75%,False,,1.0,301.67,22.7,"23d out, occ 75% ≥ 70% → rack"
2026-06-10,Wednesday,23,303,Water View 303,water_view,329,369,375,7.4,75%,False,,1.0,301.67,24.3,"23d out, occ 75% ≥ 70% → rack"
2026-06-10,Wednesday,23,304,Water View 304,water_view,319,359,365,7.7,75%,False,,1.0,301.67,21.0,"23d out, occ 75% ≥ 70% → rack"
2026-06-10,Wednesday,23,305,Water View 305,water_view,329,369,375,7.4,75%,False,,1.0,301.67,24.3,"23d out, occ 75% ≥ 70% → rack"
2026-06-10,Wednesday,23,101,Garden Room 101,garden,269,299,305,7.4,75%,False,,1.0,301.67,1.1,"23d out, occ 75% ≥ 70% → rack"
2026-06-10,Wednesday,23,102,Garden Room 102,garden,269,299,305,7.4,75%,False,,1.0,301.67,1.1,"23d out, occ 75% ≥ 70% → rack"
2026-06-10,Wednesday,23,103,Garden Room 103,garden,279,299,310,7.3,75%,False,,1.0,301.67,2.8,"23d out, occ 75% ≥ 70% → rack"
2026-06-10,Wednesday,23,104,Garden Room 104,garden,269,289,300,7.5,75%,False,,1.0,301.67,-0.6,"23d out, occ 75% ≥ 70% → rack"
2026-06-10,Wednesday,23,cottage,Private Cottage,cottage,489,549,555,6.9,75%,False,,1.0,301.67,84.0,"23d out, occ 75% ≥ 70% → rack"
2026-06-11,Thursday,24,201,Waterfront 201,waterfront,389,459,455,7.3,75%,False,,1.0,304.17,49.6,"24d out, occ 75% ≥ 70% → rack"
2026-06-11,Thursday,24,202,Waterfront 202,waterfront,389,459,455,7.3,75%,False,,1.0,304.17,49.6,"24d out, occ 75% ≥ 70% → rack"
2026-06-11,Thursday,24,203,Waterfront 203,waterfront,399,459,460,7.2,75%,False,,1.0,304.17,51.2,"24d out, occ 75% ≥ 70% → rack"
2026-06-11,Thursday,24,204,Waterfront 204,waterfront,409,459,465,7.1,75%,False,,1.0,304.17,52.9,"24d out, occ 75% ≥ 70% → rack"
2026-06-11,Thursday,24,301,Water View 301,water_view,319,369,370,7.6,75%,False,,1.0,304.17,21.6,"24d out, occ 75% ≥ 70% → rack"
2026-06-11,Thursday,24,302,Water View 302,water_view,319,369,370,7.6,75%,False,,1.0,304.17,21.6,"24d out, occ 75% ≥ 70% → rack"
2026-06-11,Thursday,24,303,Water View 303,water_view,329,369,375,7.4,75%,False,,1.0,304.17,23.3,"24d out, occ 75% ≥ 70% → rack"
2026-06-11,Thursday,24,304,Water View 304,water_view,319,359,365,7.7,75%,False,,1.0,304.17,20.0,"24d out, occ 75% ≥ 70% → rack"
2026-06-11,Thursday,24,305,Water View 305,water_view,329,369,375,7.4,75%,False,,1.0,304.17,23.3,"24d out, occ 75% ≥ 70% → rack"
2026-06-11,Thursday,24,101,Garden Room 101,garden,269,299,305,7.4,75%,False,,1.0,304.17,0.3,"24d out, occ 75% ≥ 70% → rack"
2026-06-11,Thursday,24,102,Garden Room 102,garden,269,299,305,7.4,75%,False,,1.0,304.17,0.3,"24d out, occ 75% ≥ 70% → rack"
2026-06-11,Thursday,24,103,Garden Room 103,garden,279,299,310,7.3,75%,False,,1.0,304.17,1.9,"24d out, occ 75% ≥ 70% → rack"
2026-06-11,Thursday,24,104,Garden Room 104,garden,269,289,300,7.5,75%,False,,1.0,304.17,-1.4,"24d out, occ 75% ≥ 70% → rack"
2026-06-11,Thursday,24,cottage,Private Cottage,cottage,489,549,555,6.9,75%,False,,1.0,304.17,82.5,"24d out, occ 75% ≥ 70% → rack"
2026-06-12,Friday,25,201,Waterfront 201,waterfront,389,459,520,22.6,75%,True,,1.0,346.67,50.0,"25d out, occ 75% ≥ 70% → rack | Weekend +15% (Fri/Sat)"
2026-06-12,Friday,25,202,Waterfront 202,waterfront,389,459,520,22.6,75%,True,,1.0,346.67,50.0,"25d out, occ 75% ≥ 70% → rack | Weekend +15% (Fri/Sat)"
2026-06-12,Friday,25,203,Waterfront 203,waterfront,399,459,530,23.5,75%,True,,1.0,346.67,52.9,"25d out, occ 75% ≥ 70% → rack | Weekend +15% (Fri/Sat)"
2026-06-12,Friday,25,204,Waterfront 204,waterfront,409,459,535,23.3,75%,True,,1.0,346.67,54.3,"25d out, occ 75% ≥ 70% → rack | Weekend +15% (Fri/Sat)"
2026-06-12,Friday,25,301,Water View 301,water_view,319,369,425,23.5,75%,True,,1.0,346.67,22.6,"25d out, occ 75% ≥ 70% → rack | Weekend +15% (Fri/Sat)"
2026-06-12,Friday,25,302,Water View 302,water_view,319,369,425,23.5,75%,True,,1.0,346.67,22.6,"25d out, occ 75% ≥ 70% → rack | Weekend +15% (Fri/Sat)"
2026-06-12,Friday,25,303,Water View 303,water_view,329,369,430,23.2,75%,True,,1.0,346.67,24.0,"25d out, occ 75% ≥ 70% → rack | Weekend +15% (Fri/Sat)"
2026-06-12,Friday,25,304,Water View 304,water_view,319,359,415,22.4,75%,True,,1.0,346.67,19.7,"25d out, occ 75% ≥ 70% → rack | Weekend +15% (Fri/Sat)"
2026-06-12,Friday,25,305,Water View 305,water_view,329,369,430,23.2,75%,True,,1.0,346.67,24.0,"25d out, occ 75% ≥ 70% → rack | Weekend +15% (Fri/Sat)"
2026-06-12,Friday,25,101,Garden Room 101,garden,269,299,350,23.2,75%,True,,1.0,346.67,1.0,"25d out, occ 75% ≥ 70% → rack | Weekend +15% (Fri/Sat)"
2026-06-12,Friday,25,102,Garden Room 102,garden,269,299,350,23.2,75%,True,,1.0,346.67,1.0,"25d out, occ 75% ≥ 70% → rack | Weekend +15% (Fri/Sat)"
2026-06-12,Friday,25,103,Garden Room 103,garden,279,299,355,22.8,75%,True,,1.0,346.67,2.4,"25d out, occ 75% ≥ 70% → rack | Weekend +15% (Fri/Sat)"
2026-06-12,Friday,25,104,Garden Room 104,garden,269,289,345,23.7,75%,True,,1.0,346.67,-0.5,"25d out, occ 75% ≥ 70% → rack | Weekend +15% (Fri/Sat)"
2026-06-12,Friday,25,cottage,Private Cottage,cottage,489,549,640,23.3,75%,True,,1.0,346.67,84.6,"25d out, occ 75% ≥ 70% → rack | Weekend +15% (Fri/Sat)"
2026-06-13,Saturday,26,201,Waterfront 201,waterfront,389,459,565,33.3,75%,True,Downtown Farmers Market,1.08,345.83,63.4,"26d out, occ 75% ≥ 70% → rack | Events: Downtown Farmers Market (×1.08) | Weekend +15% (Fri/Sat)"
2026-06-13,Saturday,26,202,Waterfront 202,waterfront,389,459,565,33.3,75%,True,Downtown Farmers Market,1.08,345.83,63.4,"26d out, occ 75% ≥ 70% → rack | Events: Downtown Farmers Market (×1.08) | Weekend +15% (Fri/Sat)"
2026-06-13,Saturday,26,203,Waterfront 203,waterfront,399,459,570,32.9,75%,True,Downtown Farmers Market,1.08,345.83,64.8,"26d out, occ 75% ≥ 70% → rack | Events: Downtown Farmers Market (×1.08) | Weekend +15% (Fri/Sat)"
2026-06-13,Saturday,26,204,Waterfront 204,waterfront,409,459,575,32.5,75%,True,Downtown Farmers Market,1.08,345.83,66.3,"26d out, occ 75% ≥ 70% → rack | Events: Downtown Farmers Market (×1.08) | Weekend +15% (Fri/Sat)"
2026-06-13,Saturday,26,301,Water View 301,water_view,319,369,455,32.3,75%,True,Downtown Farmers Market,1.08,345.83,31.6,"26d out, occ 75% ≥ 70% → rack | Events: Downtown Farmers Market (×1.08) | Weekend +15% (Fri/Sat)"
2026-06-13,Saturday,26,302,Water View 302,water_view,319,369,455,32.3,75%,True,Downtown Farmers Market,1.08,345.83,31.6,"26d out, occ 75% ≥ 70% → rack | Events: Downtown Farmers Market (×1.08) | Weekend +15% (Fri/Sat)"
2026-06-13,Saturday,26,303,Water View 303,water_view,329,369,465,33.2,75%,True,Downtown Farmers Market,1.08,345.83,34.5,"26d out, occ 75% ≥ 70% → rack | Events: Downtown Farmers Market (×1.08) | Weekend +15% (Fri/Sat)"
2026-06-13,Saturday,26,304,Water View 304,water_view,319,359,450,32.7,75%,True,Downtown Farmers Market,1.08,345.83,30.1,"26d out, occ 75% ≥ 70% → rack | Events: Downtown Farmers Market (×1.08) | Weekend +15% (Fri/Sat)"
2026-06-13,Saturday,26,305,Water View 305,water_view,329,369,465,33.2,75%,True,Downtown Farmers Market,1.08,345.83,34.5,"26d out, occ 75% ≥ 70% → rack | Events: Downtown Farmers Market (×1.08) | Weekend +15% (Fri/Sat)"
2026-06-13,Saturday,26,101,Garden Room 101,garden,269,299,375,32.0,75%,True,Downtown Farmers Market,1.08,345.83,8.4,"26d out, occ 75% ≥ 70% → rack | Events: Downtown Farmers Market (×1.08) | Weekend +15% (Fri/Sat)"
2026-06-13,Saturday,26,102,Garden Room 102,garden,269,299,375,32.0,75%,True,Downtown Farmers Market,1.08,345.83,8.4,"26d out, occ 75% ≥ 70% → rack | Events: Downtown Farmers Market (×1.08) | Weekend +15% (Fri/Sat)"
2026-06-13,Saturday,26,103,Garden Room 103,garden,279,299,385,33.2,75%,True,Downtown Farmers Market,1.08,345.83,11.3,"26d out, occ 75% ≥ 70% → rack | Events: Downtown Farmers Market (×1.08) | Weekend +15% (Fri/Sat)"
2026-06-13,Saturday,26,104,Garden Room 104,garden,269,289,370,32.6,75%,True,Downtown Farmers Market,1.08,345.83,7.0,"26d out, occ 75% ≥ 70% → rack | Events: Downtown Farmers Market (×1.08) | Weekend +15% (Fri/Sat)"
2026-06-13,Saturday,26,cottage,Private Cottage,cottage,489,549,690,32.9,75%,True,Downtown Farmers Market,1.08,345.83,99.5,"26d out, occ 75% ≥ 70% → rack | Events: Downtown Farmers Market (×1.08) | Weekend +15% (Fri/Sat)"
2026-06-14,Sunday,27,201,Waterfront 201,waterfront,389,459,455,7.3,75%,False,,1.0,300.83,51.2,"27d out, occ 75% ≥ 70% → rack"
2026-06-14,Sunday,27,202,Waterfront 202,waterfront,389,459,455,7.3,75%,False,,1.0,300.83,51.2,"27d out, occ 75% ≥ 70% → rack"
2026-06-14,Sunday,27,203,Waterfront 203,waterfront,399,459,460,7.2,75%,False,,1.0,300.83,52.9,"27d out, occ 75% ≥ 70% → rack"
2026-06-14,Sunday,27,204,Waterfront 204,waterfront,409,459,465,7.1,75%,False,,1.0,300.83,54.6,"27d out, occ 75% ≥ 70% → rack"
2026-06-14,Sunday,27,301,Water View 301,water_view,319,369,370,7.6,75%,False,,1.0,300.83,23.0,"27d out, occ 75% ≥ 70% → rack"
2026-06-14,Sunday,27,302,Water View 302,water_view,319,369,370,7.6,75%,False,,1.0,300.83,23.0,"27d out, occ 75% ≥ 70% → rack"
2026-06-14,Sunday,27,303,Water View 303,water_view,329,369,375,7.4,75%,False,,1.0,300.83,24.7,"27d out, occ 75% ≥ 70% → rack"
2026-06-14,Sunday,27,304,Water View 304,water_view,319,359,365,7.7,75%,False,,1.0,300.83,21.3,"27d out, occ 75% ≥ 70% → rack"
2026-06-14,Sunday,27,305,Water View 305,water_view,329,369,375,7.4,75%,False,,1.0,300.83,24.7,"27d out, occ 75% ≥ 70% → rack"
2026-06-14,Sunday,27,101,Garden Room 101,garden,269,299,305,7.4,75%,False,,1.0,300.83,1.4,"27d out, occ 75% ≥ 70% → rack"
2026-06-14,Sunday,27,102,Garden Room 102,garden,269,299,305,7.4,75%,False,,1.0,300.83,1.4,"27d out, occ 75% ≥ 70% → rack"
2026-06-14,Sunday,27,103,Garden Room 103,garden,279,299,310,7.3,75%,False,,1.0,300.83,3.0,"27d out, occ 75% ≥ 70% → rack"
2026-06-14,Sunday,27,104,Garden Room 104,garden,269,289,300,7.5,75%,False,,1.0,300.83,-0.3,"27d out, occ 75% ≥ 70% → rack"
2026-06-14,Sunday,27,cottage,Private Cottage,cottage,489,549,555,6.9,75%,False,,1.0,300.83,84.5,"27d out, occ 75% ≥ 70% → rack"
2026-06-15,Monday,28,201,Waterfront 201,waterfront,389,459,455,7.3,75%,False,,1.0,304.17,49.6,"28d out, occ 75% ≥ 70% → rack"
2026-06-15,Monday,28,202,Waterfront 202,waterfront,389,459,455,7.3,75%,False,,1.0,304.17,49.6,"28d out, occ 75% ≥ 70% → rack"
2026-06-15,Monday,28,203,Waterfront 203,waterfront,399,459,460,7.2,75%,False,,1.0,304.17,51.2,"28d out, occ 75% ≥ 70% → rack"
2026-06-15,Monday,28,204,Waterfront 204,waterfront,409,459,465,7.1,75%,False,,1.0,304.17,52.9,"28d out, occ 75% ≥ 70% → rack"
2026-06-15,Monday,28,301,Water View 301,water_view,319,369,370,7.6,75%,False,,1.0,304.17,21.6,"28d out, occ 75% ≥ 70% → rack"
2026-06-15,Monday,28,302,Water View 302,water_view,319,369,370,7.6,75%,False,,1.0,304.17,21.6,"28d out, occ 75% ≥ 70% → rack"
2026-06-15,Monday,28,303,Water View 303,water_view,329,369,375,7.4,75%,False,,1.0,304.17,23.3,"28d out, occ 75% ≥ 70% → rack"
2026-06-15,Monday,28,304,Water View 304,water_view,319,359,365,7.7,75%,False,,1.0,304.17,20.0,"28d out, occ 75% ≥ 70% → rack"
2026-06-15,Monday,28,305,Water View 305,water_view,329,369,375,7.4,75%,False,,1.0,304.17,23.3,"28d out, occ 75% ≥ 70% → rack"
2026-06-15,Monday,28,101,Garden Room 101,garden,269,299,305,7.4,75%,False,,1.0,304.17,0.3,"28d out, occ 75% ≥ 70% → rack"
2026-06-15,Monday,28,102,Garden Room 102,garden,269,299,305,7.4,75%,False,,1.0,304.17,0.3,"28d out, occ 75% ≥ 70% → rack"
2026-06-15,Monday,28,103,Garden Room 103,garden,279,299,310,7.3,75%,False,,1.0,304.17,1.9,"28d out, occ 75% ≥ 70% → rack"
2026-06-15,Monday,28,104,Garden Room 104,garden,269,289,300,7.5,75%,False,,1.0,304.17,-1.4,"28d out, occ 75% ≥ 70% → rack"
2026-06-15,Monday,28,cottage,Private Cottage,cottage,489,549,555,6.9,75%,False,,1.0,304.17,82.5,"28d out, occ 75% ≥ 70% → rack"
2026-06-16,Tuesday,29,201,Waterfront 201,waterfront,389,459,455,7.3,75%,False,,1.0,305.0,49.2,"29d out, occ 75% ≥ 70% → rack"
2026-06-16,Tuesday,29,202,Waterfront 202,waterfront,389,459,455,7.3,75%,False,,1.0,305.0,49.2,"29d out, occ 75% ≥ 70% → rack"
2026-06-16,Tuesday,29,203,Waterfront 203,waterfront,399,459,460,7.2,75%,False,,1.0,305.0,50.8,"29d out, occ 75% ≥ 70% → rack"
2026-06-16,Tuesday,29,204,Waterfront 204,waterfront,409,459,465,7.1,75%,False,,1.0,305.0,52.5,"29d out, occ 75% ≥ 70% → rack"
2026-06-16,Tuesday,29,301,Water View 301,water_view,319,369,370,7.6,75%,False,,1.0,305.0,21.3,"29d out, occ 75% ≥ 70% → rack"
2026-06-16,Tuesday,29,302,Water View 302,water_view,319,369,370,7.6,75%,False,,1.0,305.0,21.3,"29d out, occ 75% ≥ 70% → rack"
2026-06-16,Tuesday,29,303,Water View 303,water_view,329,369,375,7.4,75%,False,,1.0,305.0,23.0,"29d out, occ 75% ≥ 70% → rack"
2026-06-16,Tuesday,29,304,Water View 304,water_view,319,359,365,7.7,75%,False,,1.0,305.0,19.7,"29d out, occ 75% ≥ 70% → rack"
2026-06-16,Tuesday,29,305,Water View 305,water_view,329,369,375,7.4,75%,False,,1.0,305.0,23.0,"29d out, occ 75% ≥ 70% → rack"
2026-06-16,Tuesday,29,101,Garden Room 101,garden,269,299,305,7.4,75%,False,,1.0,305.0,0.0,"29d out, occ 75% ≥ 70% → rack"
2026-06-16,Tuesday,29,102,Garden Room 102,garden,269,299,305,7.4,75%,False,,1.0,305.0,0.0,"29d out, occ 75% ≥ 70% → rack"
2026-06-16,Tuesday,29,103,Garden Room 103,garden,279,299,310,7.3,75%,False,,1.0,305.0,1.6,"29d out, occ 75% ≥ 70% → rack"
2026-06-16,Tuesday,29,104,Garden Room 104,garden,269,289,300,7.5,75%,False,,1.0,305.0,-1.6,"29d out, occ 75% ≥ 70% → rack"
2026-06-16,Tuesday,29,cottage,Private Cottage,cottage,489,549,555,6.9,75%,False,,1.0,305.0,82.0,"29d out, occ 75% ≥ 70% → rack"
2026-06-17,Wednesday,30,201,Waterfront 201,waterfront,389,459,510,20.3,75%,False,Music Festival of the Lowcountry,1.125,331.67,53.8,"30d out → rack rate, monitoring occ | Events: Music Festival of the Lowcountry (×1.12)"
2026-06-17,Wednesday,30,202,Waterfront 202,waterfront,389,459,510,20.3,75%,False,Music Festival of the Lowcountry,1.125,331.67,53.8,"30d out → rack rate, monitoring occ | Events: Music Festival of the Lowcountry (×1.12)"
2026-06-17,Wednesday,30,203,Waterfront 203,waterfront,399,459,515,20.0,75%,False,Music Festival of the Lowcountry,1.125,331.67,55.3,"30d out → rack rate, monitoring occ | Events: Music Festival of the Lowcountry (×1.12)"
2026-06-17,Wednesday,30,204,Waterfront 204,waterfront,409,459,520,19.8,75%,False,Music Festival of the Lowcountry,1.125,331.67,56.8,"30d out → rack rate, monitoring occ | Events: Music Festival of the Lowcountry (×1.12)"
2026-06-17,Wednesday,30,301,Water View 301,water_view,319,369,415,20.6,75%,False,Music Festival of the Lowcountry,1.125,331.67,25.1,"30d out → rack rate, monitoring occ | Events: Music Festival of the Lowcountry (×1.12)"
2026-06-17,Wednesday,30,302,Water View 302,water_view,319,369,415,20.6,75%,False,Music Festival of the Lowcountry,1.125,331.67,25.1,"30d out → rack rate, monitoring occ | Events: Music Festival of the Lowcountry (×1.12)"
2026-06-17,Wednesday,30,303,Water View 303,water_view,329,369,420,20.3,75%,False,Music Festival of the Lowcountry,1.125,331.67,26.6,"30d out → rack rate, monitoring occ | Events: Music Festival of the Lowcountry (×1.12)"
2026-06-17,Wednesday,30,304,Water View 304,water_view,319,359,410,20.9,75%,False,Music Festival of the Lowcountry,1.125,331.67,23.6,"30d out → rack rate, monitoring occ | Events: Music Festival of the Lowcountry (×1.12)"
2026-06-17,Wednesday,30,305,Water View 305,water_view,329,369,420,20.3,75%,False,Music Festival of the Lowcountry,1.125,331.67,26.6,"30d out → rack rate, monitoring occ | Events: Music Festival of the Lowcountry (×1.12)"
2026-06-17,Wednesday,30,101,Garden Room 101,garden,269,299,340,19.7,75%,False,Music Festival of the Lowcountry,1.125,331.67,2.5,"30d out → rack rate, monitoring occ | Events: Music Festival of the Lowcountry (×1.12)"
2026-06-17,Wednesday,30,102,Garden Room 102,garden,269,299,340,19.7,75%,False,Music Festival of the Lowcountry,1.125,331.67,2.5,"30d out → rack rate, monitoring occ | Events: Music Festival of the Lowcountry (×1.12)"
2026-06-17,Wednesday,30,103,Garden Room 103,garden,279,299,350,21.1,75%,False,Music Festival of the Lowcountry,1.125,331.67,5.5,"30d out → rack rate, monitoring occ | Events: Music Festival of the Lowcountry (×1.12)"
2026-06-17,Wednesday,30,104,Garden Room 104,garden,269,289,335,20.1,75%,False,Music Festival of the Lowcountry,1.125,331.67,1.0,"30d out → rack rate, monitoring occ | Events: Music Festival of the Lowcountry (×1.12)"
2026-06-17,Wednesday,30,cottage,Private Cottage,cottage,489,549,625,20.4,75%,False,Music Festival of the Lowcountry,1.125,331.67,88.4,"30d out → rack rate, monitoring occ | Events: Music Festival of the Lowcountry (×1.12)"
2026-06-18,Thursday,31,201,Waterfront 201,waterfront,389,459,510,20.3,75%,False,Music Festival of the Lowcountry,1.125,330.83,54.2,"31d out → rack rate, monitoring occ | Events: Music Festival of the Lowcountry (×1.12)"
2026-06-18,Thursday,31,202,Waterfront 202,waterfront,389,459,510,20.3,75%,False,Music Festival of the Lowcountry,1.125,330.83,54.2,"31d out → rack rate, monitoring occ | Events: Music Festival of the Lowcountry (×1.12)"
2026-06-18,Thursday,31,203,Waterfront 203,waterfront,399,459,515,20.0,75%,False,Music Festival of the Lowcountry,1.125,330.83,55.7,"31d out → rack rate, monitoring occ | Events: Music Festival of the Lowcountry (×1.12)"
2026-06-18,Thursday,31,204,Waterfront 204,waterfront,409,459,520,19.8,75%,False,Music Festival of the Lowcountry,1.125,330.83,57.2,"31d out → rack rate, monitoring occ | Events: Music Festival of the Lowcountry (×1.12)"
2026-06-18,Thursday,31,301,Water View 301,water_view,319,369,415,20.6,75%,False,Music Festival of the Lowcountry,1.125,330.83,25.4,"31d out → rack rate, monitoring occ | Events: Music Festival of the Lowcountry (×1.12)"
2026-06-18,Thursday,31,302,Water View 302,water_view,319,369,415,20.6,75%,False,Music Festival of the Lowcountry,1.125,330.83,25.4,"31d out → rack rate, monitoring occ | Events: Music Festival of the Lowcountry (×1.12)"
2026-06-18,Thursday,31,303,Water View 303,water_view,329,369,420,20.3,75%,False,Music Festival of the Lowcountry,1.125,330.83,27.0,"31d out → rack rate, monitoring occ | Events: Music Festival of the Lowcountry (×1.12)"
2026-06-18,Thursday,31,304,Water View 304,water_view,319,359,410,20.9,75%,False,Music Festival of the Lowcountry,1.125,330.83,23.9,"31d out → rack rate, monitoring occ | Events: Music Festival of the Lowcountry (×1.12)"
2026-06-18,Thursday,31,305,Water View 305,water_view,329,369,420,20.3,75%,False,Music Festival of the Lowcountry,1.125,330.83,27.0,"31d out → rack rate, monitoring occ | Events: Music Festival of the Lowcountry (×1.12)"
2026-06-18,Thursday,31,101,Garden Room 101,garden,269,299,340,19.7,75%,False,Music Festival of the Lowcountry,1.125,330.83,2.8,"31d out → rack rate, monitoring occ | Events: Music Festival of the Lowcountry (×1.12)"
2026-06-18,Thursday,31,102,Garden Room 102,garden,269,299,340,19.7,75%,False,Music Festival of the Lowcountry,1.125,330.83,2.8,"31d out → rack rate, monitoring occ | Events: Music Festival of the Lowcountry (×1.12)"
2026-06-18,Thursday,31,103,Garden Room 103,garden,279,299,350,21.1,75%,False,Music Festival of the Lowcountry,1.125,330.83,5.8,"31d out → rack rate, monitoring occ | Events: Music Festival of the Lowcountry (×1.12)"
2026-06-18,Thursday,31,104,Garden Room 104,garden,269,289,335,20.1,75%,False,Music Festival of the Lowcountry,1.125,330.83,1.3,"31d out → rack rate, monitoring occ | Events: Music Festival of the Lowcountry (×1.12)"
2026-06-18,Thursday,31,cottage,Private Cottage,cottage,489,549,625,20.4,75%,False,Music Festival of the Lowcountry,1.125,330.83,88.9,"31d out → rack rate, monitoring occ | Events: Music Festival of the Lowcountry (×1.12)"
2026-06-19,Friday,32,201,Waterfront 201,waterfront,389,459,650,53.3,75%,True,Music Festival of the Lowcountry; Parris Island USMC Graduation,1.25,359.17,81.0,"32d out → rack rate, monitoring occ | Events: Music Festival of the Lowcountry, Parris Island USMC Graduation (×1.25) | Weekend +15% (Fri/Sat)"
2026-06-19,Friday,32,202,Waterfront 202,waterfront,389,459,650,53.3,75%,True,Music Festival of the Lowcountry; Parris Island USMC Graduation,1.25,359.17,81.0,"32d out → rack rate, monitoring occ | Events: Music Festival of the Lowcountry, Parris Island USMC Graduation (×1.25) | Weekend +15% (Fri/Sat)"
2026-06-19,Friday,32,203,Waterfront 203,waterfront,399,459,660,53.8,75%,True,Music Festival of the Lowcountry; Parris Island USMC Graduation,1.25,359.17,83.8,"32d out → rack rate, monitoring occ | Events: Music Festival of the Lowcountry, Parris Island USMC Graduation (×1.25) | Weekend +15% (Fri/Sat)"
2026-06-19,Friday,32,204,Waterfront 204,waterfront,409,459,670,54.4,75%,True,Music Festival of the Lowcountry; Parris Island USMC Graduation,1.25,359.17,86.5,"32d out → rack rate, monitoring occ | Events: Music Festival of the Lowcountry, Parris Island USMC Graduation (×1.25) | Weekend +15% (Fri/Sat)"
2026-06-19,Friday,32,301,Water View 301,water_view,319,369,530,54.1,75%,True,Music Festival of the Lowcountry; Parris Island USMC Graduation,1.25,359.17,47.6,"32d out → rack rate, monitoring occ | Events: Music Festival of the Lowcountry, Parris Island USMC Graduation (×1.25) | Weekend +15% (Fri/Sat)"
2026-06-19,Friday,32,302,Water View 302,water_view,319,369,530,54.1,75%,True,Music Festival of the Lowcountry; Parris Island USMC Graduation,1.25,359.17,47.6,"32d out → rack rate, monitoring occ | Events: Music Festival of the Lowcountry, Parris Island USMC Graduation (×1.25) | Weekend +15% (Fri/Sat)"
2026-06-19,Friday,32,303,Water View 303,water_view,329,369,535,53.3,75%,True,Music Festival of the Lowcountry; Parris Island USMC Graduation,1.25,359.17,49.0,"32d out → rack rate, monitoring occ | Events: Music Festival of the Lowcountry, Parris Island USMC Graduation (×1.25) | Weekend +15% (Fri/Sat)"
2026-06-19,Friday,32,304,Water View 304,water_view,319,359,520,53.4,75%,True,Music Festival of the Lowcountry; Parris Island USMC Graduation,1.25,359.17,44.8,"32d out → rack rate, monitoring occ | Events: Music Festival of the Lowcountry, Parris Island USMC Graduation (×1.25) | Weekend +15% (Fri/Sat)"
2026-06-19,Friday,32,305,Water View 305,water_view,329,369,535,53.3,75%,True,Music Festival of the Lowcountry; Parris Island USMC Graduation,1.25,359.17,49.0,"32d out → rack rate, monitoring occ | Events: Music Festival of the Lowcountry, Parris Island USMC Graduation (×1.25) | Weekend +15% (Fri/Sat)"
2026-06-19,Friday,32,101,Garden Room 101,garden,269,299,435,53.2,75%,True,Music Festival of the Lowcountry; Parris Island USMC Graduation,1.25,359.17,21.1,"32d out → rack rate, monitoring occ | Events: Music Festival of the Lowcountry, Parris Island USMC Graduation (×1.25) | Weekend +15% (Fri/Sat)"
2026-06-19,Friday,32,102,Garden Room 102,garden,269,299,435,53.2,75%,True,Music Festival of the Lowcountry; Parris Island USMC Graduation,1.25,359.17,21.1,"32d out → rack rate, monitoring occ | Events: Music Festival of the Lowcountry, Parris Island USMC Graduation (×1.25) | Weekend +15% (Fri/Sat)"
2026-06-19,Friday,32,103,Garden Room 103,garden,279,299,445,54.0,75%,True,Music Festival of the Lowcountry; Parris Island USMC Graduation,1.25,359.17,23.9,"32d out → rack rate, monitoring occ | Events: Music Festival of the Lowcountry, Parris Island USMC Graduation (×1.25) | Weekend +15% (Fri/Sat)"
2026-06-19,Friday,32,104,Garden Room 104,garden,269,289,430,54.1,75%,True,Music Festival of the Lowcountry; Parris Island USMC Graduation,1.25,359.17,19.7,"32d out → rack rate, monitoring occ | Events: Music Festival of the Lowcountry, Parris Island USMC Graduation (×1.25) | Weekend +15% (Fri/Sat)"
2026-06-19,Friday,32,cottage,Private Cottage,cottage,489,549,800,54.1,75%,True,Music Festival of the Lowcountry; Parris Island USMC Graduation,1.25,359.17,122.7,"32d out → rack rate, monitoring occ | Events: Music Festival of the Lowcountry, Parris Island USMC Graduation (×1.25) | Weekend +15% (Fri/Sat)"
2026-06-20,Saturday,33,201,Waterfront 201,waterfront,389,459,650,53.3,75%,True,Music Festival of the Lowcountry; Downtown Farmers Market,1.25,357.5,81.8,"33d out → rack rate, monitoring occ | Events: Music Festival of the Lowcountry, Downtown Farmers Market (×1.25) | Weekend +15% (Fri/Sat)"
2026-06-20,Saturday,33,202,Waterfront 202,waterfront,389,459,650,53.3,75%,True,Music Festival of the Lowcountry; Downtown Farmers Market,1.25,357.5,81.8,"33d out → rack rate, monitoring occ | Events: Music Festival of the Lowcountry, Downtown Farmers Market (×1.25) | Weekend +15% (Fri/Sat)"
2026-06-20,Saturday,33,203,Waterfront 203,waterfront,399,459,660,53.8,75%,True,Music Festival of the Lowcountry; Downtown Farmers Market,1.25,357.5,84.6,"33d out → rack rate, monitoring occ | Events: Music Festival of the Lowcountry, Downtown Farmers Market (×1.25) | Weekend +15% (Fri/Sat)"
2026-06-20,Saturday,33,204,Waterfront 204,waterfront,409,459,670,54.4,75%,True,Music Festival of the Lowcountry; Downtown Farmers Market,1.25,357.5,87.4,"33d out → rack rate, monitoring occ | Events: Music Festival of the Lowcountry, Downtown Farmers Market (×1.25) | Weekend +15% (Fri/Sat)"
2026-06-20,Saturday,33,301,Water View 301,water_view,319,369,530,54.1,75%,True,Music Festival of the Lowcountry; Downtown Farmers Market,1.25,357.5,48.3,"33d out → rack rate, monitoring occ | Events: Music Festival of the Lowcountry, Downtown Farmers Market (×1.25) | Weekend +15% (Fri/Sat)"
2026-06-20,Saturday,33,302,Water View 302,water_view,319,369,530,54.1,75%,True,Music Festival of the Lowcountry; Downtown Farmers Market,1.25,357.5,48.3,"33d out → rack rate, monitoring occ | Events: Music Festival of the Lowcountry, Downtown Farmers Market (×1.25) | Weekend +15% (Fri/Sat)"
2026-06-20,Saturday,33,303,Water View 303,water_view,329,369,535,53.3,75%,True,Music Festival of the Lowcountry; Downtown Farmers Market,1.25,357.5,49.7,"33d out → rack rate, monitoring occ | Events: Music Festival of the Lowcountry, Downtown Farmers Market (×1.25) | Weekend +15% (Fri/Sat)"
2026-06-20,Saturday,33,304,Water View 304,water_view,319,359,520,53.4,75%,True,Music Festival of the Lowcountry; Downtown Farmers Market,1.25,357.5,45.5,"33d out → rack rate, monitoring occ | Events: Music Festival of the Lowcountry, Downtown Farmers Market (×1.25) | Weekend +15% (Fri/Sat)"
2026-06-20,Saturday,33,305,Water View 305,water_view,329,369,535,53.3,75%,True,Music Festival of the Lowcountry; Downtown Farmers Market,1.25,357.5,49.7,"33d out → rack rate, monitoring occ | Events: Music Festival of the Lowcountry, Downtown Farmers Market (×1.25) | Weekend +15% (Fri/Sat)"
2026-06-20,Saturday,33,101,Garden Room 101,garden,269,299,435,53.2,75%,True,Music Festival of the Lowcountry; Downtown Farmers Market,1.25,357.5,21.7,"33d out → rack rate, monitoring occ | Events: Music Festival of the Lowcountry, Downtown Farmers Market (×1.25) | Weekend +15% (Fri/Sat)"
2026-06-20,Saturday,33,102,Garden Room 102,garden,269,299,435,53.2,75%,True,Music Festival of the Lowcountry; Downtown Farmers Market,1.25,357.5,21.7,"33d out → rack rate, monitoring occ | Events: Music Festival of the Lowcountry, Downtown Farmers Market (×1.25) | Weekend +15% (Fri/Sat)"
2026-06-20,Saturday,33,103,Garden Room 103,garden,279,299,445,54.0,75%,True,Music Festival of the Lowcountry; Downtown Farmers Market,1.25,357.5,24.5,"33d out → rack rate, monitoring occ | Events: Music Festival of the Lowcountry, Downtown Farmers Market (×1.25) | Weekend +15% (Fri/Sat)"
2026-06-20,Saturday,33,104,Garden Room 104,garden,269,289,430,54.1,75%,True,Music Festival of the Lowcountry; Downtown Farmers Market,1.25,357.5,20.3,"33d out → rack rate, monitoring occ | Events: Music Festival of the Lowcountry, Downtown Farmers Market (×1.25) | Weekend +15% (Fri/Sat)"
2026-06-20,Saturday,33,cottage,Private Cottage,cottage,489,549,800,54.1,75%,True,Music Festival of the Lowcountry; Downtown Farmers Market,1.25,357.5,123.8,"33d out → rack rate, monitoring occ | Events: Music Festival of the Lowcountry, Downtown Farmers Market (×1.25) | Weekend +15% (Fri/Sat)"
2026-06-21,Sunday,34,201,Waterfront 201,waterfront,389,459,565,33.3,75%,False,Music Festival of the Lowcountry,1.25,358.33,57.7,"34d out → rack rate, monitoring occ | Events: Music Festival of the Lowcountry (×1.25)"
2026-06-21,Sunday,34,202,Waterfront 202,waterfront,389,459,565,33.3,75%,False,Music Festival of the Lowcountry,1.25,358.33,57.7,"34d out → rack rate, monitoring occ | Events: Music Festival of the Lowcountry (×1.25)"
2026-06-21,Sunday,34,203,Waterfront 203,waterfront,399,459,575,34.0,75%,False,Music Festival of the Lowcountry,1.25,358.33,60.5,"34d out → rack rate, monitoring occ | Events: Music Festival of the Lowcountry (×1.25)"
2026-06-21,Sunday,34,204,Waterfront 204,waterfront,409,459,580,33.6,75%,False,Music Festival of the Lowcountry,1.25,358.33,61.9,"34d out → rack rate, monitoring occ | Events: Music Festival of the Lowcountry (×1.25)"
2026-06-21,Sunday,34,301,Water View 301,water_view,319,369,460,33.7,75%,False,Music Festival of the Lowcountry,1.25,358.33,28.4,"34d out → rack rate, monitoring occ | Events: Music Festival of the Lowcountry (×1.25)"
2026-06-21,Sunday,34,302,Water View 302,water_view,319,369,460,33.7,75%,False,Music Festival of the Lowcountry,1.25,358.33,28.4,"34d out → rack rate, monitoring occ | Events: Music Festival of the Lowcountry (×1.25)"
2026-06-21,Sunday,34,303,Water View 303,water_view,329,369,465,33.2,75%,False,Music Festival of the Lowcountry,1.25,358.33,29.8,"34d out → rack rate, monitoring occ | Events: Music Festival of the Lowcountry (×1.25)"
2026-06-21,Sunday,34,304,Water View 304,water_view,319,359,455,34.2,75%,False,Music Festival of the Lowcountry,1.25,358.33,27.0,"34d out → rack rate, monitoring occ | Events: Music Festival of the Lowcountry (×1.25)"
2026-06-21,Sunday,34,305,Water View 305,water_view,329,369,465,33.2,75%,False,Music Festival of the Lowcountry,1.25,358.33,29.8,"34d out → rack rate, monitoring occ | Events: Music Festival of the Lowcountry (×1.25)"
2026-06-21,Sunday,34,101,Garden Room 101,garden,269,299,380,33.8,75%,False,Music Festival of the Lowcountry,1.25,358.33,6.0,"34d out → rack rate, monitoring occ | Events: Music Festival of the Lowcountry (×1.25)"
2026-06-21,Sunday,34,102,Garden Room 102,garden,269,299,380,33.8,75%,False,Music Festival of the Lowcountry,1.25,358.33,6.0,"34d out → rack rate, monitoring occ | Events: Music Festival of the Lowcountry (×1.25)"
2026-06-21,Sunday,34,103,Garden Room 103,garden,279,299,385,33.2,75%,False,Music Festival of the Lowcountry,1.25,358.33,7.4,"34d out → rack rate, monitoring occ | Events: Music Festival of the Lowcountry (×1.25)"
2026-06-21,Sunday,34,104,Garden Room 104,garden,269,289,375,34.4,75%,False,Music Festival of the Lowcountry,1.25,358.33,4.7,"34d out → rack rate, monitoring occ | Events: Music Festival of the Lowcountry (×1.25)"
2026-06-21,Sunday,34,cottage,Private Cottage,cottage,489,549,695,33.9,75%,False,Music Festival of the Lowcountry,1.25,358.33,94.0,"34d out → rack rate, monitoring occ | Events: Music Festival of the Lowcountry (×1.25)"
2026-06-22,Monday,35,201,Waterfront 201,waterfront,389,459,565,33.3,75%,False,Music Festival of the Lowcountry,1.25,356.67,58.4,"35d out → rack rate, monitoring occ | Events: Music Festival of the Lowcountry (×1.25)"
2026-06-22,Monday,35,202,Waterfront 202,waterfront,389,459,565,33.3,75%,False,Music Festival of the Lowcountry,1.25,356.67,58.4,"35d out → rack rate, monitoring occ | Events: Music Festival of the Lowcountry (×1.25)"
2026-06-22,Monday,35,203,Waterfront 203,waterfront,399,459,575,34.0,75%,False,Music Festival of the Lowcountry,1.25,356.67,61.2,"35d out → rack rate, monitoring occ | Events: Music Festival of the Lowcountry (×1.25)"
2026-06-22,Monday,35,204,Waterfront 204,waterfront,409,459,580,33.6,75%,False,Music Festival of the Lowcountry,1.25,356.67,62.6,"35d out → rack rate, monitoring occ | Events: Music Festival of the Lowcountry (×1.25)"
2026-06-22,Monday,35,301,Water View 301,water_view,319,369,460,33.7,75%,False,Music Festival of the Lowcountry,1.25,356.67,29.0,"35d out → rack rate, monitoring occ | Events: Music Festival of the Lowcountry (×1.25)"
2026-06-22,Monday,35,302,Water View 302,water_view,319,369,460,33.7,75%,False,Music Festival of the Lowcountry,1.25,356.67,29.0,"35d out → rack rate, monitoring occ | Events: Music Festival of the Lowcountry (×1.25)"
2026-06-22,Monday,35,303,Water View 303,water_view,329,369,465,33.2,75%,False,Music Festival of the Lowcountry,1.25,356.67,30.4,"35d out → rack rate, monitoring occ | Events: Music Festival of the Lowcountry (×1.25)"
2026-06-22,Monday,35,304,Water View 304,water_view,319,359,455,34.2,75%,False,Music Festival of the Lowcountry,1.25,356.67,27.6,"35d out → rack rate, monitoring occ | Events: Music Festival of the Lowcountry (×1.25)"
2026-06-22,Monday,35,305,Water View 305,water_view,329,369,465,33.2,75%,False,Music Festival of the Lowcountry,1.25,356.67,30.4,"35d out → rack rate, monitoring occ | Events: Music Festival of the Lowcountry (×1.25)"
2026-06-22,Monday,35,101,Garden Room 101,garden,269,299,380,33.8,75%,False,Music Festival of the Lowcountry,1.25,356.67,6.5,"35d out → rack rate, monitoring occ | Events: Music Festival of the Lowcountry (×1.25)"
2026-06-22,Monday,35,102,Garden Room 102,garden,269,299,380,33.8,75%,False,Music Festival of the Lowcountry,1.25,356.67,6.5,"35d out → rack rate, monitoring occ | Events: Music Festival of the Lowcountry (×1.25)"
2026-06-22,Monday,35,103,Garden Room 103,garden,279,299,385,33.2,75%,False,Music Festival of the Lowcountry,1.25,356.67,7.9,"35d out → rack rate, monitoring occ | Events: Music Festival of the Lowcountry (×1.25)"
2026-06-22,Monday,35,104,Garden Room 104,garden,269,289,375,34.4,75%,False,Music Festival of the Lowcountry,1.25,356.67,5.1,"35d out → rack rate, monitoring occ | Events: Music Festival of the Lowcountry (×1.25)"
2026-06-22,Monday,35,cottage,Private Cottage,cottage,489,549,695,33.9,75%,False,Music Festival of the Lowcountry,1.25,356.67,94.9,"35d out → rack rate, monitoring occ | Events: Music Festival of the Lowcountry (×1.25)"
2026-06-23,Tuesday,36,201,Waterfront 201,waterfront,389,459,455,7.3,75%,False,,1.0,300.83,51.2,"36d out → rack rate, monitoring occ"
2026-06-23,Tuesday,36,202,Waterfront 202,waterfront,389,459,455,7.3,75%,False,,1.0,300.83,51.2,"36d out → rack rate, monitoring occ"
2026-06-23,Tuesday,36,203,Waterfront 203,waterfront,399,459,460,7.2,75%,False,,1.0,300.83,52.9,"36d out → rack rate, monitoring occ"
2026-06-23,Tuesday,36,204,Waterfront 204,waterfront,409,459,465,7.1,75%,False,,1.0,300.83,54.6,"36d out → rack rate, monitoring occ"
2026-06-23,Tuesday,36,301,Water View 301,water_view,319,369,370,7.6,75%,False,,1.0,300.83,23.0,"36d out → rack rate, monitoring occ"
2026-06-23,Tuesday,36,302,Water View 302,water_view,319,369,370,7.6,75%,False,,1.0,300.83,23.0,"36d out → rack rate, monitoring occ"
2026-06-23,Tuesday,36,303,Water View 303,water_view,329,369,375,7.4,75%,False,,1.0,300.83,24.7,"36d out → rack rate, monitoring occ"
2026-06-23,Tuesday,36,304,Water View 304,water_view,319,359,365,7.7,75%,False,,1.0,300.83,21.3,"36d out → rack rate, monitoring occ"
2026-06-23,Tuesday,36,305,Water View 305,water_view,329,369,375,7.4,75%,False,,1.0,300.83,24.7,"36d out → rack rate, monitoring occ"
2026-06-23,Tuesday,36,101,Garden Room 101,garden,269,299,305,7.4,75%,False,,1.0,300.83,1.4,"36d out → rack rate, monitoring occ"
2026-06-23,Tuesday,36,102,Garden Room 102,garden,269,299,305,7.4,75%,False,,1.0,300.83,1.4,"36d out → rack rate, monitoring occ"
2026-06-23,Tuesday,36,103,Garden Room 103,garden,279,299,310,7.3,75%,False,,1.0,300.83,3.0,"36d out → rack rate, monitoring occ"
2026-06-23,Tuesday,36,104,Garden Room 104,garden,269,289,300,7.5,75%,False,,1.0,300.83,-0.3,"36d out → rack rate, monitoring occ"
2026-06-23,Tuesday,36,cottage,Private Cottage,cottage,489,549,555,6.9,75%,False,,1.0,300.83,84.5,"36d out → rack rate, monitoring occ"
2026-06-24,Wednesday,37,201,Waterfront 201,waterfront,389,459,455,7.3,75%,False,,1.0,301.67,50.8,"37d out → rack rate, monitoring occ"
2026-06-24,Wednesday,37,202,Waterfront 202,waterfront,389,459,455,7.3,75%,False,,1.0,301.67,50.8,"37d out → rack rate, monitoring occ"
2026-06-24,Wednesday,37,203,Waterfront 203,waterfront,399,459,460,7.2,75%,False,,1.0,301.67,52.5,"37d out → rack rate, monitoring occ"
2026-06-24,Wednesday,37,204,Waterfront 204,waterfront,409,459,465,7.1,75%,False,,1.0,301.67,54.1,"37d out → rack rate, monitoring occ"
2026-06-24,Wednesday,37,301,Water View 301,water_view,319,369,370,7.6,75%,False,,1.0,301.67,22.7,"37d out → rack rate, monitoring occ"
2026-06-24,Wednesday,37,302,Water View 302,water_view,319,369,370,7.6,75%,False,,1.0,301.67,22.7,"37d out → rack rate, monitoring occ"
2026-06-24,Wednesday,37,303,Water View 303,water_view,329,369,375,7.4,75%,False,,1.0,301.67,24.3,"37d out → rack rate, monitoring occ"
2026-06-24,Wednesday,37,304,Water View 304,water_view,319,359,365,7.7,75%,False,,1.0,301.67,21.0,"37d out → rack rate, monitoring occ"
2026-06-24,Wednesday,37,305,Water View 305,water_view,329,369,375,7.4,75%,False,,1.0,301.67,24.3,"37d out → rack rate, monitoring occ"
2026-06-24,Wednesday,37,101,Garden Room 101,garden,269,299,305,7.4,75%,False,,1.0,301.67,1.1,"37d out → rack rate, monitoring occ"
2026-06-24,Wednesday,37,102,Garden Room 102,garden,269,299,305,7.4,75%,False,,1.0,301.67,1.1,"37d out → rack rate, monitoring occ"
2026-06-24,Wednesday,37,103,Garden Room 103,garden,279,299,310,7.3,75%,False,,1.0,301.67,2.8,"37d out → rack rate, monitoring occ"
2026-06-24,Wednesday,37,104,Garden Room 104,garden,269,289,300,7.5,75%,False,,1.0,301.67,-0.6,"37d out → rack rate, monitoring occ"
2026-06-24,Wednesday,37,cottage,Private Cottage,cottage,489,549,555,6.9,75%,False,,1.0,301.67,84.0,"37d out → rack rate, monitoring occ"
2026-06-25,Thursday,38,201,Waterfront 201,waterfront,389,459,455,7.3,75%,False,,1.0,303.33,50.0,"38d out → rack rate, monitoring occ"
2026-06-25,Thursday,38,202,Waterfront 202,waterfront,389,459,455,7.3,75%,False,,1.0,303.33,50.0,"38d out → rack rate, monitoring occ"
2026-06-25,Thursday,38,203,Waterfront 203,waterfront,399,459,460,7.2,75%,False,,1.0,303.33,51.6,"38d out → rack rate, monitoring occ"
2026-06-25,Thursday,38,204,Waterfront 204,waterfront,409,459,465,7.1,75%,False,,1.0,303.33,53.3,"38d out → rack rate, monitoring occ"
2026-06-25,Thursday,38,301,Water View 301,water_view,319,369,370,7.6,75%,False,,1.0,303.33,22.0,"38d out → rack rate, monitoring occ"
2026-06-25,Thursday,38,302,Water View 302,water_view,319,369,370,7.6,75%,False,,1.0,303.33,22.0,"38d out → rack rate, monitoring occ"
2026-06-25,Thursday,38,303,Water View 303,water_view,329,369,375,7.4,75%,False,,1.0,303.33,23.6,"38d out → rack rate, monitoring occ"
2026-06-25,Thursday,38,304,Water View 304,water_view,319,359,365,7.7,75%,False,,1.0,303.33,20.3,"38d out → rack rate, monitoring occ"
2026-06-25,Thursday,38,305,Water View 305,water_view,329,369,375,7.4,75%,False,,1.0,303.33,23.6,"38d out → rack rate, monitoring occ"
2026-06-25,Thursday,38,101,Garden Room 101,garden,269,299,305,7.4,75%,False,,1.0,303.33,0.5,"38d out → rack rate, monitoring occ"
2026-06-25,Thursday,38,102,Garden Room 102,garden,269,299,305,7.4,75%,False,,1.0,303.33,0.5,"38d out → rack rate, monitoring occ"
2026-06-25,Thursday,38,103,Garden Room 103,garden,279,299,310,7.3,75%,False,,1.0,303.33,2.2,"38d out → rack rate, monitoring occ"
2026-06-25,Thursday,38,104,Garden Room 104,garden,269,289,300,7.5,75%,False,,1.0,303.33,-1.1,"38d out → rack rate, monitoring occ"
2026-06-25,Thursday,38,cottage,Private Cottage,cottage,489,549,555,6.9,75%,False,,1.0,303.33,83.0,"38d out → rack rate, monitoring occ"
2026-06-26,Friday,39,201,Waterfront 201,waterfront,389,459,520,22.6,75%,True,,1.0,345.83,50.4,"39d out → rack rate, monitoring occ | Weekend +15% (Fri/Sat)"
2026-06-26,Friday,39,202,Waterfront 202,waterfront,389,459,520,22.6,75%,True,,1.0,345.83,50.4,"39d out → rack rate, monitoring occ | Weekend +15% (Fri/Sat)"
2026-06-26,Friday,39,203,Waterfront 203,waterfront,399,459,530,23.5,75%,True,,1.0,345.83,53.3,"39d out → rack rate, monitoring occ | Weekend +15% (Fri/Sat)"
2026-06-26,Friday,39,204,Waterfront 204,waterfront,409,459,535,23.3,75%,True,,1.0,345.83,54.7,"39d out → rack rate, monitoring occ | Weekend +15% (Fri/Sat)"
2026-06-26,Friday,39,301,Water View 301,water_view,319,369,425,23.5,75%,True,,1.0,345.83,22.9,"39d out → rack rate, monitoring occ | Weekend +15% (Fri/Sat)"
2026-06-26,Friday,39,302,Water View 302,water_view,319,369,425,23.5,75%,True,,1.0,345.83,22.9,"39d out → rack rate, monitoring occ | Weekend +15% (Fri/Sat)"
2026-06-26,Friday,39,303,Water View 303,water_view,329,369,430,23.2,75%,True,,1.0,345.83,24.3,"39d out → rack rate, monitoring occ | Weekend +15% (Fri/Sat)"
2026-06-26,Friday,39,304,Water View 304,water_view,319,359,415,22.4,75%,True,,1.0,345.83,20.0,"39d out → rack rate, monitoring occ | Weekend +15% (Fri/Sat)"
2026-06-26,Friday,39,305,Water View 305,water_view,329,369,430,23.2,75%,True,,1.0,345.83,24.3,"39d out → rack rate, monitoring occ | Weekend +15% (Fri/Sat)"
2026-06-26,Friday,39,101,Garden Room 101,garden,269,299,350,23.2,75%,True,,1.0,345.83,1.2,"39d out → rack rate, monitoring occ | Weekend +15% (Fri/Sat)"
2026-06-26,Friday,39,102,Garden Room 102,garden,269,299,350,23.2,75%,True,,1.0,345.83,1.2,"39d out → rack rate, monitoring occ | Weekend +15% (Fri/Sat)"
2026-06-26,Friday,39,103,Garden Room 103,garden,279,299,355,22.8,75%,True,,1.0,345.83,2.7,"39d out → rack rate, monitoring occ | Weekend +15% (Fri/Sat)"
2026-06-26,Friday,39,104,Garden Room 104,garden,269,289,345,23.7,75%,True,,1.0,345.83,-0.2,"39d out → rack rate, monitoring occ | Weekend +15% (Fri/Sat)"
2026-06-26,Friday,39,cottage,Private Cottage,cottage,489,549,640,23.3,75%,True,,1.0,345.83,85.1,"39d out → rack rate, monitoring occ | Weekend +15% (Fri/Sat)"
2026-06-27,Saturday,40,201,Waterfront 201,waterfront,389,459,565,33.3,75%,True,Downtown Farmers Market,1.08,345.83,63.4,"40d out → rack rate, monitoring occ | Events: Downtown Farmers Market (×1.08) | Weekend +15% (Fri/Sat)"
2026-06-27,Saturday,40,202,Waterfront 202,waterfront,389,459,565,33.3,75%,True,Downtown Farmers Market,1.08,345.83,63.4,"40d out → rack rate, monitoring occ | Events: Downtown Farmers Market (×1.08) | Weekend +15% (Fri/Sat)"
2026-06-27,Saturday,40,203,Waterfront 203,waterfront,399,459,570,32.9,75%,True,Downtown Farmers Market,1.08,345.83,64.8,"40d out → rack rate, monitoring occ | Events: Downtown Farmers Market (×1.08) | Weekend +15% (Fri/Sat)"
2026-06-27,Saturday,40,204,Waterfront 204,waterfront,409,459,575,32.5,75%,True,Downtown Farmers Market,1.08,345.83,66.3,"40d out → rack rate, monitoring occ | Events: Downtown Farmers Market (×1.08) | Weekend +15% (Fri/Sat)"
2026-06-27,Saturday,40,301,Water View 301,water_view,319,369,455,32.3,75%,True,Downtown Farmers Market,1.08,345.83,31.6,"40d out → rack rate, monitoring occ | Events: Downtown Farmers Market (×1.08) | Weekend +15% (Fri/Sat)"
2026-06-27,Saturday,40,302,Water View 302,water_view,319,369,455,32.3,75%,True,Downtown Farmers Market,1.08,345.83,31.6,"40d out → rack rate, monitoring occ | Events: Downtown Farmers Market (×1.08) | Weekend +15% (Fri/Sat)"
2026-06-27,Saturday,40,303,Water View 303,water_view,329,369,465,33.2,75%,True,Downtown Farmers Market,1.08,345.83,34.5,"40d out → rack rate, monitoring occ | Events: Downtown Farmers Market (×1.08) | Weekend +15% (Fri/Sat)"
2026-06-27,Saturday,40,304,Water View 304,water_view,319,359,450,32.7,75%,True,Downtown Farmers Market,1.08,345.83,30.1,"40d out → rack rate, monitoring occ | Events: Downtown Farmers Market (×1.08) | Weekend +15% (Fri/Sat)"
2026-06-27,Saturday,40,305,Water View 305,water_view,329,369,465,33.2,75%,True,Downtown Farmers Market,1.08,345.83,34.5,"40d out → rack rate, monitoring occ | Events: Downtown Farmers Market (×1.08) | Weekend +15% (Fri/Sat)"
2026-06-27,Saturday,40,101,Garden Room 101,garden,269,299,375,32.0,75%,True,Downtown Farmers Market,1.08,345.83,8.4,"40d out → rack rate, monitoring occ | Events: Downtown Farmers Market (×1.08) | Weekend +15% (Fri/Sat)"
2026-06-27,Saturday,40,102,Garden Room 102,garden,269,299,375,32.0,75%,True,Downtown Farmers Market,1.08,345.83,8.4,"40d out → rack rate, monitoring occ | Events: Downtown Farmers Market (×1.08) | Weekend +15% (Fri/Sat)"
2026-06-27,Saturday,40,103,Garden Room 103,garden,279,299,385,33.2,75%,True,Downtown Farmers Market,1.08,345.83,11.3,"40d out → rack rate, monitoring occ | Events: Downtown Farmers Market (×1.08) | Weekend +15% (Fri/Sat)"
2026-06-27,Saturday,40,104,Garden Room 104,garden,269,289,370,32.6,75%,True,Downtown Farmers Market,1.08,345.83,7.0,"40d out → rack rate, monitoring occ | Events: Downtown Farmers Market (×1.08) | Weekend +15% (Fri/Sat)"
2026-06-27,Saturday,40,cottage,Private Cottage,cottage,489,549,690,32.9,75%,True,Downtown Farmers Market,1.08,345.83,99.5,"40d out → rack rate, monitoring occ | Events: Downtown Farmers Market (×1.08) | Weekend +15% (Fri/Sat)"
2026-06-28,Sunday,41,201,Waterfront 201,waterfront,389,459,455,7.3,75%,False,,1.0,300.0,51.7,"41d out → rack rate, monitoring occ"
2026-06-28,Sunday,41,202,Waterfront 202,waterfront,389,459,455,7.3,75%,False,,1.0,300.0,51.7,"41d out → rack rate, monitoring occ"
2026-06-28,Sunday,41,203,Waterfront 203,waterfront,399,459,460,7.2,75%,False,,1.0,300.0,53.3,"41d out → rack rate, monitoring occ"
2026-06-28,Sunday,41,204,Waterfront 204,waterfront,409,459,465,7.1,75%,False,,1.0,300.0,55.0,"41d out → rack rate, monitoring occ"
2026-06-28,Sunday,41,301,Water View 301,water_view,319,369,370,7.6,75%,False,,1.0,300.0,23.3,"41d out → rack rate, monitoring occ"
2026-06-28,Sunday,41,302,Water View 302,water_view,319,369,370,7.6,75%,False,,1.0,300.0,23.3,"41d out → rack rate, monitoring occ"
2026-06-28,Sunday,41,303,Water View 303,water_view,329,369,375,7.4,75%,False,,1.0,300.0,25.0,"41d out → rack rate, monitoring occ"
2026-06-28,Sunday,41,304,Water View 304,water_view,319,359,365,7.7,75%,False,,1.0,300.0,21.7,"41d out → rack rate, monitoring occ"
2026-06-28,Sunday,41,305,Water View 305,water_view,329,369,375,7.4,75%,False,,1.0,300.0,25.0,"41d out → rack rate, monitoring occ"
2026-06-28,Sunday,41,101,Garden Room 101,garden,269,299,305,7.4,75%,False,,1.0,300.0,1.7,"41d out → rack rate, monitoring occ"
2026-06-28,Sunday,41,102,Garden Room 102,garden,269,299,305,7.4,75%,False,,1.0,300.0,1.7,"41d out → rack rate, monitoring occ"
2026-06-28,Sunday,41,103,Garden Room 103,garden,279,299,310,7.3,75%,False,,1.0,300.0,3.3,"41d out → rack rate, monitoring occ"
2026-06-28,Sunday,41,104,Garden Room 104,garden,269,289,300,7.5,75%,False,,1.0,300.0,0.0,"41d out → rack rate, monitoring occ"
2026-06-28,Sunday,41,cottage,Private Cottage,cottage,489,549,555,6.9,75%,False,,1.0,300.0,85.0,"41d out → rack rate, monitoring occ"
2026-06-29,Monday,42,201,Waterfront 201,waterfront,389,459,455,7.3,75%,False,,1.0,301.67,50.8,"42d out → rack rate, monitoring occ"
2026-06-29,Monday,42,202,Waterfront 202,waterfront,389,459,455,7.3,75%,False,,1.0,301.67,50.8,"42d out → rack rate, monitoring occ"
2026-06-29,Monday,42,203,Waterfront 203,waterfront,399,459,460,7.2,75%,False,,1.0,301.67,52.5,"42d out → rack rate, monitoring occ"
2026-06-29,Monday,42,204,Waterfront 204,waterfront,409,459,465,7.1,75%,False,,1.0,301.67,54.1,"42d out → rack rate, monitoring occ"
2026-06-29,Monday,42,301,Water View 301,water_view,319,369,370,7.6,75%,False,,1.0,301.67,22.7,"42d out → rack rate, monitoring occ"
2026-06-29,Monday,42,302,Water View 302,water_view,319,369,370,7.6,75%,False,,1.0,301.67,22.7,"42d out → rack rate, monitoring occ"
2026-06-29,Monday,42,303,Water View 303,water_view,329,369,375,7.4,75%,False,,1.0,301.67,24.3,"42d out → rack rate, monitoring occ"
2026-06-29,Monday,42,304,Water View 304,water_view,319,359,365,7.7,75%,False,,1.0,301.67,21.0,"42d out → rack rate, monitoring occ"
2026-06-29,Monday,42,305,Water View 305,water_view,329,369,375,7.4,75%,False,,1.0,301.67,24.3,"42d out → rack rate, monitoring occ"
2026-06-29,Monday,42,101,Garden Room 101,garden,269,299,305,7.4,75%,False,,1.0,301.67,1.1,"42d out → rack rate, monitoring occ"
2026-06-29,Monday,42,102,Garden Room 102,garden,269,299,305,7.4,75%,False,,1.0,301.67,1.1,"42d out → rack rate, monitoring occ"
2026-06-29,Monday,42,103,Garden Room 103,garden,279,299,310,7.3,75%,False,,1.0,301.67,2.8,"42d out → rack rate, monitoring occ"
2026-06-29,Monday,42,104,Garden Room 104,garden,269,289,300,7.5,75%,False,,1.0,301.67,-0.6,"42d out → rack rate, monitoring occ"
2026-06-29,Monday,42,cottage,Private Cottage,cottage,489,549,555,6.9,75%,False,,1.0,301.67,84.0,"42d out → rack rate, monitoring occ"
2026-06-30,Tuesday,43,201,Waterfront 201,waterfront,389,459,455,7.3,75%,False,,1.0,305.0,49.2,"43d out → rack rate, monitoring occ"
2026-06-30,Tuesday,43,202,Waterfront 202,waterfront,389,459,455,7.3,75%,False,,1.0,305.0,49.2,"43d out → rack rate, monitoring occ"
2026-06-30,Tuesday,43,203,Waterfront 203,waterfront,399,459,460,7.2,75%,False,,1.0,305.0,50.8,"43d out → rack rate, monitoring occ"
2026-06-30,Tuesday,43,204,Waterfront 204,waterfront,409,459,465,7.1,75%,False,,1.0,305.0,52.5,"43d out → rack rate, monitoring occ"
2026-06-30,Tuesday,43,301,Water View 301,water_view,319,369,370,7.6,75%,False,,1.0,305.0,21.3,"43d out → rack rate, monitoring occ"
2026-06-30,Tuesday,43,302,Water View 302,water_view,319,369,370,7.6,75%,False,,1.0,305.0,21.3,"43d out → rack rate, monitoring occ"
2026-06-30,Tuesday,43,303,Water View 303,water_view,329,369,375,7.4,75%,False,,1.0,305.0,23.0,"43d out → rack rate, monitoring occ"
2026-06-30,Tuesday,43,304,Water View 304,water_view,319,359,365,7.7,75%,False,,1.0,305.0,19.7,"43d out → rack rate, monitoring occ"
2026-06-30,Tuesday,43,305,Water View 305,water_view,329,369,375,7.4,75%,False,,1.0,305.0,23.0,"43d out → rack rate, monitoring occ"
2026-06-30,Tuesday,43,101,Garden Room 101,garden,269,299,305,7.4,75%,False,,1.0,305.0,0.0,"43d out → rack rate, monitoring occ"
2026-06-30,Tuesday,43,102,Garden Room 102,garden,269,299,305,7.4,75%,False,,1.0,305.0,0.0,"43d out → rack rate, monitoring occ"
2026-06-30,Tuesday,43,103,Garden Room 103,garden,279,299,310,7.3,75%,False,,1.0,305.0,1.6,"43d out → rack rate, monitoring occ"
2026-06-30,Tuesday,43,104,Garden Room 104,garden,269,289,300,7.5,75%,False,,1.0,305.0,-1.6,"43d out → rack rate, monitoring occ"
2026-06-30,Tuesday,43,cottage,Private Cottage,cottage,489,549,555,6.9,75%,False,,1.0,305.0,82.0,"43d out → rack rate, monitoring occ"
2026-07-01,Wednesday,44,201,Waterfront 201,waterfront,389,459,590,39.2,75%,False,4th of July Celebrations,1.175,377.5,56.3,"44d out → rack rate, monitoring occ | Events: 4th of July Celebrations (×1.18)"
2026-07-01,Wednesday,44,202,Waterfront 202,waterfront,389,459,590,39.2,75%,False,4th of July Celebrations,1.175,377.5,56.3,"44d out → rack rate, monitoring occ | Events: 4th of July Celebrations (×1.18)"
2026-07-01,Wednesday,44,203,Waterfront 203,waterfront,399,459,595,38.7,75%,False,4th of July Celebrations,1.175,377.5,57.6,"44d out → rack rate, monitoring occ | Events: 4th of July Celebrations (×1.18)"
2026-07-01,Wednesday,44,204,Waterfront 204,waterfront,409,459,600,38.2,75%,False,4th of July Celebrations,1.175,377.5,58.9,"44d out → rack rate, monitoring occ | Events: 4th of July Celebrations (×1.18)"
2026-07-01,Wednesday,44,301,Water View 301,water_view,319,369,475,38.1,75%,False,4th of July Celebrations,1.175,377.5,25.8,"44d out → rack rate, monitoring occ | Events: 4th of July Celebrations (×1.18)"
2026-07-01,Wednesday,44,302,Water View 302,water_view,319,369,475,38.1,75%,False,4th of July Celebrations,1.175,377.5,25.8,"44d out → rack rate, monitoring occ | Events: 4th of July Celebrations (×1.18)"
2026-07-01,Wednesday,44,303,Water View 303,water_view,329,369,485,39.0,75%,False,4th of July Celebrations,1.175,377.5,28.5,"44d out → rack rate, monitoring occ | Events: 4th of July Celebrations (×1.18)"
2026-07-01,Wednesday,44,304,Water View 304,water_view,319,359,470,38.6,75%,False,4th of July Celebrations,1.175,377.5,24.5,"44d out → rack rate, monitoring occ | Events: 4th of July Celebrations (×1.18)"
2026-07-01,Wednesday,44,305,Water View 305,water_view,329,369,485,39.0,75%,False,4th of July Celebrations,1.175,377.5,28.5,"44d out → rack rate, monitoring occ | Events: 4th of July Celebrations (×1.18)"
2026-07-01,Wednesday,44,101,Garden Room 101,garden,269,299,395,39.1,75%,False,4th of July Celebrations,1.175,377.5,4.6,"44d out → rack rate, monitoring occ | Events: 4th of July Celebrations (×1.18)"
2026-07-01,Wednesday,44,102,Garden Room 102,garden,269,299,395,39.1,75%,False,4th of July Celebrations,1.175,377.5,4.6,"44d out → rack rate, monitoring occ | Events: 4th of July Celebrations (×1.18)"
2026-07-01,Wednesday,44,103,Garden Room 103,garden,279,299,400,38.4,75%,False,4th of July Celebrations,1.175,377.5,6.0,"44d out → rack rate, monitoring occ | Events: 4th of July Celebrations (×1.18)"
2026-07-01,Wednesday,44,104,Garden Room 104,garden,269,289,385,38.0,75%,False,4th of July Celebrations,1.175,377.5,2.0,"44d out → rack rate, monitoring occ | Events: 4th of July Celebrations (×1.18)"
2026-07-01,Wednesday,44,cottage,Private Cottage,cottage,489,549,720,38.7,75%,False,4th of July Celebrations,1.175,377.5,90.7,"44d out → rack rate, monitoring occ | Events: 4th of July Celebrations (×1.18)"
2026-07-02,Thursday,45,201,Waterfront 201,waterfront,389,459,590,39.2,75%,False,4th of July Celebrations,1.175,379.17,55.6,"45d out → rack rate, monitoring occ | Events: 4th of July Celebrations (×1.18)"
2026-07-02,Thursday,45,202,Waterfront 202,waterfront,389,459,590,39.2,75%,False,4th of July Celebrations,1.175,379.17,55.6,"45d out → rack rate, monitoring occ | Events: 4th of July Celebrations (×1.18)"
2026-07-02,Thursday,45,203,Waterfront 203,waterfront,399,459,595,38.7,75%,False,4th of July Celebrations,1.175,379.17,56.9,"45d out → rack rate, monitoring occ | Events: 4th of July Celebrations (×1.18)"
2026-07-02,Thursday,45,204,Waterfront 204,waterfront,409,459,600,38.2,75%,False,4th of July Celebrations,1.175,379.17,58.2,"45d out → rack rate, monitoring occ | Events: 4th of July Celebrations (×1.18)"
2026-07-02,Thursday,45,301,Water View 301,water_view,319,369,475,38.1,75%,False,4th of July Celebrations,1.175,379.17,25.3,"45d out → rack rate, monitoring occ | Events: 4th of July Celebrations (×1.18)"
2026-07-02,Thursday,45,302,Water View 302,water_view,319,369,475,38.1,75%,False,4th of July Celebrations,1.175,379.17,25.3,"45d out → rack rate, monitoring occ | Events: 4th of July Celebrations (×1.18)"
2026-07-02,Thursday,45,303,Water View 303,water_view,329,369,485,39.0,75%,False,4th of July Celebrations,1.175,379.17,27.9,"45d out → rack rate, monitoring occ | Events: 4th of July Celebrations (×1.18)"
2026-07-02,Thursday,45,304,Water View 304,water_view,319,359,470,38.6,75%,False,4th of July Celebrations,1.175,379.17,24.0,"45d out → rack rate, monitoring occ | Events: 4th of July Celebrations (×1.18)"
2026-07-02,Thursday,45,305,Water View 305,water_view,329,369,485,39.0,75%,False,4th of July Celebrations,1.175,379.17,27.9,"45d out → rack rate, monitoring occ | Events: 4th of July Celebrations (×1.18)"
2026-07-02,Thursday,45,101,Garden Room 101,garden,269,299,395,39.1,75%,False,4th of July Celebrations,1.175,379.17,4.2,"45d out → rack rate, monitoring occ | Events: 4th of July Celebrations (×1.18)"
2026-07-02,Thursday,45,102,Garden Room 102,garden,269,299,395,39.1,75%,False,4th of July Celebrations,1.175,379.17,4.2,"45d out → rack rate, monitoring occ | Events: 4th of July Celebrations (×1.18)"
2026-07-02,Thursday,45,103,Garden Room 103,garden,279,299,400,38.4,75%,False,4th of July Celebrations,1.175,379.17,5.5,"45d out → rack rate, monitoring occ | Events: 4th of July Celebrations (×1.18)"
2026-07-02,Thursday,45,104,Garden Room 104,garden,269,289,385,38.0,75%,False,4th of July Celebrations,1.175,379.17,1.5,"45d out → rack rate, monitoring occ | Events: 4th of July Celebrations (×1.18)"
2026-07-02,Thursday,45,cottage,Private Cottage,cottage,489,549,720,38.7,75%,False,4th of July Celebrations,1.175,379.17,89.9,"45d out → rack rate, monitoring occ | Events: 4th of July Celebrations (×1.18)"
2026-07-03,Friday,46,201,Waterfront 201,waterfront,389,459,775,82.8,75%,True,4th of July Celebrations; Black Boses Freedom Festival; First Friday Art Walk; Parris Island USMC Graduation,1.35,418.33,85.3,"46d out → rack rate, monitoring occ | Events: 4th of July Celebrations, Black Boses Freedom Festival, First Friday Art Walk, Parris Island USMC Graduation (×1.35) | Weekend +15% (Fri/Sat)"
2026-07-03,Friday,46,202,Waterfront 202,waterfront,389,459,775,82.8,75%,True,4th of July Celebrations; Black Boses Freedom Festival; First Friday Art Walk; Parris Island USMC Graduation,1.35,418.33,85.3,"46d out → rack rate, monitoring occ | Events: 4th of July Celebrations, Black Boses Freedom Festival, First Friday Art Walk, Parris Island USMC Graduation (×1.35) | Weekend +15% (Fri/Sat)"
2026-07-03,Friday,46,203,Waterfront 203,waterfront,399,459,785,83.0,75%,True,4th of July Celebrations; Black Boses Freedom Festival; First Friday Art Walk; Parris Island USMC Graduation,1.35,418.33,87.6,"46d out → rack rate, monitoring occ | Events: 4th of July Celebrations, Black Boses Freedom Festival, First Friday Art Walk, Parris Island USMC Graduation (×1.35) | Weekend +15% (Fri/Sat)"
2026-07-03,Friday,46,204,Waterfront 204,waterfront,409,459,795,83.2,75%,True,4th of July Celebrations; Black Boses Freedom Festival; First Friday Art Walk; Parris Island USMC Graduation,1.35,418.33,90.0,"46d out → rack rate, monitoring occ | Events: 4th of July Celebrations, Black Boses Freedom Festival, First Friday Art Walk, Parris Island USMC Graduation (×1.35) | Weekend +15% (Fri/Sat)"
2026-07-03,Friday,46,301,Water View 301,water_view,319,369,630,83.1,75%,True,4th of July Celebrations; Black Boses Freedom Festival; First Friday Art Walk; Parris Island USMC Graduation,1.35,418.33,50.6,"46d out → rack rate, monitoring occ | Events: 4th of July Celebrations, Black Boses Freedom Festival, First Friday Art Walk, Parris Island USMC Graduation (×1.35) | Weekend +15% (Fri/Sat)"
2026-07-03,Friday,46,302,Water View 302,water_view,319,369,630,83.1,75%,True,4th of July Celebrations; Black Boses Freedom Festival; First Friday Art Walk; Parris Island USMC Graduation,1.35,418.33,50.6,"46d out → rack rate, monitoring occ | Events: 4th of July Celebrations, Black Boses Freedom Festival, First Friday Art Walk, Parris Island USMC Graduation (×1.35) | Weekend +15% (Fri/Sat)"
2026-07-03,Friday,46,303,Water View 303,water_view,329,369,640,83.4,75%,True,4th of July Celebrations; Black Boses Freedom Festival; First Friday Art Walk; Parris Island USMC Graduation,1.35,418.33,53.0,"46d out → rack rate, monitoring occ | Events: 4th of July Celebrations, Black Boses Freedom Festival, First Friday Art Walk, Parris Island USMC Graduation (×1.35) | Weekend +15% (Fri/Sat)"
2026-07-03,Friday,46,304,Water View 304,water_view,319,359,620,82.9,75%,True,4th of July Celebrations; Black Boses Freedom Festival; First Friday Art Walk; Parris Island USMC Graduation,1.35,418.33,48.2,"46d out → rack rate, monitoring occ | Events: 4th of July Celebrations, Black Boses Freedom Festival, First Friday Art Walk, Parris Island USMC Graduation (×1.35) | Weekend +15% (Fri/Sat)"
2026-07-03,Friday,46,305,Water View 305,water_view,329,369,640,83.4,75%,True,4th of July Celebrations; Black Boses Freedom Festival; First Friday Art Walk; Parris Island USMC Graduation,1.35,418.33,53.0,"46d out → rack rate, monitoring occ | Events: 4th of July Celebrations, Black Boses Freedom Festival, First Friday Art Walk, Parris Island USMC Graduation (×1.35) | Weekend +15% (Fri/Sat)"
2026-07-03,Friday,46,101,Garden Room 101,garden,269,299,520,83.1,75%,True,4th of July Celebrations; Black Boses Freedom Festival; First Friday Art Walk; Parris Island USMC Graduation,1.35,418.33,24.3,"46d out → rack rate, monitoring occ | Events: 4th of July Celebrations, Black Boses Freedom Festival, First Friday Art Walk, Parris Island USMC Graduation (×1.35) | Weekend +15% (Fri/Sat)"
2026-07-03,Friday,46,102,Garden Room 102,garden,269,299,520,83.1,75%,True,4th of July Celebrations; Black Boses Freedom Festival; First Friday Art Walk; Parris Island USMC Graduation,1.35,418.33,24.3,"46d out → rack rate, monitoring occ | Events: 4th of July Celebrations, Black Boses Freedom Festival, First Friday Art Walk, Parris Island USMC Graduation (×1.35) | Weekend +15% (Fri/Sat)"
2026-07-03,Friday,46,103,Garden Room 103,garden,279,299,530,83.4,75%,True,4th of July Celebrations; Black Boses Freedom Festival; First Friday Art Walk; Parris Island USMC Graduation,1.35,418.33,26.7,"46d out → rack rate, monitoring occ | Events: 4th of July Celebrations, Black Boses Freedom Festival, First Friday Art Walk, Parris Island USMC Graduation (×1.35) | Weekend +15% (Fri/Sat)"
2026-07-03,Friday,46,104,Garden Room 104,garden,269,289,510,82.8,75%,True,4th of July Celebrations; Black Boses Freedom Festival; First Friday Art Walk; Parris Island USMC Graduation,1.35,418.33,21.9,"46d out → rack rate, monitoring occ | Events: 4th of July Celebrations, Black Boses Freedom Festival, First Friday Art Walk, Parris Island USMC Graduation (×1.35) | Weekend +15% (Fri/Sat)"
2026-07-03,Friday,46,cottage,Private Cottage,cottage,489,549,950,83.0,75%,True,4th of July Celebrations; Black Boses Freedom Festival; First Friday Art Walk; Parris Island USMC Graduation,1.35,418.33,127.1,"46d out → rack rate, monitoring occ | Events: 4th of July Celebrations, Black Boses Freedom Festival, First Friday Art Walk, Parris Island USMC Graduation (×1.35) | Weekend +15% (Fri/Sat)"
2026-07-04,Saturday,47,201,Waterfront 201,waterfront,389,459,775,82.8,75%,True,4th of July Celebrations; Black Boses Freedom Festival; Downtown Farmers Market,1.35,418.33,85.3,"47d out → rack rate, monitoring occ | Events: 4th of July Celebrations, Black Boses Freedom Festival, Downtown Farmers Market (×1.35) | Weekend +15% (Fri/Sat)"
2026-07-04,Saturday,47,202,Waterfront 202,waterfront,389,459,775,82.8,75%,True,4th of July Celebrations; Black Boses Freedom Festival; Downtown Farmers Market,1.35,418.33,85.3,"47d out → rack rate, monitoring occ | Events: 4th of July Celebrations, Black Boses Freedom Festival, Downtown Farmers Market (×1.35) | Weekend +15% (Fri/Sat)"
2026-07-04,Saturday,47,203,Waterfront 203,waterfront,399,459,785,83.0,75%,True,4th of July Celebrations; Black Boses Freedom Festival; Downtown Farmers Market,1.35,418.33,87.6,"47d out → rack rate, monitoring occ | Events: 4th of July Celebrations, Black Boses Freedom Festival, Downtown Farmers Market (×1.35) | Weekend +15% (Fri/Sat)"
2026-07-04,Saturday,47,204,Waterfront 204,waterfront,409,459,795,83.2,75%,True,4th of July Celebrations; Black Boses Freedom Festival; Downtown Farmers Market,1.35,418.33,90.0,"47d out → rack rate, monitoring occ | Events: 4th of July Celebrations, Black Boses Freedom Festival, Downtown Farmers Market (×1.35) | Weekend +15% (Fri/Sat)"
2026-07-04,Saturday,47,301,Water View 301,water_view,319,369,630,83.1,75%,True,4th of July Celebrations; Black Boses Freedom Festival; Downtown Farmers Market,1.35,418.33,50.6,"47d out → rack rate, monitoring occ | Events: 4th of July Celebrations, Black Boses Freedom Festival, Downtown Farmers Market (×1.35) | Weekend +15% (Fri/Sat)"
2026-07-04,Saturday,47,302,Water View 302,water_view,319,369,630,83.1,75%,True,4th of July Celebrations; Black Boses Freedom Festival; Downtown Farmers Market,1.35,418.33,50.6,"47d out → rack rate, monitoring occ | Events: 4th of July Celebrations, Black Boses Freedom Festival, Downtown Farmers Market (×1.35) | Weekend +15% (Fri/Sat)"
2026-07-04,Saturday,47,303,Water View 303,water_view,329,369,640,83.4,75%,True,4th of July Celebrations; Black Boses Freedom Festival; Downtown Farmers Market,1.35,418.33,53.0,"47d out → rack rate, monitoring occ | Events: 4th of July Celebrations, Black Boses Freedom Festival, Downtown Farmers Market (×1.35) | Weekend +15% (Fri/Sat)"
2026-07-04,Saturday,47,304,Water View 304,water_view,319,359,620,82.9,75%,True,4th of July Celebrations; Black Boses Freedom Festival; Downtown Farmers Market,1.35,418.33,48.2,"47d out → rack rate, monitoring occ | Events: 4th of July Celebrations, Black Boses Freedom Festival, Downtown Farmers Market (×1.35) | Weekend +15% (Fri/Sat)"
2026-07-04,Saturday,47,305,Water View 305,water_view,329,369,640,83.4,75%,True,4th of July Celebrations; Black Boses Freedom Festival; Downtown Farmers Market,1.35,418.33,53.0,"47d out → rack rate, monitoring occ | Events: 4th of July Celebrations, Black Boses Freedom Festival, Downtown Farmers Market (×1.35) | Weekend +15% (Fri/Sat)"
2026-07-04,Saturday,47,101,Garden Room 101,garden,269,299,520,83.1,75%,True,4th of July Celebrations; Black Boses Freedom Festival; Downtown Farmers Market,1.35,418.33,24.3,"47d out → rack rate, monitoring occ | Events: 4th of July Celebrations, Black Boses Freedom Festival, Downtown Farmers Market (×1.35) | Weekend +15% (Fri/Sat)"
2026-07-04,Saturday,47,102,Garden Room 102,garden,269,299,520,83.1,75%,True,4th of July Celebrations; Black Boses Freedom Festival; Downtown Farmers Market,1.35,418.33,24.3,"47d out → rack rate, monitoring occ | Events: 4th of July Celebrations, Black Boses Freedom Festival, Downtown Farmers Market (×1.35) | Weekend +15% (Fri/Sat)"
2026-07-04,Saturday,47,103,Garden Room 103,garden,279,299,530,83.4,75%,True,4th of July Celebrations; Black Boses Freedom Festival; Downtown Farmers Market,1.35,418.33,26.7,"47d out → rack rate, monitoring occ | Events: 4th of July Celebrations, Black Boses Freedom Festival, Downtown Farmers Market (×1.35) | Weekend +15% (Fri/Sat)"
2026-07-04,Saturday,47,104,Garden Room 104,garden,269,289,510,82.8,75%,True,4th of July Celebrations; Black Boses Freedom Festival; Downtown Farmers Market,1.35,418.33,21.9,"47d out → rack rate, monitoring occ | Events: 4th of July Celebrations, Black Boses Freedom Festival, Downtown Farmers Market (×1.35) | Weekend +15% (Fri/Sat)"
2026-07-04,Saturday,47,cottage,Private Cottage,cottage,489,549,950,83.0,75%,True,4th of July Celebrations; Black Boses Freedom Festival; Downtown Farmers Market,1.35,418.33,127.1,"47d out → rack rate, monitoring occ | Events: 4th of July Celebrations, Black Boses Freedom Festival, Downtown Farmers Market (×1.35) | Weekend +15% (Fri/Sat)"
2026-07-05,Sunday,48,201,Waterfront 201,waterfront,389,459,675,59.2,75%,False,4th of July Celebrations; Black Boses Freedom Festival,1.35,419.17,61.0,"48d out → rack rate, monitoring occ | Events: 4th of July Celebrations, Black Boses Freedom Festival (×1.35)"
2026-07-05,Sunday,48,202,Waterfront 202,waterfront,389,459,675,59.2,75%,False,4th of July Celebrations; Black Boses Freedom Festival,1.35,419.17,61.0,"48d out → rack rate, monitoring occ | Events: 4th of July Celebrations, Black Boses Freedom Festival (×1.35)"
2026-07-05,Sunday,48,203,Waterfront 203,waterfront,399,459,685,59.7,75%,False,4th of July Celebrations; Black Boses Freedom Festival,1.35,419.17,63.4,"48d out → rack rate, monitoring occ | Events: 4th of July Celebrations, Black Boses Freedom Festival (×1.35)"
2026-07-05,Sunday,48,204,Waterfront 204,waterfront,409,459,690,59.0,75%,False,4th of July Celebrations; Black Boses Freedom Festival,1.35,419.17,64.6,"48d out → rack rate, monitoring occ | Events: 4th of July Celebrations, Black Boses Freedom Festival (×1.35)"
2026-07-05,Sunday,48,301,Water View 301,water_view,319,369,550,59.9,75%,False,4th of July Celebrations; Black Boses Freedom Festival,1.35,419.17,31.2,"48d out → rack rate, monitoring occ | Events: 4th of July Celebrations, Black Boses Freedom Festival (×1.35)"
2026-07-05,Sunday,48,302,Water View 302,water_view,319,369,550,59.9,75%,False,4th of July Celebrations; Black Boses Freedom Festival,1.35,419.17,31.2,"48d out → rack rate, monitoring occ | Events: 4th of July Celebrations, Black Boses Freedom Festival (×1.35)"
2026-07-05,Sunday,48,303,Water View 303,water_view,329,369,555,59.0,75%,False,4th of July Celebrations; Black Boses Freedom Festival,1.35,419.17,32.4,"48d out → rack rate, monitoring occ | Events: 4th of July Celebrations, Black Boses Freedom Festival (×1.35)"
2026-07-05,Sunday,48,304,Water View 304,water_view,319,359,540,59.3,75%,False,4th of July Celebrations; Black Boses Freedom Festival,1.35,419.17,28.8,"48d out → rack rate, monitoring occ | Events: 4th of July Celebrations, Black Boses Freedom Festival (×1.35)"
2026-07-05,Sunday,48,305,Water View 305,water_view,329,369,555,59.0,75%,False,4th of July Celebrations; Black Boses Freedom Festival,1.35,419.17,32.4,"48d out → rack rate, monitoring occ | Events: 4th of July Celebrations, Black Boses Freedom Festival (×1.35)"
2026-07-05,Sunday,48,101,Garden Room 101,garden,269,299,450,58.5,75%,False,4th of July Celebrations; Black Boses Freedom Festival,1.35,419.17,7.4,"48d out → rack rate, monitoring occ | Events: 4th of July Celebrations, Black Boses Freedom Festival (×1.35)"
2026-07-05,Sunday,48,102,Garden Room 102,garden,269,299,450,58.5,75%,False,4th of July Celebrations; Black Boses Freedom Festival,1.35,419.17,7.4,"48d out → rack rate, monitoring occ | Events: 4th of July Celebrations, Black Boses Freedom Festival (×1.35)"
2026-07-05,Sunday,48,103,Garden Room 103,garden,279,299,460,59.2,75%,False,4th of July Celebrations; Black Boses Freedom Festival,1.35,419.17,9.7,"48d out → rack rate, monitoring occ | Events: 4th of July Celebrations, Black Boses Freedom Festival (×1.35)"
2026-07-05,Sunday,48,104,Garden Room 104,garden,269,289,445,59.5,75%,False,4th of July Celebrations; Black Boses Freedom Festival,1.35,419.17,6.2,"48d out → rack rate, monitoring occ | Events: 4th of July Celebrations, Black Boses Freedom Festival (×1.35)"
2026-07-05,Sunday,48,cottage,Private Cottage,cottage,489,549,825,59.0,75%,False,4th of July Celebrations; Black Boses Freedom Festival,1.35,419.17,96.8,"48d out → rack rate, monitoring occ | Events: 4th of July Celebrations, Black Boses Freedom Festival (×1.35)"
2026-07-06,Monday,49,201,Waterfront 201,waterfront,389,459,675,59.2,75%,False,4th of July Celebrations; Black Boses Freedom Festival,1.35,420.0,60.7,"49d out → rack rate, monitoring occ | Events: 4th of July Celebrations, Black Boses Freedom Festival (×1.35)"
2026-07-06,Monday,49,202,Waterfront 202,waterfront,389,459,675,59.2,75%,False,4th of July Celebrations; Black Boses Freedom Festival,1.35,420.0,60.7,"49d out → rack rate, monitoring occ | Events: 4th of July Celebrations, Black Boses Freedom Festival (×1.35)"
2026-07-06,Monday,49,203,Waterfront 203,waterfront,399,459,685,59.7,75%,False,4th of July Celebrations; Black Boses Freedom Festival,1.35,420.0,63.1,"49d out → rack rate, monitoring occ | Events: 4th of July Celebrations, Black Boses Freedom Festival (×1.35)"
2026-07-06,Monday,49,204,Waterfront 204,waterfront,409,459,690,59.0,75%,False,4th of July Celebrations; Black Boses Freedom Festival,1.35,420.0,64.3,"49d out → rack rate, monitoring occ | Events: 4th of July Celebrations, Black Boses Freedom Festival (×1.35)"
2026-07-06,Monday,49,301,Water View 301,water_view,319,369,550,59.9,75%,False,4th of July Celebrations; Black Boses Freedom Festival,1.35,420.0,31.0,"49d out → rack rate, monitoring occ | Events: 4th of July Celebrations, Black Boses Freedom Festival (×1.35)"
2026-07-06,Monday,49,302,Water View 302,water_view,319,369,550,59.9,75%,False,4th of July Celebrations; Black Boses Freedom Festival,1.35,420.0,31.0,"49d out → rack rate, monitoring occ | Events: 4th of July Celebrations, Black Boses Freedom Festival (×1.35)"
2026-07-06,Monday,49,303,Water View 303,water_view,329,369,555,59.0,75%,False,4th of July Celebrations; Black Boses Freedom Festival,1.35,420.0,32.1,"49d out → rack rate, monitoring occ | Events: 4th of July Celebrations, Black Boses Freedom Festival (×1.35)"
2026-07-06,Monday,49,304,Water View 304,water_view,319,359,540,59.3,75%,False,4th of July Celebrations; Black Boses Freedom Festival,1.35,420.0,28.6,"49d out → rack rate, monitoring occ | Events: 4th of July Celebrations, Black Boses Freedom Festival (×1.35)"
2026-07-06,Monday,49,305,Water View 305,water_view,329,369,555,59.0,75%,False,4th of July Celebrations; Black Boses Freedom Festival,1.35,420.0,32.1,"49d out → rack rate, monitoring occ | Events: 4th of July Celebrations, Black Boses Freedom Festival (×1.35)"
2026-07-06,Monday,49,101,Garden Room 101,garden,269,299,450,58.5,75%,False,4th of July Celebrations; Black Boses Freedom Festival,1.35,420.0,7.1,"49d out → rack rate, monitoring occ | Events: 4th of July Celebrations, Black Boses Freedom Festival (×1.35)"
2026-07-06,Monday,49,102,Garden Room 102,garden,269,299,450,58.5,75%,False,4th of July Celebrations; Black Boses Freedom Festival,1.35,420.0,7.1,"49d out → rack rate, monitoring occ | Events: 4th of July Celebrations, Black Boses Freedom Festival (×1.35)"
2026-07-06,Monday,49,103,Garden Room 103,garden,279,299,460,59.2,75%,False,4th of July Celebrations; Black Boses Freedom Festival,1.35,420.0,9.5,"49d out → rack rate, monitoring occ | Events: 4th of July Celebrations, Black Boses Freedom Festival (×1.35)"
2026-07-06,Monday,49,104,Garden Room 104,garden,269,289,445,59.5,75%,False,4th of July Celebrations; Black Boses Freedom Festival,1.35,420.0,6.0,"49d out → rack rate, monitoring occ | Events: 4th of July Celebrations, Black Boses Freedom Festival (×1.35)"
2026-07-06,Monday,49,cottage,Private Cottage,cottage,489,549,825,59.0,75%,False,4th of July Celebrations; Black Boses Freedom Festival,1.35,420.0,96.4,"49d out → rack rate, monitoring occ | Events: 4th of July Celebrations, Black Boses Freedom Festival (×1.35)"
2026-07-07,Tuesday,50,201,Waterfront 201,waterfront,389,459,500,17.9,75%,False,,1.0,335.0,49.3,"50d out → rack rate, monitoring occ"
2026-07-07,Tuesday,50,202,Waterfront 202,waterfront,389,459,500,17.9,75%,False,,1.0,335.0,49.3,"50d out → rack rate, monitoring occ"
2026-07-07,Tuesday,50,203,Waterfront 203,waterfront,399,459,505,17.7,75%,False,,1.0,335.0,50.7,"50d out → rack rate, monitoring occ"
2026-07-07,Tuesday,50,204,Waterfront 204,waterfront,409,459,510,17.5,75%,False,,1.0,335.0,52.2,"50d out → rack rate, monitoring occ"
2026-07-07,Tuesday,50,301,Water View 301,water_view,319,369,405,17.7,75%,False,,1.0,335.0,20.9,"50d out → rack rate, monitoring occ"
2026-07-07,Tuesday,50,302,Water View 302,water_view,319,369,405,17.7,75%,False,,1.0,335.0,20.9,"50d out → rack rate, monitoring occ"
2026-07-07,Tuesday,50,303,Water View 303,water_view,329,369,410,17.5,75%,False,,1.0,335.0,22.4,"50d out → rack rate, monitoring occ"
2026-07-07,Tuesday,50,304,Water View 304,water_view,319,359,400,18.0,75%,False,,1.0,335.0,19.4,"50d out → rack rate, monitoring occ"
2026-07-07,Tuesday,50,305,Water View 305,water_view,329,369,410,17.5,75%,False,,1.0,335.0,22.4,"50d out → rack rate, monitoring occ"
2026-07-07,Tuesday,50,101,Garden Room 101,garden,269,299,335,18.0,75%,False,,1.0,335.0,0.0,"50d out → rack rate, monitoring occ"
2026-07-07,Tuesday,50,102,Garden Room 102,garden,269,299,335,18.0,75%,False,,1.0,335.0,0.0,"50d out → rack rate, monitoring occ"
2026-07-07,Tuesday,50,103,Garden Room 103,garden,279,299,340,17.6,75%,False,,1.0,335.0,1.5,"50d out → rack rate, monitoring occ"
2026-07-07,Tuesday,50,104,Garden Room 104,garden,269,289,330,18.3,75%,False,,1.0,335.0,-1.5,"50d out → rack rate, monitoring occ"
2026-07-07,Tuesday,50,cottage,Private Cottage,cottage,489,549,610,17.5,75%,False,,1.0,335.0,82.1,"50d out → rack rate, monitoring occ"
2026-07-08,Wednesday,51,201,Waterfront 201,waterfront,389,459,500,17.9,75%,False,,1.0,331.67,50.8,"51d out → rack rate, monitoring occ"
2026-07-08,Wednesday,51,202,Waterfront 202,waterfront,389,459,500,17.9,75%,False,,1.0,331.67,50.8,"51d out → rack rate, monitoring occ"
2026-07-08,Wednesday,51,203,Waterfront 203,waterfront,399,459,505,17.7,75%,False,,1.0,331.67,52.3,"51d out → rack rate, monitoring occ"
2026-07-08,Wednesday,51,204,Waterfront 204,waterfront,409,459,510,17.5,75%,False,,1.0,331.67,53.8,"51d out → rack rate, monitoring occ"
2026-07-08,Wednesday,51,301,Water View 301,water_view,319,369,405,17.7,75%,False,,1.0,331.67,22.1,"51d out → rack rate, monitoring occ"
2026-07-08,Wednesday,51,302,Water View 302,water_view,319,369,405,17.7,75%,False,,1.0,331.67,22.1,"51d out → rack rate, monitoring occ"
2026-07-08,Wednesday,51,303,Water View 303,water_view,329,369,410,17.5,75%,False,,1.0,331.67,23.6,"51d out → rack rate, monitoring occ"
2026-07-08,Wednesday,51,304,Water View 304,water_view,319,359,400,18.0,75%,False,,1.0,331.67,20.6,"51d out → rack rate, monitoring occ"
2026-07-08,Wednesday,51,305,Water View 305,water_view,329,369,410,17.5,75%,False,,1.0,331.67,23.6,"51d out → rack rate, monitoring occ"
2026-07-08,Wednesday,51,101,Garden Room 101,garden,269,299,335,18.0,75%,False,,1.0,331.67,1.0,"51d out → rack rate, monitoring occ"
2026-07-08,Wednesday,51,102,Garden Room 102,garden,269,299,335,18.0,75%,False,,1.0,331.67,1.0,"51d out → rack rate, monitoring occ"
2026-07-08,Wednesday,51,103,Garden Room 103,garden,279,299,340,17.6,75%,False,,1.0,331.67,2.5,"51d out → rack rate, monitoring occ"
2026-07-08,Wednesday,51,104,Garden Room 104,garden,269,289,330,18.3,75%,False,,1.0,331.67,-0.5,"51d out → rack rate, monitoring occ"
2026-07-08,Wednesday,51,cottage,Private Cottage,cottage,489,549,610,17.5,75%,False,,1.0,331.67,83.9,"51d out → rack rate, monitoring occ"
2026-07-09,Thursday,52,201,Waterfront 201,waterfront,389,459,500,17.9,75%,False,,1.0,335.83,48.9,"52d out → rack rate, monitoring occ"
2026-07-09,Thursday,52,202,Waterfront 202,waterfront,389,459,500,17.9,75%,False,,1.0,335.83,48.9,"52d out → rack rate, monitoring occ"
2026-07-09,Thursday,52,203,Waterfront 203,waterfront,399,459,505,17.7,75%,False,,1.0,335.83,50.4,"52d out → rack rate, monitoring occ"
2026-07-09,Thursday,52,204,Waterfront 204,waterfront,409,459,510,17.5,75%,False,,1.0,335.83,51.9,"52d out → rack rate, monitoring occ"
2026-07-09,Thursday,52,301,Water View 301,water_view,319,369,405,17.7,75%,False,,1.0,335.83,20.6,"52d out → rack rate, monitoring occ"
2026-07-09,Thursday,52,302,Water View 302,water_view,319,369,405,17.7,75%,False,,1.0,335.83,20.6,"52d out → rack rate, monitoring occ"
2026-07-09,Thursday,52,303,Water View 303,water_view,329,369,410,17.5,75%,False,,1.0,335.83,22.1,"52d out → rack rate, monitoring occ"
2026-07-09,Thursday,52,304,Water View 304,water_view,319,359,400,18.0,75%,False,,1.0,335.83,19.1,"52d out → rack rate, monitoring occ"
2026-07-09,Thursday,52,305,Water View 305,water_view,329,369,410,17.5,75%,False,,1.0,335.83,22.1,"52d out → rack rate, monitoring occ"
2026-07-09,Thursday,52,101,Garden Room 101,garden,269,299,335,18.0,75%,False,,1.0,335.83,-0.2,"52d out → rack rate, monitoring occ"
2026-07-09,Thursday,52,102,Garden Room 102,garden,269,299,335,18.0,75%,False,,1.0,335.83,-0.2,"52d out → rack rate, monitoring occ"
2026-07-09,Thursday,52,103,Garden Room 103,garden,279,299,340,17.6,75%,False,,1.0,335.83,1.2,"52d out → rack rate, monitoring occ"
2026-07-09,Thursday,52,104,Garden Room 104,garden,269,289,330,18.3,75%,False,,1.0,335.83,-1.7,"52d out → rack rate, monitoring occ"
2026-07-09,Thursday,52,cottage,Private Cottage,cottage,489,549,610,17.5,75%,False,,1.0,335.83,81.6,"52d out → rack rate, monitoring occ"
2026-07-10,Friday,53,201,Waterfront 201,waterfront,389,459,575,35.6,75%,True,,1.0,382.5,50.3,"53d out → rack rate, monitoring occ | Weekend +15% (Fri/Sat)"
2026-07-10,Friday,53,202,Waterfront 202,waterfront,389,459,575,35.6,75%,True,,1.0,382.5,50.3,"53d out → rack rate, monitoring occ | Weekend +15% (Fri/Sat)"
2026-07-10,Friday,53,203,Waterfront 203,waterfront,399,459,580,35.2,75%,True,,1.0,382.5,51.6,"53d out → rack rate, monitoring occ | Weekend +15% (Fri/Sat)"
2026-07-10,Friday,53,204,Waterfront 204,waterfront,409,459,590,35.9,75%,True,,1.0,382.5,54.2,"53d out → rack rate, monitoring occ | Weekend +15% (Fri/Sat)"
2026-07-10,Friday,53,301,Water View 301,water_view,319,369,465,35.2,75%,True,,1.0,382.5,21.6,"53d out → rack rate, monitoring occ | Weekend +15% (Fri/Sat)"
2026-07-10,Friday,53,302,Water View 302,water_view,319,369,465,35.2,75%,True,,1.0,382.5,21.6,"53d out → rack rate, monitoring occ | Weekend +15% (Fri/Sat)"
2026-07-10,Friday,53,303,Water View 303,water_view,329,369,475,36.1,75%,True,,1.0,382.5,24.2,"53d out → rack rate, monitoring occ | Weekend +15% (Fri/Sat)"
2026-07-10,Friday,53,304,Water View 304,water_view,319,359,460,35.7,75%,True,,1.0,382.5,20.3,"53d out → rack rate, monitoring occ | Weekend +15% (Fri/Sat)"
2026-07-10,Friday,53,305,Water View 305,water_view,329,369,475,36.1,75%,True,,1.0,382.5,24.2,"53d out → rack rate, monitoring occ | Weekend +15% (Fri/Sat)"
2026-07-10,Friday,53,101,Garden Room 101,garden,269,299,385,35.6,75%,True,,1.0,382.5,0.7,"53d out → rack rate, monitoring occ | Weekend +15% (Fri/Sat)"
2026-07-10,Friday,53,102,Garden Room 102,garden,269,299,385,35.6,75%,True,,1.0,382.5,0.7,"53d out → rack rate, monitoring occ | Weekend +15% (Fri/Sat)"
2026-07-10,Friday,53,103,Garden Room 103,garden,279,299,390,34.9,75%,True,,1.0,382.5,2.0,"53d out → rack rate, monitoring occ | Weekend +15% (Fri/Sat)"
2026-07-10,Friday,53,104,Garden Room 104,garden,269,289,380,36.2,75%,True,,1.0,382.5,-0.7,"53d out → rack rate, monitoring occ | Weekend +15% (Fri/Sat)"
2026-07-10,Friday,53,cottage,Private Cottage,cottage,489,549,705,35.8,75%,True,,1.0,382.5,84.3,"53d out → rack rate, monitoring occ | Weekend +15% (Fri/Sat)"
2026-07-11,Saturday,54,201,Waterfront 201,waterfront,389,459,620,46.2,75%,True,Downtown Farmers Market,1.08,379.17,63.5,"54d out → rack rate, monitoring occ | Events: Downtown Farmers Market (×1.08) | Weekend +15% (Fri/Sat)"
2026-07-11,Saturday,54,202,Waterfront 202,waterfront,389,459,620,46.2,75%,True,Downtown Farmers Market,1.08,379.17,63.5,"54d out → rack rate, monitoring occ | Events: Downtown Farmers Market (×1.08) | Weekend +15% (Fri/Sat)"
2026-07-11,Saturday,54,203,Waterfront 203,waterfront,399,459,630,46.9,75%,True,Downtown Farmers Market,1.08,379.17,66.2,"54d out → rack rate, monitoring occ | Events: Downtown Farmers Market (×1.08) | Weekend +15% (Fri/Sat)"
2026-07-11,Saturday,54,204,Waterfront 204,waterfront,409,459,635,46.3,75%,True,Downtown Farmers Market,1.08,379.17,67.5,"54d out → rack rate, monitoring occ | Events: Downtown Farmers Market (×1.08) | Weekend +15% (Fri/Sat)"
2026-07-11,Saturday,54,301,Water View 301,water_view,319,369,505,46.8,75%,True,Downtown Farmers Market,1.08,379.17,33.2,"54d out → rack rate, monitoring occ | Events: Downtown Farmers Market (×1.08) | Weekend +15% (Fri/Sat)"
2026-07-11,Saturday,54,302,Water View 302,water_view,319,369,505,46.8,75%,True,Downtown Farmers Market,1.08,379.17,33.2,"54d out → rack rate, monitoring occ | Events: Downtown Farmers Market (×1.08) | Weekend +15% (Fri/Sat)"
2026-07-11,Saturday,54,303,Water View 303,water_view,329,369,510,46.1,75%,True,Downtown Farmers Market,1.08,379.17,34.5,"54d out → rack rate, monitoring occ | Events: Downtown Farmers Market (×1.08) | Weekend +15% (Fri/Sat)"
2026-07-11,Saturday,54,304,Water View 304,water_view,319,359,495,46.0,75%,True,Downtown Farmers Market,1.08,379.17,30.5,"54d out → rack rate, monitoring occ | Events: Downtown Farmers Market (×1.08) | Weekend +15% (Fri/Sat)"
2026-07-11,Saturday,54,305,Water View 305,water_view,329,369,510,46.1,75%,True,Downtown Farmers Market,1.08,379.17,34.5,"54d out → rack rate, monitoring occ | Events: Downtown Farmers Market (×1.08) | Weekend +15% (Fri/Sat)"
2026-07-11,Saturday,54,101,Garden Room 101,garden,269,299,415,46.1,75%,True,Downtown Farmers Market,1.08,379.17,9.5,"54d out → rack rate, monitoring occ | Events: Downtown Farmers Market (×1.08) | Weekend +15% (Fri/Sat)"
2026-07-11,Saturday,54,102,Garden Room 102,garden,269,299,415,46.1,75%,True,Downtown Farmers Market,1.08,379.17,9.5,"54d out → rack rate, monitoring occ | Events: Downtown Farmers Market (×1.08) | Weekend +15% (Fri/Sat)"
2026-07-11,Saturday,54,103,Garden Room 103,garden,279,299,425,47.1,75%,True,Downtown Farmers Market,1.08,379.17,12.1,"54d out → rack rate, monitoring occ | Events: Downtown Farmers Market (×1.08) | Weekend +15% (Fri/Sat)"
2026-07-11,Saturday,54,104,Garden Room 104,garden,269,289,410,47.0,75%,True,Downtown Farmers Market,1.08,379.17,8.1,"54d out → rack rate, monitoring occ | Events: Downtown Farmers Market (×1.08) | Weekend +15% (Fri/Sat)"
2026-07-11,Saturday,54,cottage,Private Cottage,cottage,489,549,760,46.4,75%,True,Downtown Farmers Market,1.08,379.17,100.4,"54d out → rack rate, monitoring occ | Events: Downtown Farmers Market (×1.08) | Weekend +15% (Fri/Sat)"
2026-07-12,Sunday,55,201,Waterfront 201,waterfront,389,459,500,17.9,75%,False,,1.0,331.67,50.8,"55d out → rack rate, monitoring occ"
2026-07-12,Sunday,55,202,Waterfront 202,waterfront,389,459,500,17.9,75%,False,,1.0,331.67,50.8,"55d out → rack rate, monitoring occ"
2026-07-12,Sunday,55,203,Waterfront 203,waterfront,399,459,505,17.7,75%,False,,1.0,331.67,52.3,"55d out → rack rate, monitoring occ"
2026-07-12,Sunday,55,204,Waterfront 204,waterfront,409,459,510,17.5,75%,False,,1.0,331.67,53.8,"55d out → rack rate, monitoring occ"
2026-07-12,Sunday,55,301,Water View 301,water_view,319,369,405,17.7,75%,False,,1.0,331.67,22.1,"55d out → rack rate, monitoring occ"
2026-07-12,Sunday,55,302,Water View 302,water_view,319,369,405,17.7,75%,False,,1.0,331.67,22.1,"55d out → rack rate, monitoring occ"
2026-07-12,Sunday,55,303,Water View 303,water_view,329,369,410,17.5,75%,False,,1.0,331.67,23.6,"55d out → rack rate, monitoring occ"
2026-07-12,Sunday,55,304,Water View 304,water_view,319,359,400,18.0,75%,False,,1.0,331.67,20.6,"55d out → rack rate, monitoring occ"
2026-07-12,Sunday,55,305,Water View 305,water_view,329,369,410,17.5,75%,False,,1.0,331.67,23.6,"55d out → rack rate, monitoring occ"
2026-07-12,Sunday,55,101,Garden Room 101,garden,269,299,335,18.0,75%,False,,1.0,331.67,1.0,"55d out → rack rate, monitoring occ"
2026-07-12,Sunday,55,102,Garden Room 102,garden,269,299,335,18.0,75%,False,,1.0,331.67,1.0,"55d out → rack rate, monitoring occ"
2026-07-12,Sunday,55,103,Garden Room 103,garden,279,299,340,17.6,75%,False,,1.0,331.67,2.5,"55d out → rack rate, monitoring occ"
2026-07-12,Sunday,55,104,Garden Room 104,garden,269,289,330,18.3,75%,False,,1.0,331.67,-0.5,"55d out → rack rate, monitoring occ"
2026-07-12,Sunday,55,cottage,Private Cottage,cottage,489,549,610,17.5,75%,False,,1.0,331.67,83.9,"55d out → rack rate, monitoring occ"
2026-07-13,Monday,56,201,Waterfront 201,waterfront,389,459,500,17.9,75%,False,,1.0,334.17,49.6,"56d out → rack rate, monitoring occ"
2026-07-13,Monday,56,202,Waterfront 202,waterfront,389,459,500,17.9,75%,False,,1.0,334.17,49.6,"56d out → rack rate, monitoring occ"
2026-07-13,Monday,56,203,Waterfront 203,waterfront,399,459,505,17.7,75%,False,,1.0,334.17,51.1,"56d out → rack rate, monitoring occ"
2026-07-13,Monday,56,204,Waterfront 204,waterfront,409,459,510,17.5,75%,False,,1.0,334.17,52.6,"56d out → rack rate, monitoring occ"
2026-07-13,Monday,56,301,Water View 301,water_view,319,369,405,17.7,75%,False,,1.0,334.17,21.2,"56d out → rack rate, monitoring occ"
2026-07-13,Monday,56,302,Water View 302,water_view,319,369,405,17.7,75%,False,,1.0,334.17,21.2,"56d out → rack rate, monitoring occ"
2026-07-13,Monday,56,303,Water View 303,water_view,329,369,410,17.5,75%,False,,1.0,334.17,22.7,"56d out → rack rate, monitoring occ"
2026-07-13,Monday,56,304,Water View 304,water_view,319,359,400,18.0,75%,False,,1.0,334.17,19.7,"56d out → rack rate, monitoring occ"
2026-07-13,Monday,56,305,Water View 305,water_view,329,369,410,17.5,75%,False,,1.0,334.17,22.7,"56d out → rack rate, monitoring occ"
2026-07-13,Monday,56,101,Garden Room 101,garden,269,299,335,18.0,75%,False,,1.0,334.17,0.2,"56d out → rack rate, monitoring occ"
2026-07-13,Monday,56,102,Garden Room 102,garden,269,299,335,18.0,75%,False,,1.0,334.17,0.2,"56d out → rack rate, monitoring occ"
2026-07-13,Monday,56,103,Garden Room 103,garden,279,299,340,17.6,75%,False,,1.0,334.17,1.7,"56d out → rack rate, monitoring occ"
2026-07-13,Monday,56,104,Garden Room 104,garden,269,289,330,18.3,75%,False,,1.0,334.17,-1.2,"56d out → rack rate, monitoring occ"
2026-07-13,Monday,56,cottage,Private Cottage,cottage,489,549,610,17.5,75%,False,,1.0,334.17,82.5,"56d out → rack rate, monitoring occ"
2026-07-14,Tuesday,57,201,Waterfront 201,waterfront,389,459,500,17.9,75%,False,,1.0,334.17,49.6,"57d out → rack rate, monitoring occ"
2026-07-14,Tuesday,57,202,Waterfront 202,waterfront,389,459,500,17.9,75%,False,,1.0,334.17,49.6,"57d out → rack rate, monitoring occ"
2026-07-14,Tuesday,57,203,Waterfront 203,waterfront,399,459,505,17.7,75%,False,,1.0,334.17,51.1,"57d out → rack rate, monitoring occ"
2026-07-14,Tuesday,57,204,Waterfront 204,waterfront,409,459,510,17.5,75%,False,,1.0,334.17,52.6,"57d out → rack rate, monitoring occ"
2026-07-14,Tuesday,57,301,Water View 301,water_view,319,369,405,17.7,75%,False,,1.0,334.17,21.2,"57d out → rack rate, monitoring occ"
2026-07-14,Tuesday,57,302,Water View 302,water_view,319,369,405,17.7,75%,False,,1.0,334.17,21.2,"57d out → rack rate, monitoring occ"
2026-07-14,Tuesday,57,303,Water View 303,water_view,329,369,410,17.5,75%,False,,1.0,334.17,22.7,"57d out → rack rate, monitoring occ"
2026-07-14,Tuesday,57,304,Water View 304,water_view,319,359,400,18.0,75%,False,,1.0,334.17,19.7,"57d out → rack rate, monitoring occ"
2026-07-14,Tuesday,57,305,Water View 305,water_view,329,369,410,17.5,75%,False,,1.0,334.17,22.7,"57d out → rack rate, monitoring occ"
2026-07-14,Tuesday,57,101,Garden Room 101,garden,269,299,335,18.0,75%,False,,1.0,334.17,0.2,"57d out → rack rate, monitoring occ"
2026-07-14,Tuesday,57,102,Garden Room 102,garden,269,299,335,18.0,75%,False,,1.0,334.17,0.2,"57d out → rack rate, monitoring occ"
2026-07-14,Tuesday,57,103,Garden Room 103,garden,279,299,340,17.6,75%,False,,1.0,334.17,1.7,"57d out → rack rate, monitoring occ"
2026-07-14,Tuesday,57,104,Garden Room 104,garden,269,289,330,18.3,75%,False,,1.0,334.17,-1.2,"57d out → rack rate, monitoring occ"
2026-07-14,Tuesday,57,cottage,Private Cottage,cottage,489,549,610,17.5,75%,False,,1.0,334.17,82.5,"57d out → rack rate, monitoring occ"
2026-07-15,Wednesday,58,201,Waterfront 201,waterfront,389,459,575,35.6,75%,False,Annual Beaufort Water Festival,1.15,370.83,55.1,"58d out → rack rate, monitoring occ | Events: Annual Beaufort Water Festival (×1.15)"
2026-07-15,Wednesday,58,202,Waterfront 202,waterfront,389,459,575,35.6,75%,False,Annual Beaufort Water Festival,1.15,370.83,55.1,"58d out → rack rate, monitoring occ | Events: Annual Beaufort Water Festival (×1.15)"
2026-07-15,Wednesday,58,203,Waterfront 203,waterfront,399,459,580,35.2,75%,False,Annual Beaufort Water Festival,1.15,370.83,56.4,"58d out → rack rate, monitoring occ | Events: Annual Beaufort Water Festival (×1.15)"
2026-07-15,Wednesday,58,204,Waterfront 204,waterfront,409,459,590,35.9,75%,False,Annual Beaufort Water Festival,1.15,370.83,59.1,"58d out → rack rate, monitoring occ | Events: Annual Beaufort Water Festival (×1.15)"
2026-07-15,Wednesday,58,301,Water View 301,water_view,319,369,465,35.2,75%,False,Annual Beaufort Water Festival,1.15,370.83,25.4,"58d out → rack rate, monitoring occ | Events: Annual Beaufort Water Festival (×1.15)"
2026-07-15,Wednesday,58,302,Water View 302,water_view,319,369,465,35.2,75%,False,Annual Beaufort Water Festival,1.15,370.83,25.4,"58d out → rack rate, monitoring occ | Events: Annual Beaufort Water Festival (×1.15)"
2026-07-15,Wednesday,58,303,Water View 303,water_view,329,369,475,36.1,75%,False,Annual Beaufort Water Festival,1.15,370.83,28.1,"58d out → rack rate, monitoring occ | Events: Annual Beaufort Water Festival (×1.15)"
2026-07-15,Wednesday,58,304,Water View 304,water_view,319,359,460,35.7,75%,False,Annual Beaufort Water Festival,1.15,370.83,24.0,"58d out → rack rate, monitoring occ | Events: Annual Beaufort Water Festival (×1.15)"
2026-07-15,Wednesday,58,305,Water View 305,water_view,329,369,475,36.1,75%,False,Annual Beaufort Water Festival,1.15,370.83,28.1,"58d out → rack rate, monitoring occ | Events: Annual Beaufort Water Festival (×1.15)"
2026-07-15,Wednesday,58,101,Garden Room 101,garden,269,299,385,35.6,75%,False,Annual Beaufort Water Festival,1.15,370.83,3.8,"58d out → rack rate, monitoring occ | Events: Annual Beaufort Water Festival (×1.15)"
2026-07-15,Wednesday,58,102,Garden Room 102,garden,269,299,385,35.6,75%,False,Annual Beaufort Water Festival,1.15,370.83,3.8,"58d out → rack rate, monitoring occ | Events: Annual Beaufort Water Festival (×1.15)"
2026-07-15,Wednesday,58,103,Garden Room 103,garden,279,299,390,34.9,75%,False,Annual Beaufort Water Festival,1.15,370.83,5.2,"58d out → rack rate, monitoring occ | Events: Annual Beaufort Water Festival (×1.15)"
2026-07-15,Wednesday,58,104,Garden Room 104,garden,269,289,380,36.2,75%,False,Annual Beaufort Water Festival,1.15,370.83,2.5,"58d out → rack rate, monitoring occ | Events: Annual Beaufort Water Festival (×1.15)"
2026-07-15,Wednesday,58,cottage,Private Cottage,cottage,489,549,705,35.8,75%,False,Annual Beaufort Water Festival,1.15,370.83,90.1,"58d out → rack rate, monitoring occ | Events: Annual Beaufort Water Festival (×1.15)"
2026-07-16,Thursday,59,201,Waterfront 201,waterfront,389,459,575,35.6,75%,False,Annual Beaufort Water Festival,1.15,372.5,54.4,"59d out → rack rate, monitoring occ | Events: Annual Beaufort Water Festival (×1.15)"
2026-07-16,Thursday,59,202,Waterfront 202,waterfront,389,459,575,35.6,75%,False,Annual Beaufort Water Festival,1.15,372.5,54.4,"59d out → rack rate, monitoring occ | Events: Annual Beaufort Water Festival (×1.15)"
2026-07-16,Thursday,59,203,Waterfront 203,waterfront,399,459,580,35.2,75%,False,Annual Beaufort Water Festival,1.15,372.5,55.7,"59d out → rack rate, monitoring occ | Events: Annual Beaufort Water Festival (×1.15)"
2026-07-16,Thursday,59,204,Waterfront 204,waterfront,409,459,590,35.9,75%,False,Annual Beaufort Water Festival,1.15,372.5,58.4,"59d out → rack rate, monitoring occ | Events: Annual Beaufort Water Festival (×1.15)"
2026-07-16,Thursday,59,301,Water View 301,water_view,319,369,465,35.2,75%,False,Annual Beaufort Water Festival,1.15,372.5,24.8,"59d out → rack rate, monitoring occ | Events: Annual Beaufort Water Festival (×1.15)"
2026-07-16,Thursday,59,302,Water View 302,water_view,319,369,465,35.2,75%,False,Annual Beaufort Water Festival,1.15,372.5,24.8,"59d out → rack rate, monitoring occ | Events: Annual Beaufort Water Festival (×1.15)"
2026-07-16,Thursday,59,303,Water View 303,water_view,329,369,475,36.1,75%,False,Annual Beaufort Water Festival,1.15,372.5,27.5,"59d out → rack rate, monitoring occ | Events: Annual Beaufort Water Festival (×1.15)"
2026-07-16,Thursday,59,304,Water View 304,water_view,319,359,460,35.7,75%,False,Annual Beaufort Water Festival,1.15,372.5,23.5,"59d out → rack rate, monitoring occ | Events: Annual Beaufort Water Festival (×1.15)"
2026-07-16,Thursday,59,305,Water View 305,water_view,329,369,475,36.1,75%,False,Annual Beaufort Water Festival,1.15,372.5,27.5,"59d out → rack rate, monitoring occ | Events: Annual Beaufort Water Festival (×1.15)"
2026-07-16,Thursday,59,101,Garden Room 101,garden,269,299,385,35.6,75%,False,Annual Beaufort Water Festival,1.15,372.5,3.4,"59d out → rack rate, monitoring occ | Events: Annual Beaufort Water Festival (×1.15)"
2026-07-16,Thursday,59,102,Garden Room 102,garden,269,299,385,35.6,75%,False,Annual Beaufort Water Festival,1.15,372.5,3.4,"59d out → rack rate, monitoring occ | Events: Annual Beaufort Water Festival (×1.15)"
2026-07-16,Thursday,59,103,Garden Room 103,garden,279,299,390,34.9,75%,False,Annual Beaufort Water Festival,1.15,372.5,4.7,"59d out → rack rate, monitoring occ | Events: Annual Beaufort Water Festival (×1.15)"
2026-07-16,Thursday,59,104,Garden Room 104,garden,269,289,380,36.2,75%,False,Annual Beaufort Water Festival,1.15,372.5,2.0,"59d out → rack rate, monitoring occ | Events: Annual Beaufort Water Festival (×1.15)"
2026-07-16,Thursday,59,cottage,Private Cottage,cottage,489,549,705,35.8,75%,False,Annual Beaufort Water Festival,1.15,372.5,89.3,"59d out → rack rate, monitoring occ | Events: Annual Beaufort Water Festival (×1.15)"
2026-07-17,Friday,60,201,Waterfront 201,waterfront,389,459,690,62.7,75%,True,Annual Beaufort Water Festival; Parris Island USMC Graduation,1.2,385.83,78.8,"60d out → rack rate | Events: Annual Beaufort Water Festival, Parris Island USMC Graduation (×1.20) | Weekend +15% (Fri/Sat)"
2026-07-17,Friday,60,202,Waterfront 202,waterfront,389,459,690,62.7,75%,True,Annual Beaufort Water Festival; Parris Island USMC Graduation,1.2,385.83,78.8,"60d out → rack rate | Events: Annual Beaufort Water Festival, Parris Island USMC Graduation (×1.20) | Weekend +15% (Fri/Sat)"
2026-07-17,Friday,60,203,Waterfront 203,waterfront,399,459,700,63.2,75%,True,Annual Beaufort Water Festival; Parris Island USMC Graduation,1.2,385.83,81.4,"60d out → rack rate | Events: Annual Beaufort Water Festival, Parris Island USMC Graduation (×1.20) | Weekend +15% (Fri/Sat)"
2026-07-17,Friday,60,204,Waterfront 204,waterfront,409,459,705,62.4,75%,True,Annual Beaufort Water Festival; Parris Island USMC Graduation,1.2,385.83,82.7,"60d out → rack rate | Events: Annual Beaufort Water Festival, Parris Island USMC Graduation (×1.20) | Weekend +15% (Fri/Sat)"
2026-07-17,Friday,60,301,Water View 301,water_view,319,369,560,62.8,75%,True,Annual Beaufort Water Festival; Parris Island USMC Graduation,1.2,385.83,45.1,"60d out → rack rate | Events: Annual Beaufort Water Festival, Parris Island USMC Graduation (×1.20) | Weekend +15% (Fri/Sat)"
2026-07-17,Friday,60,302,Water View 302,water_view,319,369,560,62.8,75%,True,Annual Beaufort Water Festival; Parris Island USMC Graduation,1.2,385.83,45.1,"60d out → rack rate | Events: Annual Beaufort Water Festival, Parris Island USMC Graduation (×1.20) | Weekend +15% (Fri/Sat)"
2026-07-17,Friday,60,303,Water View 303,water_view,329,369,570,63.3,75%,True,Annual Beaufort Water Festival; Parris Island USMC Graduation,1.2,385.83,47.7,"60d out → rack rate | Events: Annual Beaufort Water Festival, Parris Island USMC Graduation (×1.20) | Weekend +15% (Fri/Sat)"
2026-07-17,Friday,60,304,Water View 304,water_view,319,359,550,62.2,75%,True,Annual Beaufort Water Festival; Parris Island USMC Graduation,1.2,385.83,42.5,"60d out → rack rate | Events: Annual Beaufort Water Festival, Parris Island USMC Graduation (×1.20) | Weekend +15% (Fri/Sat)"
2026-07-17,Friday,60,305,Water View 305,water_view,329,369,570,63.3,75%,True,Annual Beaufort Water Festival; Parris Island USMC Graduation,1.2,385.83,47.7,"60d out → rack rate | Events: Annual Beaufort Water Festival, Parris Island USMC Graduation (×1.20) | Weekend +15% (Fri/Sat)"
2026-07-17,Friday,60,101,Garden Room 101,garden,269,299,460,62.0,75%,True,Annual Beaufort Water Festival; Parris Island USMC Graduation,1.2,385.83,19.2,"60d out → rack rate | Events: Annual Beaufort Water Festival, Parris Island USMC Graduation (×1.20) | Weekend +15% (Fri/Sat)"
2026-07-17,Friday,60,102,Garden Room 102,garden,269,299,460,62.0,75%,True,Annual Beaufort Water Festival; Parris Island USMC Graduation,1.2,385.83,19.2,"60d out → rack rate | Events: Annual Beaufort Water Festival, Parris Island USMC Graduation (×1.20) | Weekend +15% (Fri/Sat)"
2026-07-17,Friday,60,103,Garden Room 103,garden,279,299,470,62.6,75%,True,Annual Beaufort Water Festival; Parris Island USMC Graduation,1.2,385.83,21.8,"60d out → rack rate | Events: Annual Beaufort Water Festival, Parris Island USMC Graduation (×1.20) | Weekend +15% (Fri/Sat)"
2026-07-17,Friday,60,104,Garden Room 104,garden,269,289,455,63.1,75%,True,Annual Beaufort Water Festival; Parris Island USMC Graduation,1.2,385.83,17.9,"60d out → rack rate | Events: Annual Beaufort Water Festival, Parris Island USMC Graduation (×1.20) | Weekend +15% (Fri/Sat)"
2026-07-17,Friday,60,cottage,Private Cottage,cottage,489,549,845,62.8,75%,True,Annual Beaufort Water Festival; Parris Island USMC Graduation,1.2,385.83,119.0,"60d out → rack rate | Events: Annual Beaufort Water Festival, Parris Island USMC Graduation (×1.20) | Weekend +15% (Fri/Sat)"
2026-07-18,Saturday,61,201,Waterfront 201,waterfront,389,459,750,76.9,75%,True,Annual Beaufort Water Festival; Downtown Farmers Market,1.3,405.83,84.8,"61d out → rack rate | Events: Annual Beaufort Water Festival, Downtown Farmers Market (×1.30) | Weekend +15% (Fri/Sat)"
2026-07-18,Saturday,61,202,Waterfront 202,waterfront,389,459,750,76.9,75%,True,Annual Beaufort Water Festival; Downtown Farmers Market,1.3,405.83,84.8,"61d out → rack rate | Events: Annual Beaufort Water Festival, Downtown Farmers Market (×1.30) | Weekend +15% (Fri/Sat)"
2026-07-18,Saturday,61,203,Waterfront 203,waterfront,399,459,755,76.0,75%,True,Annual Beaufort Water Festival; Downtown Farmers Market,1.3,405.83,86.0,"61d out → rack rate | Events: Annual Beaufort Water Festival, Downtown Farmers Market (×1.30) | Weekend +15% (Fri/Sat)"
2026-07-18,Saturday,61,204,Waterfront 204,waterfront,409,459,765,76.3,75%,True,Annual Beaufort Water Festival; Downtown Farmers Market,1.3,405.83,88.5,"61d out → rack rate | Events: Annual Beaufort Water Festival, Downtown Farmers Market (×1.30) | Weekend +15% (Fri/Sat)"
2026-07-18,Saturday,61,301,Water View 301,water_view,319,369,605,75.9,75%,True,Annual Beaufort Water Festival; Downtown Farmers Market,1.3,405.83,49.1,"61d out → rack rate | Events: Annual Beaufort Water Festival, Downtown Farmers Market (×1.30) | Weekend +15% (Fri/Sat)"
2026-07-18,Saturday,61,302,Water View 302,water_view,319,369,605,75.9,75%,True,Annual Beaufort Water Festival; Downtown Farmers Market,1.3,405.83,49.1,"61d out → rack rate | Events: Annual Beaufort Water Festival, Downtown Farmers Market (×1.30) | Weekend +15% (Fri/Sat)"
2026-07-18,Saturday,61,303,Water View 303,water_view,329,369,615,76.2,75%,True,Annual Beaufort Water Festival; Downtown Farmers Market,1.3,405.83,51.5,"61d out → rack rate | Events: Annual Beaufort Water Festival, Downtown Farmers Market (×1.30) | Weekend +15% (Fri/Sat)"
2026-07-18,Saturday,61,304,Water View 304,water_view,319,359,600,77.0,75%,True,Annual Beaufort Water Festival; Downtown Farmers Market,1.3,405.83,47.8,"61d out → rack rate | Events: Annual Beaufort Water Festival, Downtown Farmers Market (×1.30) | Weekend +15% (Fri/Sat)"
2026-07-18,Saturday,61,305,Water View 305,water_view,329,369,615,76.2,75%,True,Annual Beaufort Water Festival; Downtown Farmers Market,1.3,405.83,51.5,"61d out → rack rate | Events: Annual Beaufort Water Festival, Downtown Farmers Market (×1.30) | Weekend +15% (Fri/Sat)"
2026-07-18,Saturday,61,101,Garden Room 101,garden,269,299,500,76.1,75%,True,Annual Beaufort Water Festival; Downtown Farmers Market,1.3,405.83,23.2,"61d out → rack rate | Events: Annual Beaufort Water Festival, Downtown Farmers Market (×1.30) | Weekend +15% (Fri/Sat)"
2026-07-18,Saturday,61,102,Garden Room 102,garden,269,299,500,76.1,75%,True,Annual Beaufort Water Festival; Downtown Farmers Market,1.3,405.83,23.2,"61d out → rack rate | Events: Annual Beaufort Water Festival, Downtown Farmers Market (×1.30) | Weekend +15% (Fri/Sat)"
2026-07-18,Saturday,61,103,Garden Room 103,garden,279,299,510,76.5,75%,True,Annual Beaufort Water Festival; Downtown Farmers Market,1.3,405.83,25.7,"61d out → rack rate | Events: Annual Beaufort Water Festival, Downtown Farmers Market (×1.30) | Weekend +15% (Fri/Sat)"
2026-07-18,Saturday,61,104,Garden Room 104,garden,269,289,490,75.6,75%,True,Annual Beaufort Water Festival; Downtown Farmers Market,1.3,405.83,20.7,"61d out → rack rate | Events: Annual Beaufort Water Festival, Downtown Farmers Market (×1.30) | Weekend +15% (Fri/Sat)"
2026-07-18,Saturday,61,cottage,Private Cottage,cottage,489,549,915,76.3,75%,True,Annual Beaufort Water Festival; Downtown Farmers Market,1.3,405.83,125.5,"61d out → rack rate | Events: Annual Beaufort Water Festival, Downtown Farmers Market (×1.30) | Weekend +15% (Fri/Sat)"
2026-07-19,Sunday,62,201,Waterfront 201,waterfront,389,459,650,53.3,75%,False,Annual Beaufort Water Festival,1.3,406.67,59.8,62d out → rack rate | Events: Annual Beaufort Water Festival (×1.30)
2026-07-19,Sunday,62,202,Waterfront 202,waterfront,389,459,650,53.3,75%,False,Annual Beaufort Water Festival,1.3,406.67,59.8,62d out → rack rate | Events: Annual Beaufort Water Festival (×1.30)
2026-07-19,Sunday,62,203,Waterfront 203,waterfront,399,459,660,53.8,75%,False,Annual Beaufort Water Festival,1.3,406.67,62.3,62d out → rack rate | Events: Annual Beaufort Water Festival (×1.30)
2026-07-19,Sunday,62,204,Waterfront 204,waterfront,409,459,665,53.2,75%,False,Annual Beaufort Water Festival,1.3,406.67,63.5,62d out → rack rate | Events: Annual Beaufort Water Festival (×1.30)
2026-07-19,Sunday,62,301,Water View 301,water_view,319,369,530,54.1,75%,False,Annual Beaufort Water Festival,1.3,406.67,30.3,62d out → rack rate | Events: Annual Beaufort Water Festival (×1.30)
2026-07-19,Sunday,62,302,Water View 302,water_view,319,369,530,54.1,75%,False,Annual Beaufort Water Festival,1.3,406.67,30.3,62d out → rack rate | Events: Annual Beaufort Water Festival (×1.30)
2026-07-19,Sunday,62,303,Water View 303,water_view,329,369,535,53.3,75%,False,Annual Beaufort Water Festival,1.3,406.67,31.6,62d out → rack rate | Events: Annual Beaufort Water Festival (×1.30)
2026-07-19,Sunday,62,304,Water View 304,water_view,319,359,520,53.4,75%,False,Annual Beaufort Water Festival,1.3,406.67,27.9,62d out → rack rate | Events: Annual Beaufort Water Festival (×1.30)
2026-07-19,Sunday,62,305,Water View 305,water_view,329,369,535,53.3,75%,False,Annual Beaufort Water Festival,1.3,406.67,31.6,62d out → rack rate | Events: Annual Beaufort Water Festival (×1.30)
2026-07-19,Sunday,62,101,Garden Room 101,garden,269,299,435,53.2,75%,False,Annual Beaufort Water Festival,1.3,406.67,7.0,62d out → rack rate | Events: Annual Beaufort Water Festival (×1.30)
2026-07-19,Sunday,62,102,Garden Room 102,garden,269,299,435,53.2,75%,False,Annual Beaufort Water Festival,1.3,406.67,7.0,62d out → rack rate | Events: Annual Beaufort Water Festival (×1.30)
2026-07-19,Sunday,62,103,Garden Room 103,garden,279,299,445,54.0,75%,False,Annual Beaufort Water Festival,1.3,406.67,9.4,62d out → rack rate | Events: Annual Beaufort Water Festival (×1.30)
2026-07-19,Sunday,62,104,Garden Room 104,garden,269,289,430,54.1,75%,False,Annual Beaufort Water Festival,1.3,406.67,5.7,62d out → rack rate | Events: Annual Beaufort Water Festival (×1.30)
2026-07-19,Sunday,62,cottage,Private Cottage,cottage,489,549,795,53.2,75%,False,Annual Beaufort Water Festival,1.3,406.67,95.5,62d out → rack rate | Events: Annual Beaufort Water Festival (×1.30)
2026-07-20,Monday,63,201,Waterfront 201,waterfront,389,459,650,53.3,75%,False,Annual Beaufort Water Festival,1.3,408.33,59.2,63d out → rack rate | Events: Annual Beaufort Water Festival (×1.30)
2026-07-20,Monday,63,202,Waterfront 202,waterfront,389,459,650,53.3,75%,False,Annual Beaufort Water Festival,1.3,408.33,59.2,63d out → rack rate | Events: Annual Beaufort Water Festival (×1.30)
2026-07-20,Monday,63,203,Waterfront 203,waterfront,399,459,660,53.8,75%,False,Annual Beaufort Water Festival,1.3,408.33,61.6,63d out → rack rate | Events: Annual Beaufort Water Festival (×1.30)
2026-07-20,Monday,63,204,Waterfront 204,waterfront,409,459,665,53.2,75%,False,Annual Beaufort Water Festival,1.3,408.33,62.9,63d out → rack rate | Events: Annual Beaufort Water Festival (×1.30)
2026-07-20,Monday,63,301,Water View 301,water_view,319,369,530,54.1,75%,False,Annual Beaufort Water Festival,1.3,408.33,29.8,63d out → rack rate | Events: Annual Beaufort Water Festival (×1.30)
2026-07-20,Monday,63,302,Water View 302,water_view,319,369,530,54.1,75%,False,Annual Beaufort Water Festival,1.3,408.33,29.8,63d out → rack rate | Events: Annual Beaufort Water Festival (×1.30)
2026-07-20,Monday,63,303,Water View 303,water_view,329,369,535,53.3,75%,False,Annual Beaufort Water Festival,1.3,408.33,31.0,63d out → rack rate | Events: Annual Beaufort Water Festival (×1.30)
2026-07-20,Monday,63,304,Water View 304,water_view,319,359,520,53.4,75%,False,Annual Beaufort Water Festival,1.3,408.33,27.3,63d out → rack rate | Events: Annual Beaufort Water Festival (×1.30)
2026-07-20,Monday,63,305,Water View 305,water_view,329,369,535,53.3,75%,False,Annual Beaufort Water Festival,1.3,408.33,31.0,63d out → rack rate | Events: Annual Beaufort Water Festival (×1.30)
2026-07-20,Monday,63,101,Garden Room 101,garden,269,299,435,53.2,75%,False,Annual Beaufort Water Festival,1.3,408.33,6.5,63d out → rack rate | Events: Annual Beaufort Water Festival (×1.30)
2026-07-20,Monday,63,102,Garden Room 102,garden,269,299,435,53.2,75%,False,Annual Beaufort Water Festival,1.3,408.33,6.5,63d out → rack rate | Events: Annual Beaufort Water Festival (×1.30)
2026-07-20,Monday,63,103,Garden Room 103,garden,279,299,445,54.0,75%,False,Annual Beaufort Water Festival,1.3,408.33,9.0,63d out → rack rate | Events: Annual Beaufort Water Festival (×1.30)
2026-07-20,Monday,63,104,Garden Room 104,garden,269,289,430,54.1,75%,False,Annual Beaufort Water Festival,1.3,408.33,5.3,63d out → rack rate | Events: Annual Beaufort Water Festival (×1.30)
2026-07-20,Monday,63,cottage,Private Cottage,cottage,489,549,795,53.2,75%,False,Annual Beaufort Water Festival,1.3,408.33,94.7,63d out → rack rate | Events: Annual Beaufort Water Festival (×1.30)
2026-07-21,Tuesday,64,201,Waterfront 201,waterfront,389,459,650,53.3,75%,False,Annual Beaufort Water Festival,1.3,405.83,60.2,64d out → rack rate | Events: Annual Beaufort Water Festival (×1.30)
2026-07-21,Tuesday,64,202,Waterfront 202,waterfront,389,459,650,53.3,75%,False,Annual Beaufort Water Festival,1.3,405.83,60.2,64d out → rack rate | Events: Annual Beaufort Water Festival (×1.30)
2026-07-21,Tuesday,64,203,Waterfront 203,waterfront,399,459,660,53.8,75%,False,Annual Beaufort Water Festival,1.3,405.83,62.6,64d out → rack rate | Events: Annual Beaufort Water Festival (×1.30)
2026-07-21,Tuesday,64,204,Waterfront 204,waterfront,409,459,665,53.2,75%,False,Annual Beaufort Water Festival,1.3,405.83,63.9,64d out → rack rate | Events: Annual Beaufort Water Festival (×1.30)
2026-07-21,Tuesday,64,301,Water View 301,water_view,319,369,530,54.1,75%,False,Annual Beaufort Water Festival,1.3,405.83,30.6,64d out → rack rate | Events: Annual Beaufort Water Festival (×1.30)
2026-07-21,Tuesday,64,302,Water View 302,water_view,319,369,530,54.1,75%,False,Annual Beaufort Water Festival,1.3,405.83,30.6,64d out → rack rate | Events: Annual Beaufort Water Festival (×1.30)
2026-07-21,Tuesday,64,303,Water View 303,water_view,329,369,535,53.3,75%,False,Annual Beaufort Water Festival,1.3,405.83,31.8,64d out → rack rate | Events: Annual Beaufort Water Festival (×1.30)
2026-07-21,Tuesday,64,304,Water View 304,water_view,319,359,520,53.4,75%,False,Annual Beaufort Water Festival,1.3,405.83,28.1,64d out → rack rate | Events: Annual Beaufort Water Festival (×1.30)
2026-07-21,Tuesday,64,305,Water View 305,water_view,329,369,535,53.3,75%,False,Annual Beaufort Water Festival,1.3,405.83,31.8,64d out → rack rate | Events: Annual Beaufort Water Festival (×1.30)
2026-07-21,Tuesday,64,101,Garden Room 101,garden,269,299,435,53.2,75%,False,Annual Beaufort Water Festival,1.3,405.83,7.2,64d out → rack rate | Events: Annual Beaufort Water Festival (×1.30)
2026-07-21,Tuesday,64,102,Garden Room 102,garden,269,299,435,53.2,75%,False,Annual Beaufort Water Festival,1.3,405.83,7.2,64d out → rack rate | Events: Annual Beaufort Water Festival (×1.30)
2026-07-21,Tuesday,64,103,Garden Room 103,garden,279,299,445,54.0,75%,False,Annual Beaufort Water Festival,1.3,405.83,9.7,64d out → rack rate | Events: Annual Beaufort Water Festival (×1.30)
2026-07-21,Tuesday,64,104,Garden Room 104,garden,269,289,430,54.1,75%,False,Annual Beaufort Water Festival,1.3,405.83,6.0,64d out → rack rate | Events: Annual Beaufort Water Festival (×1.30)
2026-07-21,Tuesday,64,cottage,Private Cottage,cottage,489,549,795,53.2,75%,False,Annual Beaufort Water Festival,1.3,405.83,95.9,64d out → rack rate | Events: Annual Beaufort Water Festival (×1.30)
2026-07-22,Wednesday,65,201,Waterfront 201,waterfront,389,459,650,53.3,75%,False,Annual Beaufort Water Festival,1.3,403.33,61.2,65d out → rack rate | Events: Annual Beaufort Water Festival (×1.30)
2026-07-22,Wednesday,65,202,Waterfront 202,waterfront,389,459,650,53.3,75%,False,Annual Beaufort Water Festival,1.3,403.33,61.2,65d out → rack rate | Events: Annual Beaufort Water Festival (×1.30)
2026-07-22,Wednesday,65,203,Waterfront 203,waterfront,399,459,660,53.8,75%,False,Annual Beaufort Water Festival,1.3,403.33,63.6,65d out → rack rate | Events: Annual Beaufort Water Festival (×1.30)
2026-07-22,Wednesday,65,204,Waterfront 204,waterfront,409,459,665,53.2,75%,False,Annual Beaufort Water Festival,1.3,403.33,64.9,65d out → rack rate | Events: Annual Beaufort Water Festival (×1.30)
2026-07-22,Wednesday,65,301,Water View 301,water_view,319,369,530,54.1,75%,False,Annual Beaufort Water Festival,1.3,403.33,31.4,65d out → rack rate | Events: Annual Beaufort Water Festival (×1.30)
2026-07-22,Wednesday,65,302,Water View 302,water_view,319,369,530,54.1,75%,False,Annual Beaufort Water Festival,1.3,403.33,31.4,65d out → rack rate | Events: Annual Beaufort Water Festival (×1.30)
2026-07-22,Wednesday,65,303,Water View 303,water_view,329,369,535,53.3,75%,False,Annual Beaufort Water Festival,1.3,403.33,32.6,65d out → rack rate | Events: Annual Beaufort Water Festival (×1.30)
2026-07-22,Wednesday,65,304,Water View 304,water_view,319,359,520,53.4,75%,False,Annual Beaufort Water Festival,1.3,403.33,28.9,65d out → rack rate | Events: Annual Beaufort Water Festival (×1.30)
2026-07-22,Wednesday,65,305,Water View 305,water_view,329,369,535,53.3,75%,False,Annual Beaufort Water Festival,1.3,403.33,32.6,65d out → rack rate | Events: Annual Beaufort Water Festival (×1.30)
2026-07-22,Wednesday,65,101,Garden Room 101,garden,269,299,435,53.2,75%,False,Annual Beaufort Water Festival,1.3,403.33,7.9,65d out → rack rate | Events: Annual Beaufort Water Festival (×1.30)
2026-07-22,Wednesday,65,102,Garden Room 102,garden,269,299,435,53.2,75%,False,Annual Beaufort Water Festival,1.3,403.33,7.9,65d out → rack rate | Events: Annual Beaufort Water Festival (×1.30)
2026-07-22,Wednesday,65,103,Garden Room 103,garden,279,299,445,54.0,75%,False,Annual Beaufort Water Festival,1.3,403.33,10.3,65d out → rack rate | Events: Annual Beaufort Water Festival (×1.30)
2026-07-22,Wednesday,65,104,Garden Room 104,garden,269,289,430,54.1,75%,False,Annual Beaufort Water Festival,1.3,403.33,6.6,65d out → rack rate | Events: Annual Beaufort Water Festival (×1.30)
2026-07-22,Wednesday,65,cottage,Private Cottage,cottage,489,549,795,53.2,75%,False,Annual Beaufort Water Festival,1.3,403.33,97.1,65d out → rack rate | Events: Annual Beaufort Water Festival (×1.30)
2026-07-23,Thursday,66,201,Waterfront 201,waterfront,389,459,650,53.3,75%,False,Annual Beaufort Water Festival,1.3,403.33,61.2,66d out → rack rate | Events: Annual Beaufort Water Festival (×1.30)
2026-07-23,Thursday,66,202,Waterfront 202,waterfront,389,459,650,53.3,75%,False,Annual Beaufort Water Festival,1.3,403.33,61.2,66d out → rack rate | Events: Annual Beaufort Water Festival (×1.30)
2026-07-23,Thursday,66,203,Waterfront 203,waterfront,399,459,660,53.8,75%,False,Annual Beaufort Water Festival,1.3,403.33,63.6,66d out → rack rate | Events: Annual Beaufort Water Festival (×1.30)
2026-07-23,Thursday,66,204,Waterfront 204,waterfront,409,459,665,53.2,75%,False,Annual Beaufort Water Festival,1.3,403.33,64.9,66d out → rack rate | Events: Annual Beaufort Water Festival (×1.30)
2026-07-23,Thursday,66,301,Water View 301,water_view,319,369,530,54.1,75%,False,Annual Beaufort Water Festival,1.3,403.33,31.4,66d out → rack rate | Events: Annual Beaufort Water Festival (×1.30)
2026-07-23,Thursday,66,302,Water View 302,water_view,319,369,530,54.1,75%,False,Annual Beaufort Water Festival,1.3,403.33,31.4,66d out → rack rate | Events: Annual Beaufort Water Festival (×1.30)
2026-07-23,Thursday,66,303,Water View 303,water_view,329,369,535,53.3,75%,False,Annual Beaufort Water Festival,1.3,403.33,32.6,66d out → rack rate | Events: Annual Beaufort Water Festival (×1.30)
2026-07-23,Thursday,66,304,Water View 304,water_view,319,359,520,53.4,75%,False,Annual Beaufort Water Festival,1.3,403.33,28.9,66d out → rack rate | Events: Annual Beaufort Water Festival (×1.30)
2026-07-23,Thursday,66,305,Water View 305,water_view,329,369,535,53.3,75%,False,Annual Beaufort Water Festival,1.3,403.33,32.6,66d out → rack rate | Events: Annual Beaufort Water Festival (×1.30)
2026-07-23,Thursday,66,101,Garden Room 101,garden,269,299,435,53.2,75%,False,Annual Beaufort Water Festival,1.3,403.33,7.9,66d out → rack rate | Events: Annual Beaufort Water Festival (×1.30)
2026-07-23,Thursday,66,102,Garden Room 102,garden,269,299,435,53.2,75%,False,Annual Beaufort Water Festival,1.3,403.33,7.9,66d out → rack rate | Events: Annual Beaufort Water Festival (×1.30)
2026-07-23,Thursday,66,103,Garden Room 103,garden,279,299,445,54.0,75%,False,Annual Beaufort Water Festival,1.3,403.33,10.3,66d out → rack rate | Events: Annual Beaufort Water Festival (×1.30)
2026-07-23,Thursday,66,104,Garden Room 104,garden,269,289,430,54.1,75%,False,Annual Beaufort Water Festival,1.3,403.33,6.6,66d out → rack rate | Events: Annual Beaufort Water Festival (×1.30)
2026-07-23,Thursday,66,cottage,Private Cottage,cottage,489,549,795,53.2,75%,False,Annual Beaufort Water Festival,1.3,403.33,97.1,66d out → rack rate | Events: Annual Beaufort Water Festival (×1.30)
2026-07-24,Friday,67,201,Waterfront 201,waterfront,389,459,750,76.9,75%,True,Annual Beaufort Water Festival,1.3,404.17,85.6,67d out → rack rate | Events: Annual Beaufort Water Festival (×1.30) | Weekend +15% (Fri/Sat)
2026-07-24,Friday,67,202,Waterfront 202,waterfront,389,459,750,76.9,75%,True,Annual Beaufort Water Festival,1.3,404.17,85.6,67d out → rack rate | Events: Annual Beaufort Water Festival (×1.30) | Weekend +15% (Fri/Sat)
2026-07-24,Friday,67,203,Waterfront 203,waterfront,399,459,755,76.0,75%,True,Annual Beaufort Water Festival,1.3,404.17,86.8,67d out → rack rate | Events: Annual Beaufort Water Festival (×1.30) | Weekend +15% (Fri/Sat)
2026-07-24,Friday,67,204,Waterfront 204,waterfront,409,459,765,76.3,75%,True,Annual Beaufort Water Festival,1.3,404.17,89.3,67d out → rack rate | Events: Annual Beaufort Water Festival (×1.30) | Weekend +15% (Fri/Sat)
2026-07-24,Friday,67,301,Water View 301,water_view,319,369,605,75.9,75%,True,Annual Beaufort Water Festival,1.3,404.17,49.7,67d out → rack rate | Events: Annual Beaufort Water Festival (×1.30) | Weekend +15% (Fri/Sat)
2026-07-24,Friday,67,302,Water View 302,water_view,319,369,605,75.9,75%,True,Annual Beaufort Water Festival,1.3,404.17,49.7,67d out → rack rate | Events: Annual Beaufort Water Festival (×1.30) | Weekend +15% (Fri/Sat)
2026-07-24,Friday,67,303,Water View 303,water_view,329,369,615,76.2,75%,True,Annual Beaufort Water Festival,1.3,404.17,52.2,67d out → rack rate | Events: Annual Beaufort Water Festival (×1.30) | Weekend +15% (Fri/Sat)
2026-07-24,Friday,67,304,Water View 304,water_view,319,359,600,77.0,75%,True,Annual Beaufort Water Festival,1.3,404.17,48.5,67d out → rack rate | Events: Annual Beaufort Water Festival (×1.30) | Weekend +15% (Fri/Sat)
2026-07-24,Friday,67,305,Water View 305,water_view,329,369,615,76.2,75%,True,Annual Beaufort Water Festival,1.3,404.17,52.2,67d out → rack rate | Events: Annual Beaufort Water Festival (×1.30) | Weekend +15% (Fri/Sat)
2026-07-24,Friday,67,101,Garden Room 101,garden,269,299,500,76.1,75%,True,Annual Beaufort Water Festival,1.3,404.17,23.7,67d out → rack rate | Events: Annual Beaufort Water Festival (×1.30) | Weekend +15% (Fri/Sat)
2026-07-24,Friday,67,102,Garden Room 102,garden,269,299,500,76.1,75%,True,Annual Beaufort Water Festival,1.3,404.17,23.7,67d out → rack rate | Events: Annual Beaufort Water Festival (×1.30) | Weekend +15% (Fri/Sat)
2026-07-24,Friday,67,103,Garden Room 103,garden,279,299,510,76.5,75%,True,Annual Beaufort Water Festival,1.3,404.17,26.2,67d out → rack rate | Events: Annual Beaufort Water Festival (×1.30) | Weekend +15% (Fri/Sat)
2026-07-24,Friday,67,104,Garden Room 104,garden,269,289,490,75.6,75%,True,Annual Beaufort Water Festival,1.3,404.17,21.2,67d out → rack rate | Events: Annual Beaufort Water Festival (×1.30) | Weekend +15% (Fri/Sat)
2026-07-24,Friday,67,cottage,Private Cottage,cottage,489,549,915,76.3,75%,True,Annual Beaufort Water Festival,1.3,404.17,126.4,67d out → rack rate | Events: Annual Beaufort Water Festival (×1.30) | Weekend +15% (Fri/Sat)
2026-07-25,Saturday,68,201,Waterfront 201,waterfront,389,459,750,76.9,75%,True,Annual Beaufort Water Festival; Downtown Farmers Market,1.3,400.83,87.1,"68d out → rack rate | Events: Annual Beaufort Water Festival, Downtown Farmers Market (×1.30) | Weekend +15% (Fri/Sat)"
2026-07-25,Saturday,68,202,Waterfront 202,waterfront,389,459,750,76.9,75%,True,Annual Beaufort Water Festival; Downtown Farmers Market,1.3,400.83,87.1,"68d out → rack rate | Events: Annual Beaufort Water Festival, Downtown Farmers Market (×1.30) | Weekend +15% (Fri/Sat)"
2026-07-25,Saturday,68,203,Waterfront 203,waterfront,399,459,755,76.0,75%,True,Annual Beaufort Water Festival; Downtown Farmers Market,1.3,400.83,88.4,"68d out → rack rate | Events: Annual Beaufort Water Festival, Downtown Farmers Market (×1.30) | Weekend +15% (Fri/Sat)"
2026-07-25,Saturday,68,204,Waterfront 204,waterfront,409,459,765,76.3,75%,True,Annual Beaufort Water Festival; Downtown Farmers Market,1.3,400.83,90.9,"68d out → rack rate | Events: Annual Beaufort Water Festival, Downtown Farmers Market (×1.30) | Weekend +15% (Fri/Sat)"
2026-07-25,Saturday,68,301,Water View 301,water_view,319,369,605,75.9,75%,True,Annual Beaufort Water Festival; Downtown Farmers Market,1.3,400.83,50.9,"68d out → rack rate | Events: Annual Beaufort Water Festival, Downtown Farmers Market (×1.30) | Weekend +15% (Fri/Sat)"
2026-07-25,Saturday,68,302,Water View 302,water_view,319,369,605,75.9,75%,True,Annual Beaufort Water Festival; Downtown Farmers Market,1.3,400.83,50.9,"68d out → rack rate | Events: Annual Beaufort Water Festival, Downtown Farmers Market (×1.30) | Weekend +15% (Fri/Sat)"
2026-07-25,Saturday,68,303,Water View 303,water_view,329,369,615,76.2,75%,True,Annual Beaufort Water Festival; Downtown Farmers Market,1.3,400.83,53.4,"68d out → rack rate | Events: Annual Beaufort Water Festival, Downtown Farmers Market (×1.30) | Weekend +15% (Fri/Sat)"
2026-07-25,Saturday,68,304,Water View 304,water_view,319,359,600,77.0,75%,True,Annual Beaufort Water Festival; Downtown Farmers Market,1.3,400.83,49.7,"68d out → rack rate | Events: Annual Beaufort Water Festival, Downtown Farmers Market (×1.30) | Weekend +15% (Fri/Sat)"
2026-07-25,Saturday,68,305,Water View 305,water_view,329,369,615,76.2,75%,True,Annual Beaufort Water Festival; Downtown Farmers Market,1.3,400.83,53.4,"68d out → rack rate | Events: Annual Beaufort Water Festival, Downtown Farmers Market (×1.30) | Weekend +15% (Fri/Sat)"
2026-07-25,Saturday,68,101,Garden Room 101,garden,269,299,500,76.1,75%,True,Annual Beaufort Water Festival; Downtown Farmers Market,1.3,400.83,24.7,"68d out → rack rate | Events: Annual Beaufort Water Festival, Downtown Farmers Market (×1.30) | Weekend +15% (Fri/Sat)"
2026-07-25,Saturday,68,102,Garden Room 102,garden,269,299,500,76.1,75%,True,Annual Beaufort Water Festival; Downtown Farmers Market,1.3,400.83,24.7,"68d out → rack rate | Events: Annual Beaufort Water Festival, Downtown Farmers Market (×1.30) | Weekend +15% (Fri/Sat)"
2026-07-25,Saturday,68,103,Garden Room 103,garden,279,299,510,76.5,75%,True,Annual Beaufort Water Festival; Downtown Farmers Market,1.3,400.83,27.2,"68d out → rack rate | Events: Annual Beaufort Water Festival, Downtown Farmers Market (×1.30) | Weekend +15% (Fri/Sat)"
2026-07-25,Saturday,68,104,Garden Room 104,garden,269,289,490,75.6,75%,True,Annual Beaufort Water Festival; Downtown Farmers Market,1.3,400.83,22.2,"68d out → rack rate | Events: Annual Beaufort Water Festival, Downtown Farmers Market (×1.30) | Weekend +15% (Fri/Sat)"
2026-07-25,Saturday,68,cottage,Private Cottage,cottage,489,549,915,76.3,75%,True,Annual Beaufort Water Festival; Downtown Farmers Market,1.3,400.83,128.3,"68d out → rack rate | Events: Annual Beaufort Water Festival, Downtown Farmers Market (×1.30) | Weekend +15% (Fri/Sat)"
2026-07-26,Sunday,69,201,Waterfront 201,waterfront,389,459,650,53.3,75%,False,Annual Beaufort Water Festival,1.3,400.83,62.2,69d out → rack rate | Events: Annual Beaufort Water Festival (×1.30)
2026-07-26,Sunday,69,202,Waterfront 202,waterfront,389,459,650,53.3,75%,False,Annual Beaufort Water Festival,1.3,400.83,62.2,69d out → rack rate | Events: Annual Beaufort Water Festival (×1.30)
2026-07-26,Sunday,69,203,Waterfront 203,waterfront,399,459,660,53.8,75%,False,Annual Beaufort Water Festival,1.3,400.83,64.7,69d out → rack rate | Events: Annual Beaufort Water Festival (×1.30)
2026-07-26,Sunday,69,204,Waterfront 204,waterfront,409,459,665,53.2,75%,False,Annual Beaufort Water Festival,1.3,400.83,65.9,69d out → rack rate | Events: Annual Beaufort Water Festival (×1.30)
2026-07-26,Sunday,69,301,Water View 301,water_view,319,369,530,54.1,75%,False,Annual Beaufort Water Festival,1.3,400.83,32.2,69d out → rack rate | Events: Annual Beaufort Water Festival (×1.30)
2026-07-26,Sunday,69,302,Water View 302,water_view,319,369,530,54.1,75%,False,Annual Beaufort Water Festival,1.3,400.83,32.2,69d out → rack rate | Events: Annual Beaufort Water Festival (×1.30)
2026-07-26,Sunday,69,303,Water View 303,water_view,329,369,535,53.3,75%,False,Annual Beaufort Water Festival,1.3,400.83,33.5,69d out → rack rate | Events: Annual Beaufort Water Festival (×1.30)
2026-07-26,Sunday,69,304,Water View 304,water_view,319,359,520,53.4,75%,False,Annual Beaufort Water Festival,1.3,400.83,29.7,69d out → rack rate | Events: Annual Beaufort Water Festival (×1.30)
2026-07-26,Sunday,69,305,Water View 305,water_view,329,369,535,53.3,75%,False,Annual Beaufort Water Festival,1.3,400.83,33.5,69d out → rack rate | Events: Annual Beaufort Water Festival (×1.30)
2026-07-26,Sunday,69,101,Garden Room 101,garden,269,299,435,53.2,75%,False,Annual Beaufort Water Festival,1.3,400.83,8.5,69d out → rack rate | Events: Annual Beaufort Water Festival (×1.30)
2026-07-26,Sunday,69,102,Garden Room 102,garden,269,299,435,53.2,75%,False,Annual Beaufort Water Festival,1.3,400.83,8.5,69d out → rack rate | Events: Annual Beaufort Water Festival (×1.30)
2026-07-26,Sunday,69,103,Garden Room 103,garden,279,299,445,54.0,75%,False,Annual Beaufort Water Festival,1.3,400.83,11.0,69d out → rack rate | Events: Annual Beaufort Water Festival (×1.30)
2026-07-26,Sunday,69,104,Garden Room 104,garden,269,289,430,54.1,75%,False,Annual Beaufort Water Festival,1.3,400.83,7.3,69d out → rack rate | Events: Annual Beaufort Water Festival (×1.30)
2026-07-26,Sunday,69,cottage,Private Cottage,cottage,489,549,795,53.2,75%,False,Annual Beaufort Water Festival,1.3,400.83,98.3,69d out → rack rate | Events: Annual Beaufort Water Festival (×1.30)
2026-07-27,Monday,70,201,Waterfront 201,waterfront,389,459,650,53.3,75%,False,Annual Beaufort Water Festival,1.3,402.5,61.5,70d out → rack rate | Events: Annual Beaufort Water Festival (×1.30)
2026-07-27,Monday,70,202,Waterfront 202,waterfront,389,459,650,53.3,75%,False,Annual Beaufort Water Festival,1.3,402.5,61.5,70d out → rack rate | Events: Annual Beaufort Water Festival (×1.30)
2026-07-27,Monday,70,203,Waterfront 203,waterfront,399,459,660,53.8,75%,False,Annual Beaufort Water Festival,1.3,402.5,64.0,70d out → rack rate | Events: Annual Beaufort Water Festival (×1.30)
2026-07-27,Monday,70,204,Waterfront 204,waterfront,409,459,665,53.2,75%,False,Annual Beaufort Water Festival,1.3,402.5,65.2,70d out → rack rate | Events: Annual Beaufort Water Festival (×1.30)
2026-07-27,Monday,70,301,Water View 301,water_view,319,369,530,54.1,75%,False,Annual Beaufort Water Festival,1.3,402.5,31.7,70d out → rack rate | Events: Annual Beaufort Water Festival (×1.30)
2026-07-27,Monday,70,302,Water View 302,water_view,319,369,530,54.1,75%,False,Annual Beaufort Water Festival,1.3,402.5,31.7,70d out → rack rate | Events: Annual Beaufort Water Festival (×1.30)
2026-07-27,Monday,70,303,Water View 303,water_view,329,369,535,53.3,75%,False,Annual Beaufort Water Festival,1.3,402.5,32.9,70d out → rack rate | Events: Annual Beaufort Water Festival (×1.30)
2026-07-27,Monday,70,304,Water View 304,water_view,319,359,520,53.4,75%,False,Annual Beaufort Water Festival,1.3,402.5,29.2,70d out → rack rate | Events: Annual Beaufort Water Festival (×1.30)
2026-07-27,Monday,70,305,Water View 305,water_view,329,369,535,53.3,75%,False,Annual Beaufort Water Festival,1.3,402.5,32.9,70d out → rack rate | Events: Annual Beaufort Water Festival (×1.30)
2026-07-27,Monday,70,101,Garden Room 101,garden,269,299,435,53.2,75%,False,Annual Beaufort Water Festival,1.3,402.5,8.1,70d out → rack rate | Events: Annual Beaufort Water Festival (×1.30)
2026-07-27,Monday,70,102,Garden Room 102,garden,269,299,435,53.2,75%,False,Annual Beaufort Water Festival,1.3,402.5,8.1,70d out → rack rate | Events: Annual Beaufort Water Festival (×1.30)
2026-07-27,Monday,70,103,Garden Room 103,garden,279,299,445,54.0,75%,False,Annual Beaufort Water Festival,1.3,402.5,10.6,70d out → rack rate | Events: Annual Beaufort Water Festival (×1.30)
2026-07-27,Monday,70,104,Garden Room 104,garden,269,289,430,54.1,75%,False,Annual Beaufort Water Festival,1.3,402.5,6.8,70d out → rack rate | Events: Annual Beaufort Water Festival (×1.30)
2026-07-27,Monday,70,cottage,Private Cottage,cottage,489,549,795,53.2,75%,False,Annual Beaufort Water Festival,1.3,402.5,97.5,70d out → rack rate | Events: Annual Beaufort Water Festival (×1.30)
2026-07-28,Tuesday,71,201,Waterfront 201,waterfront,389,459,500,17.9,75%,False,,1.0,334.17,49.6,71d out → rack rate
2026-07-28,Tuesday,71,202,Waterfront 202,waterfront,389,459,500,17.9,75%,False,,1.0,334.17,49.6,71d out → rack rate
2026-07-28,Tuesday,71,203,Waterfront 203,waterfront,399,459,505,17.7,75%,False,,1.0,334.17,51.1,71d out → rack rate
2026-07-28,Tuesday,71,204,Waterfront 204,waterfront,409,459,510,17.5,75%,False,,1.0,334.17,52.6,71d out → rack rate
2026-07-28,Tuesday,71,301,Water View 301,water_view,319,369,405,17.7,75%,False,,1.0,334.17,21.2,71d out → rack rate
2026-07-28,Tuesday,71,302,Water View 302,water_view,319,369,405,17.7,75%,False,,1.0,334.17,21.2,71d out → rack rate
2026-07-28,Tuesday,71,303,Water View 303,water_view,329,369,410,17.5,75%,False,,1.0,334.17,22.7,71d out → rack rate
2026-07-28,Tuesday,71,304,Water View 304,water_view,319,359,400,18.0,75%,False,,1.0,334.17,19.7,71d out → rack rate
2026-07-28,Tuesday,71,305,Water View 305,water_view,329,369,410,17.5,75%,False,,1.0,334.17,22.7,71d out → rack rate
2026-07-28,Tuesday,71,101,Garden Room 101,garden,269,299,335,18.0,75%,False,,1.0,334.17,0.2,71d out → rack rate
2026-07-28,Tuesday,71,102,Garden Room 102,garden,269,299,335,18.0,75%,False,,1.0,334.17,0.2,71d out → rack rate
2026-07-28,Tuesday,71,103,Garden Room 103,garden,279,299,340,17.6,75%,False,,1.0,334.17,1.7,71d out → rack rate
2026-07-28,Tuesday,71,104,Garden Room 104,garden,269,289,330,18.3,75%,False,,1.0,334.17,-1.2,71d out → rack rate
2026-07-28,Tuesday,71,cottage,Private Cottage,cottage,489,549,610,17.5,75%,False,,1.0,334.17,82.5,71d out → rack rate
2026-07-29,Wednesday,72,201,Waterfront 201,waterfront,389,459,500,17.9,75%,False,,1.0,335.83,48.9,72d out → rack rate
2026-07-29,Wednesday,72,202,Waterfront 202,waterfront,389,459,500,17.9,75%,False,,1.0,335.83,48.9,72d out → rack rate
2026-07-29,Wednesday,72,203,Waterfront 203,waterfront,399,459,505,17.7,75%,False,,1.0,335.83,50.4,72d out → rack rate
2026-07-29,Wednesday,72,204,Waterfront 204,waterfront,409,459,510,17.5,75%,False,,1.0,335.83,51.9,72d out → rack rate
2026-07-29,Wednesday,72,301,Water View 301,water_view,319,369,405,17.7,75%,False,,1.0,335.83,20.6,72d out → rack rate
2026-07-29,Wednesday,72,302,Water View 302,water_view,319,369,405,17.7,75%,False,,1.0,335.83,20.6,72d out → rack rate
2026-07-29,Wednesday,72,303,Water View 303,water_view,329,369,410,17.5,75%,False,,1.0,335.83,22.1,72d out → rack rate
2026-07-29,Wednesday,72,304,Water View 304,water_view,319,359,400,18.0,75%,False,,1.0,335.83,19.1,72d out → rack rate
2026-07-29,Wednesday,72,305,Water View 305,water_view,329,369,410,17.5,75%,False,,1.0,335.83,22.1,72d out → rack rate
2026-07-29,Wednesday,72,101,Garden Room 101,garden,269,299,335,18.0,75%,False,,1.0,335.83,-0.2,72d out → rack rate
2026-07-29,Wednesday,72,102,Garden Room 102,garden,269,299,335,18.0,75%,False,,1.0,335.83,-0.2,72d out → rack rate
2026-07-29,Wednesday,72,103,Garden Room 103,garden,279,299,340,17.6,75%,False,,1.0,335.83,1.2,72d out → rack rate
2026-07-29,Wednesday,72,104,Garden Room 104,garden,269,289,330,18.3,75%,False,,1.0,335.83,-1.7,72d out → rack rate
2026-07-29,Wednesday,72,cottage,Private Cottage,cottage,489,549,610,17.5,75%,False,,1.0,335.83,81.6,72d out → rack rate
2026-07-30,Thursday,73,201,Waterfront 201,waterfront,389,459,500,17.9,75%,False,,1.0,336.67,48.5,73d out → rack rate
2026-07-30,Thursday,73,202,Waterfront 202,waterfront,389,459,500,17.9,75%,False,,1.0,336.67,48.5,73d out → rack rate
2026-07-30,Thursday,73,203,Waterfront 203,waterfront,399,459,505,17.7,75%,False,,1.0,336.67,50.0,73d out → rack rate
2026-07-30,Thursday,73,204,Waterfront 204,waterfront,409,459,510,17.5,75%,False,,1.0,336.67,51.5,73d out → rack rate
2026-07-30,Thursday,73,301,Water View 301,water_view,319,369,405,17.7,75%,False,,1.0,336.67,20.3,73d out → rack rate
2026-07-30,Thursday,73,302,Water View 302,water_view,319,369,405,17.7,75%,False,,1.0,336.67,20.3,73d out → rack rate
2026-07-30,Thursday,73,303,Water View 303,water_view,329,369,410,17.5,75%,False,,1.0,336.67,21.8,73d out → rack rate
2026-07-30,Thursday,73,304,Water View 304,water_view,319,359,400,18.0,75%,False,,1.0,336.67,18.8,73d out → rack rate
2026-07-30,Thursday,73,305,Water View 305,water_view,329,369,410,17.5,75%,False,,1.0,336.67,21.8,73d out → rack rate
2026-07-30,Thursday,73,101,Garden Room 101,garden,269,299,335,18.0,75%,False,,1.0,336.67,-0.5,73d out → rack rate
2026-07-30,Thursday,73,102,Garden Room 102,garden,269,299,335,18.0,75%,False,,1.0,336.67,-0.5,73d out → rack rate
2026-07-30,Thursday,73,103,Garden Room 103,garden,279,299,340,17.6,75%,False,,1.0,336.67,1.0,73d out → rack rate
2026-07-30,Thursday,73,104,Garden Room 104,garden,269,289,330,18.3,75%,False,,1.0,336.67,-2.0,73d out → rack rate
2026-07-30,Thursday,73,cottage,Private Cottage,cottage,489,549,610,17.5,75%,False,,1.0,336.67,81.2,73d out → rack rate
2026-07-31,Friday,74,201,Waterfront 201,waterfront,389,459,690,62.7,75%,True,Parris Island USMC Graduation,1.2,385.83,78.8,74d out → rack rate | Events: Parris Island USMC Graduation (×1.20) | Weekend +15% (Fri/Sat)
2026-07-31,Friday,74,202,Waterfront 202,waterfront,389,459,690,62.7,75%,True,Parris Island USMC Graduation,1.2,385.83,78.8,74d out → rack rate | Events: Parris Island USMC Graduation (×1.20) | Weekend +15% (Fri/Sat)
2026-07-31,Friday,74,203,Waterfront 203,waterfront,399,459,700,63.2,75%,True,Parris Island USMC Graduation,1.2,385.83,81.4,74d out → rack rate | Events: Parris Island USMC Graduation (×1.20) | Weekend +15% (Fri/Sat)
2026-07-31,Friday,74,204,Waterfront 204,waterfront,409,459,705,62.4,75%,True,Parris Island USMC Graduation,1.2,385.83,82.7,74d out → rack rate | Events: Parris Island USMC Graduation (×1.20) | Weekend +15% (Fri/Sat)
2026-07-31,Friday,74,301,Water View 301,water_view,319,369,560,62.8,75%,True,Parris Island USMC Graduation,1.2,385.83,45.1,74d out → rack rate | Events: Parris Island USMC Graduation (×1.20) | Weekend +15% (Fri/Sat)
2026-07-31,Friday,74,302,Water View 302,water_view,319,369,560,62.8,75%,True,Parris Island USMC Graduation,1.2,385.83,45.1,74d out → rack rate | Events: Parris Island USMC Graduation (×1.20) | Weekend +15% (Fri/Sat)
2026-07-31,Friday,74,303,Water View 303,water_view,329,369,570,63.3,75%,True,Parris Island USMC Graduation,1.2,385.83,47.7,74d out → rack rate | Events: Parris Island USMC Graduation (×1.20) | Weekend +15% (Fri/Sat)
2026-07-31,Friday,74,304,Water View 304,water_view,319,359,550,62.2,75%,True,Parris Island USMC Graduation,1.2,385.83,42.5,74d out → rack rate | Events: Parris Island USMC Graduation (×1.20) | Weekend +15% (Fri/Sat)
2026-07-31,Friday,74,305,Water View 305,water_view,329,369,570,63.3,75%,True,Parris Island USMC Graduation,1.2,385.83,47.7,74d out → rack rate | Events: Parris Island USMC Graduation (×1.20) | Weekend +15% (Fri/Sat)
2026-07-31,Friday,74,101,Garden Room 101,garden,269,299,460,62.0,75%,True,Parris Island USMC Graduation,1.2,385.83,19.2,74d out → rack rate | Events: Parris Island USMC Graduation (×1.20) | Weekend +15% (Fri/Sat)
2026-07-31,Friday,74,102,Garden Room 102,garden,269,299,460,62.0,75%,True,Parris Island USMC Graduation,1.2,385.83,19.2,74d out → rack rate | Events: Parris Island USMC Graduation (×1.20) | Weekend +15% (Fri/Sat)
2026-07-31,Friday,74,103,Garden Room 103,garden,279,299,470,62.6,75%,True,Parris Island USMC Graduation,1.2,385.83,21.8,74d out → rack rate | Events: Parris Island USMC Graduation (×1.20) | Weekend +15% (Fri/Sat)
2026-07-31,Friday,74,104,Garden Room 104,garden,269,289,455,63.1,75%,True,Parris Island USMC Graduation,1.2,385.83,17.9,74d out → rack rate | Events: Parris Island USMC Graduation (×1.20) | Weekend +15% (Fri/Sat)
2026-07-31,Friday,74,cottage,Private Cottage,cottage,489,549,845,62.8,75%,True,Parris Island USMC Graduation,1.2,385.83,119.0,74d out → rack rate | Events: Parris Island USMC Graduation (×1.20) | Weekend +15% (Fri/Sat)
2026-08-01,Saturday,75,201,Waterfront 201,waterfront,389,459,560,32.1,75%,True,Downtown Farmers Market,1.08,345.0,62.3,75d out → rack rate | Events: Downtown Farmers Market (×1.08) | Weekend +15% (Fri/Sat)
2026-08-01,Saturday,75,202,Waterfront 202,waterfront,389,459,560,32.1,75%,True,Downtown Farmers Market,1.08,345.0,62.3,75d out → rack rate | Events: Downtown Farmers Market (×1.08) | Weekend +15% (Fri/Sat)
2026-08-01,Saturday,75,203,Waterfront 203,waterfront,399,459,565,31.7,75%,True,Downtown Farmers Market,1.08,345.0,63.8,75d out → rack rate | Events: Downtown Farmers Market (×1.08) | Weekend +15% (Fri/Sat)
2026-08-01,Saturday,75,204,Waterfront 204,waterfront,409,459,570,31.3,75%,True,Downtown Farmers Market,1.08,345.0,65.2,75d out → rack rate | Events: Downtown Farmers Market (×1.08) | Weekend +15% (Fri/Sat)
2026-08-01,Saturday,75,301,Water View 301,water_view,319,369,455,32.3,75%,True,Downtown Farmers Market,1.08,345.0,31.9,75d out → rack rate | Events: Downtown Farmers Market (×1.08) | Weekend +15% (Fri/Sat)
2026-08-01,Saturday,75,302,Water View 302,water_view,319,369,455,32.3,75%,True,Downtown Farmers Market,1.08,345.0,31.9,75d out → rack rate | Events: Downtown Farmers Market (×1.08) | Weekend +15% (Fri/Sat)
2026-08-01,Saturday,75,303,Water View 303,water_view,329,369,460,31.8,75%,True,Downtown Farmers Market,1.08,345.0,33.3,75d out → rack rate | Events: Downtown Farmers Market (×1.08) | Weekend +15% (Fri/Sat)
2026-08-01,Saturday,75,304,Water View 304,water_view,319,359,445,31.3,75%,True,Downtown Farmers Market,1.08,345.0,29.0,75d out → rack rate | Events: Downtown Farmers Market (×1.08) | Weekend +15% (Fri/Sat)
2026-08-01,Saturday,75,305,Water View 305,water_view,329,369,460,31.8,75%,True,Downtown Farmers Market,1.08,345.0,33.3,75d out → rack rate | Events: Downtown Farmers Market (×1.08) | Weekend +15% (Fri/Sat)
2026-08-01,Saturday,75,101,Garden Room 101,garden,269,299,375,32.0,75%,True,Downtown Farmers Market,1.08,345.0,8.7,75d out → rack rate | Events: Downtown Farmers Market (×1.08) | Weekend +15% (Fri/Sat)
2026-08-01,Saturday,75,102,Garden Room 102,garden,269,299,375,32.0,75%,True,Downtown Farmers Market,1.08,345.0,8.7,75d out → rack rate | Events: Downtown Farmers Market (×1.08) | Weekend +15% (Fri/Sat)
2026-08-01,Saturday,75,103,Garden Room 103,garden,279,299,380,31.5,75%,True,Downtown Farmers Market,1.08,345.0,10.1,75d out → rack rate | Events: Downtown Farmers Market (×1.08) | Weekend +15% (Fri/Sat)
2026-08-01,Saturday,75,104,Garden Room 104,garden,269,289,365,30.8,75%,True,Downtown Farmers Market,1.08,345.0,5.8,75d out → rack rate | Events: Downtown Farmers Market (×1.08) | Weekend +15% (Fri/Sat)
2026-08-01,Saturday,75,cottage,Private Cottage,cottage,489,549,685,32.0,75%,True,Downtown Farmers Market,1.08,345.0,98.6,75d out → rack rate | Events: Downtown Farmers Market (×1.08) | Weekend +15% (Fri/Sat)
2026-08-02,Sunday,76,201,Waterfront 201,waterfront,389,459,450,6.1,75%,False,,1.0,301.67,49.2,76d out → rack rate
2026-08-02,Sunday,76,202,Waterfront 202,waterfront,389,459,450,6.1,75%,False,,1.0,301.67,49.2,76d out → rack rate
2026-08-02,Sunday,76,203,Waterfront 203,waterfront,399,459,455,6.1,75%,False,,1.0,301.67,50.8,76d out → rack rate
2026-08-02,Sunday,76,204,Waterfront 204,waterfront,409,459,460,6.0,75%,False,,1.0,301.67,52.5,76d out → rack rate
2026-08-02,Sunday,76,301,Water View 301,water_view,319,369,365,6.1,75%,False,,1.0,301.67,21.0,76d out → rack rate
2026-08-02,Sunday,76,302,Water View 302,water_view,319,369,365,6.1,75%,False,,1.0,301.67,21.0,76d out → rack rate
2026-08-02,Sunday,76,303,Water View 303,water_view,329,369,370,6.0,75%,False,,1.0,301.67,22.7,76d out → rack rate
2026-08-02,Sunday,76,304,Water View 304,water_view,319,359,360,6.2,75%,False,,1.0,301.67,19.3,76d out → rack rate
2026-08-02,Sunday,76,305,Water View 305,water_view,329,369,370,6.0,75%,False,,1.0,301.67,22.7,76d out → rack rate
2026-08-02,Sunday,76,101,Garden Room 101,garden,269,299,300,5.6,75%,False,,1.0,301.67,-0.6,76d out → rack rate
2026-08-02,Sunday,76,102,Garden Room 102,garden,269,299,300,5.6,75%,False,,1.0,301.67,-0.6,76d out → rack rate
2026-08-02,Sunday,76,103,Garden Room 103,garden,279,299,305,5.5,75%,False,,1.0,301.67,1.1,76d out → rack rate
2026-08-02,Sunday,76,104,Garden Room 104,garden,269,289,295,5.7,75%,False,,1.0,301.67,-2.2,76d out → rack rate
2026-08-02,Sunday,76,cottage,Private Cottage,cottage,489,549,550,6.0,75%,False,,1.0,301.67,82.3,76d out → rack rate
2026-08-03,Monday,77,201,Waterfront 201,waterfront,389,459,450,6.1,75%,False,,1.0,302.5,48.8,77d out → rack rate
2026-08-03,Monday,77,202,Waterfront 202,waterfront,389,459,450,6.1,75%,False,,1.0,302.5,48.8,77d out → rack rate
2026-08-03,Monday,77,203,Waterfront 203,waterfront,399,459,455,6.1,75%,False,,1.0,302.5,50.4,77d out → rack rate
2026-08-03,Monday,77,204,Waterfront 204,waterfront,409,459,460,6.0,75%,False,,1.0,302.5,52.1,77d out → rack rate
2026-08-03,Monday,77,301,Water View 301,water_view,319,369,365,6.1,75%,False,,1.0,302.5,20.7,77d out → rack rate
2026-08-03,Monday,77,302,Water View 302,water_view,319,369,365,6.1,75%,False,,1.0,302.5,20.7,77d out → rack rate
2026-08-03,Monday,77,303,Water View 303,water_view,329,369,370,6.0,75%,False,,1.0,302.5,22.3,77d out → rack rate
2026-08-03,Monday,77,304,Water View 304,water_view,319,359,360,6.2,75%,False,,1.0,302.5,19.0,77d out → rack rate
2026-08-03,Monday,77,305,Water View 305,water_view,329,369,370,6.0,75%,False,,1.0,302.5,22.3,77d out → rack rate
2026-08-03,Monday,77,101,Garden Room 101,garden,269,299,300,5.6,75%,False,,1.0,302.5,-0.8,77d out → rack rate
2026-08-03,Monday,77,102,Garden Room 102,garden,269,299,300,5.6,75%,False,,1.0,302.5,-0.8,77d out → rack rate
2026-08-03,Monday,77,103,Garden Room 103,garden,279,299,305,5.5,75%,False,,1.0,302.5,0.8,77d out → rack rate
2026-08-03,Monday,77,104,Garden Room 104,garden,269,289,295,5.7,75%,False,,1.0,302.5,-2.5,77d out → rack rate
2026-08-03,Monday,77,cottage,Private Cottage,cottage,489,549,550,6.0,75%,False,,1.0,302.5,81.8,77d out → rack rate
2026-08-04,Tuesday,78,201,Waterfront 201,waterfront,389,459,450,6.1,75%,False,,1.0,300.83,49.6,78d out → rack rate
2026-08-04,Tuesday,78,202,Waterfront 202,waterfront,389,459,450,6.1,75%,False,,1.0,300.83,49.6,78d out → rack rate
2026-08-04,Tuesday,78,203,Waterfront 203,waterfront,399,459,455,6.1,75%,False,,1.0,300.83,51.2,78d out → rack rate
2026-08-04,Tuesday,78,204,Waterfront 204,waterfront,409,459,460,6.0,75%,False,,1.0,300.83,52.9,78d out → rack rate
2026-08-04,Tuesday,78,301,Water View 301,water_view,319,369,365,6.1,75%,False,,1.0,300.83,21.3,78d out → rack rate
2026-08-04,Tuesday,78,302,Water View 302,water_view,319,369,365,6.1,75%,False,,1.0,300.83,21.3,78d out → rack rate
2026-08-04,Tuesday,78,303,Water View 303,water_view,329,369,370,6.0,75%,False,,1.0,300.83,23.0,78d out → rack rate
2026-08-04,Tuesday,78,304,Water View 304,water_view,319,359,360,6.2,75%,False,,1.0,300.83,19.7,78d out → rack rate
2026-08-04,Tuesday,78,305,Water View 305,water_view,329,369,370,6.0,75%,False,,1.0,300.83,23.0,78d out → rack rate
2026-08-04,Tuesday,78,101,Garden Room 101,garden,269,299,300,5.6,75%,False,,1.0,300.83,-0.3,78d out → rack rate
2026-08-04,Tuesday,78,102,Garden Room 102,garden,269,299,300,5.6,75%,False,,1.0,300.83,-0.3,78d out → rack rate
2026-08-04,Tuesday,78,103,Garden Room 103,garden,279,299,305,5.5,75%,False,,1.0,300.83,1.4,78d out → rack rate
2026-08-04,Tuesday,78,104,Garden Room 104,garden,269,289,295,5.7,75%,False,,1.0,300.83,-1.9,78d out → rack rate
2026-08-04,Tuesday,78,cottage,Private Cottage,cottage,489,549,550,6.0,75%,False,,1.0,300.83,82.8,78d out → rack rate
2026-08-05,Wednesday,79,201,Waterfront 201,waterfront,389,459,450,6.1,75%,False,,1.0,298.33,50.8,79d out → rack rate
2026-08-05,Wednesday,79,202,Waterfront 202,waterfront,389,459,450,6.1,75%,False,,1.0,298.33,50.8,79d out → rack rate
2026-08-05,Wednesday,79,203,Waterfront 203,waterfront,399,459,455,6.1,75%,False,,1.0,298.33,52.5,79d out → rack rate
2026-08-05,Wednesday,79,204,Waterfront 204,waterfront,409,459,460,6.0,75%,False,,1.0,298.33,54.2,79d out → rack rate
2026-08-05,Wednesday,79,301,Water View 301,water_view,319,369,365,6.1,75%,False,,1.0,298.33,22.3,79d out → rack rate
2026-08-05,Wednesday,79,302,Water View 302,water_view,319,369,365,6.1,75%,False,,1.0,298.33,22.3,79d out → rack rate
2026-08-05,Wednesday,79,303,Water View 303,water_view,329,369,370,6.0,75%,False,,1.0,298.33,24.0,79d out → rack rate
2026-08-05,Wednesday,79,304,Water View 304,water_view,319,359,360,6.2,75%,False,,1.0,298.33,20.7,79d out → rack rate
2026-08-05,Wednesday,79,305,Water View 305,water_view,329,369,370,6.0,75%,False,,1.0,298.33,24.0,79d out → rack rate
2026-08-05,Wednesday,79,101,Garden Room 101,garden,269,299,300,5.6,75%,False,,1.0,298.33,0.6,79d out → rack rate
2026-08-05,Wednesday,79,102,Garden Room 102,garden,269,299,300,5.6,75%,False,,1.0,298.33,0.6,79d out → rack rate
2026-08-05,Wednesday,79,103,Garden Room 103,garden,279,299,305,5.5,75%,False,,1.0,298.33,2.2,79d out → rack rate
2026-08-05,Wednesday,79,104,Garden Room 104,garden,269,289,295,5.7,75%,False,,1.0,298.33,-1.1,79d out → rack rate
2026-08-05,Wednesday,79,cottage,Private Cottage,cottage,489,549,550,6.0,75%,False,,1.0,298.33,84.4,79d out → rack rate
2026-08-06,Thursday,80,201,Waterfront 201,waterfront,389,459,450,6.1,75%,False,,1.0,299.17,50.4,80d out → rack rate
2026-08-06,Thursday,80,202,Waterfront 202,waterfront,389,459,450,6.1,75%,False,,1.0,299.17,50.4,80d out → rack rate
2026-08-06,Thursday,80,203,Waterfront 203,waterfront,399,459,455,6.1,75%,False,,1.0,299.17,52.1,80d out → rack rate
2026-08-06,Thursday,80,204,Waterfront 204,waterfront,409,459,460,6.0,75%,False,,1.0,299.17,53.8,80d out → rack rate
2026-08-06,Thursday,80,301,Water View 301,water_view,319,369,365,6.1,75%,False,,1.0,299.17,22.0,80d out → rack rate
2026-08-06,Thursday,80,302,Water View 302,water_view,319,369,365,6.1,75%,False,,1.0,299.17,22.0,80d out → rack rate
2026-08-06,Thursday,80,303,Water View 303,water_view,329,369,370,6.0,75%,False,,1.0,299.17,23.7,80d out → rack rate
2026-08-06,Thursday,80,304,Water View 304,water_view,319,359,360,6.2,75%,False,,1.0,299.17,20.3,80d out → rack rate
2026-08-06,Thursday,80,305,Water View 305,water_view,329,369,370,6.0,75%,False,,1.0,299.17,23.7,80d out → rack rate
2026-08-06,Thursday,80,101,Garden Room 101,garden,269,299,300,5.6,75%,False,,1.0,299.17,0.3,80d out → rack rate
2026-08-06,Thursday,80,102,Garden Room 102,garden,269,299,300,5.6,75%,False,,1.0,299.17,0.3,80d out → rack rate
2026-08-06,Thursday,80,103,Garden Room 103,garden,279,299,305,5.5,75%,False,,1.0,299.17,1.9,80d out → rack rate
2026-08-06,Thursday,80,104,Garden Room 104,garden,269,289,295,5.7,75%,False,,1.0,299.17,-1.4,80d out → rack rate
2026-08-06,Thursday,80,cottage,Private Cottage,cottage,489,549,550,6.0,75%,False,,1.0,299.17,83.8,80d out → rack rate
2026-08-07,Friday,81,201,Waterfront 201,waterfront,389,459,595,40.3,75%,True,First Friday Art Walk,1.15,345.83,72.0,81d out → rack rate | Events: First Friday Art Walk (×1.15) | Weekend +15% (Fri/Sat)
2026-08-07,Friday,81,202,Waterfront 202,waterfront,389,459,595,40.3,75%,True,First Friday Art Walk,1.15,345.83,72.0,81d out → rack rate | Events: First Friday Art Walk (×1.15) | Weekend +15% (Fri/Sat)
2026-08-07,Friday,81,203,Waterfront 203,waterfront,399,459,600,39.9,75%,True,First Friday Art Walk,1.15,345.83,73.5,81d out → rack rate | Events: First Friday Art Walk (×1.15) | Weekend +15% (Fri/Sat)
2026-08-07,Friday,81,204,Waterfront 204,waterfront,409,459,610,40.6,75%,True,First Friday Art Walk,1.15,345.83,76.4,81d out → rack rate | Events: First Friday Art Walk (×1.15) | Weekend +15% (Fri/Sat)
2026-08-07,Friday,81,301,Water View 301,water_view,319,369,480,39.5,75%,True,First Friday Art Walk,1.15,345.83,38.8,81d out → rack rate | Events: First Friday Art Walk (×1.15) | Weekend +15% (Fri/Sat)
2026-08-07,Friday,81,302,Water View 302,water_view,319,369,480,39.5,75%,True,First Friday Art Walk,1.15,345.83,38.8,81d out → rack rate | Events: First Friday Art Walk (×1.15) | Weekend +15% (Fri/Sat)
2026-08-07,Friday,81,303,Water View 303,water_view,329,369,490,40.4,75%,True,First Friday Art Walk,1.15,345.83,41.7,81d out → rack rate | Events: First Friday Art Walk (×1.15) | Weekend +15% (Fri/Sat)
2026-08-07,Friday,81,304,Water View 304,water_view,319,359,475,40.1,75%,True,First Friday Art Walk,1.15,345.83,37.3,81d out → rack rate | Events: First Friday Art Walk (×1.15) | Weekend +15% (Fri/Sat)
2026-08-07,Friday,81,305,Water View 305,water_view,329,369,490,40.4,75%,True,First Friday Art Walk,1.15,345.83,41.7,81d out → rack rate | Events: First Friday Art Walk (×1.15) | Weekend +15% (Fri/Sat)
2026-08-07,Friday,81,101,Garden Room 101,garden,269,299,400,40.8,75%,True,First Friday Art Walk,1.15,345.83,15.7,81d out → rack rate | Events: First Friday Art Walk (×1.15) | Weekend +15% (Fri/Sat)
2026-08-07,Friday,81,102,Garden Room 102,garden,269,299,400,40.8,75%,True,First Friday Art Walk,1.15,345.83,15.7,81d out → rack rate | Events: First Friday Art Walk (×1.15) | Weekend +15% (Fri/Sat)
2026-08-07,Friday,81,103,Garden Room 103,garden,279,299,405,40.1,75%,True,First Friday Art Walk,1.15,345.83,17.1,81d out → rack rate | Events: First Friday Art Walk (×1.15) | Weekend +15% (Fri/Sat)
2026-08-07,Friday,81,104,Garden Room 104,garden,269,289,390,39.8,75%,True,First Friday Art Walk,1.15,345.83,12.8,81d out → rack rate | Events: First Friday Art Walk (×1.15) | Weekend +15% (Fri/Sat)
2026-08-07,Friday,81,cottage,Private Cottage,cottage,489,549,730,40.7,75%,True,First Friday Art Walk,1.15,345.83,111.1,81d out → rack rate | Events: First Friday Art Walk (×1.15) | Weekend +15% (Fri/Sat)
2026-08-08,Saturday,82,201,Waterfront 201,waterfront,389,459,560,32.1,75%,True,Downtown Farmers Market,1.08,344.17,62.7,82d out → rack rate | Events: Downtown Farmers Market (×1.08) | Weekend +15% (Fri/Sat)
2026-08-08,Saturday,82,202,Waterfront 202,waterfront,389,459,560,32.1,75%,True,Downtown Farmers Market,1.08,344.17,62.7,82d out → rack rate | Events: Downtown Farmers Market (×1.08) | Weekend +15% (Fri/Sat)
2026-08-08,Saturday,82,203,Waterfront 203,waterfront,399,459,565,31.7,75%,True,Downtown Farmers Market,1.08,344.17,64.2,82d out → rack rate | Events: Downtown Farmers Market (×1.08) | Weekend +15% (Fri/Sat)
2026-08-08,Saturday,82,204,Waterfront 204,waterfront,409,459,570,31.3,75%,True,Downtown Farmers Market,1.08,344.17,65.6,82d out → rack rate | Events: Downtown Farmers Market (×1.08) | Weekend +15% (Fri/Sat)
2026-08-08,Saturday,82,301,Water View 301,water_view,319,369,455,32.3,75%,True,Downtown Farmers Market,1.08,344.17,32.2,82d out → rack rate | Events: Downtown Farmers Market (×1.08) | Weekend +15% (Fri/Sat)
2026-08-08,Saturday,82,302,Water View 302,water_view,319,369,455,32.3,75%,True,Downtown Farmers Market,1.08,344.17,32.2,82d out → rack rate | Events: Downtown Farmers Market (×1.08) | Weekend +15% (Fri/Sat)
2026-08-08,Saturday,82,303,Water View 303,water_view,329,369,460,31.8,75%,True,Downtown Farmers Market,1.08,344.17,33.7,82d out → rack rate | Events: Downtown Farmers Market (×1.08) | Weekend +15% (Fri/Sat)
2026-08-08,Saturday,82,304,Water View 304,water_view,319,359,445,31.3,75%,True,Downtown Farmers Market,1.08,344.17,29.3,82d out → rack rate | Events: Downtown Farmers Market (×1.08) | Weekend +15% (Fri/Sat)
2026-08-08,Saturday,82,305,Water View 305,water_view,329,369,460,31.8,75%,True,Downtown Farmers Market,1.08,344.17,33.7,82d out → rack rate | Events: Downtown Farmers Market (×1.08) | Weekend +15% (Fri/Sat)
2026-08-08,Saturday,82,101,Garden Room 101,garden,269,299,375,32.0,75%,True,Downtown Farmers Market,1.08,344.17,9.0,82d out → rack rate | Events: Downtown Farmers Market (×1.08) | Weekend +15% (Fri/Sat)
2026-08-08,Saturday,82,102,Garden Room 102,garden,269,299,375,32.0,75%,True,Downtown Farmers Market,1.08,344.17,9.0,82d out → rack rate | Events: Downtown Farmers Market (×1.08) | Weekend +15% (Fri/Sat)
2026-08-08,Saturday,82,103,Garden Room 103,garden,279,299,380,31.5,75%,True,Downtown Farmers Market,1.08,344.17,10.4,82d out → rack rate | Events: Downtown Farmers Market (×1.08) | Weekend +15% (Fri/Sat)
2026-08-08,Saturday,82,104,Garden Room 104,garden,269,289,365,30.8,75%,True,Downtown Farmers Market,1.08,344.17,6.1,82d out → rack rate | Events: Downtown Farmers Market (×1.08) | Weekend +15% (Fri/Sat)
2026-08-08,Saturday,82,cottage,Private Cottage,cottage,489,549,685,32.0,75%,True,Downtown Farmers Market,1.08,344.17,99.0,82d out → rack rate | Events: Downtown Farmers Market (×1.08) | Weekend +15% (Fri/Sat)
2026-08-09,Sunday,83,201,Waterfront 201,waterfront,389,459,450,6.1,75%,False,,1.0,296.67,51.7,83d out → rack rate
2026-08-09,Sunday,83,202,Waterfront 202,waterfront,389,459,450,6.1,75%,False,,1.0,296.67,51.7,83d out → rack rate
2026-08-09,Sunday,83,203,Waterfront 203,waterfront,399,459,455,6.1,75%,False,,1.0,296.67,53.4,83d out → rack rate
2026-08-09,Sunday,83,204,Waterfront 204,waterfront,409,459,460,6.0,75%,False,,1.0,296.67,55.1,83d out → rack rate
2026-08-09,Sunday,83,301,Water View 301,water_view,319,369,365,6.1,75%,False,,1.0,296.67,23.0,83d out → rack rate
2026-08-09,Sunday,83,302,Water View 302,water_view,319,369,365,6.1,75%,False,,1.0,296.67,23.0,83d out → rack rate
2026-08-09,Sunday,83,303,Water View 303,water_view,329,369,370,6.0,75%,False,,1.0,296.67,24.7,83d out → rack rate
2026-08-09,Sunday,83,304,Water View 304,water_view,319,359,360,6.2,75%,False,,1.0,296.67,21.3,83d out → rack rate
2026-08-09,Sunday,83,305,Water View 305,water_view,329,369,370,6.0,75%,False,,1.0,296.67,24.7,83d out → rack rate
2026-08-09,Sunday,83,101,Garden Room 101,garden,269,299,300,5.6,75%,False,,1.0,296.67,1.1,83d out → rack rate
2026-08-09,Sunday,83,102,Garden Room 102,garden,269,299,300,5.6,75%,False,,1.0,296.67,1.1,83d out → rack rate
2026-08-09,Sunday,83,103,Garden Room 103,garden,279,299,305,5.5,75%,False,,1.0,296.67,2.8,83d out → rack rate
2026-08-09,Sunday,83,104,Garden Room 104,garden,269,289,295,5.7,75%,False,,1.0,296.67,-0.6,83d out → rack rate
2026-08-09,Sunday,83,cottage,Private Cottage,cottage,489,549,550,6.0,75%,False,,1.0,296.67,85.4,83d out → rack rate
2026-08-10,Monday,84,201,Waterfront 201,waterfront,389,459,450,6.1,75%,False,,1.0,300.0,50.0,84d out → rack rate
2026-08-10,Monday,84,202,Waterfront 202,waterfront,389,459,450,6.1,75%,False,,1.0,300.0,50.0,84d out → rack rate
2026-08-10,Monday,84,203,Waterfront 203,waterfront,399,459,455,6.1,75%,False,,1.0,300.0,51.7,84d out → rack rate
2026-08-10,Monday,84,204,Waterfront 204,waterfront,409,459,460,6.0,75%,False,,1.0,300.0,53.3,84d out → rack rate
2026-08-10,Monday,84,301,Water View 301,water_view,319,369,365,6.1,75%,False,,1.0,300.0,21.7,84d out → rack rate
2026-08-10,Monday,84,302,Water View 302,water_view,319,369,365,6.1,75%,False,,1.0,300.0,21.7,84d out → rack rate
2026-08-10,Monday,84,303,Water View 303,water_view,329,369,370,6.0,75%,False,,1.0,300.0,23.3,84d out → rack rate
2026-08-10,Monday,84,304,Water View 304,water_view,319,359,360,6.2,75%,False,,1.0,300.0,20.0,84d out → rack rate
2026-08-10,Monday,84,305,Water View 305,water_view,329,369,370,6.0,75%,False,,1.0,300.0,23.3,84d out → rack rate
2026-08-10,Monday,84,101,Garden Room 101,garden,269,299,300,5.6,75%,False,,1.0,300.0,0.0,84d out → rack rate
2026-08-10,Monday,84,102,Garden Room 102,garden,269,299,300,5.6,75%,False,,1.0,300.0,0.0,84d out → rack rate
2026-08-10,Monday,84,103,Garden Room 103,garden,279,299,305,5.5,75%,False,,1.0,300.0,1.7,84d out → rack rate
2026-08-10,Monday,84,104,Garden Room 104,garden,269,289,295,5.7,75%,False,,1.0,300.0,-1.7,84d out → rack rate
2026-08-10,Monday,84,cottage,Private Cottage,cottage,489,549,550,6.0,75%,False,,1.0,300.0,83.3,84d out → rack rate
2026-08-11,Tuesday,85,201,Waterfront 201,waterfront,389,459,450,6.1,75%,False,,1.0,300.0,50.0,85d out → rack rate
2026-08-11,Tuesday,85,202,Waterfront 202,waterfront,389,459,450,6.1,75%,False,,1.0,300.0,50.0,85d out → rack rate
2026-08-11,Tuesday,85,203,Waterfront 203,waterfront,399,459,455,6.1,75%,False,,1.0,300.0,51.7,85d out → rack rate
2026-08-11,Tuesday,85,204,Waterfront 204,waterfront,409,459,460,6.0,75%,False,,1.0,300.0,53.3,85d out → rack rate
2026-08-11,Tuesday,85,301,Water View 301,water_view,319,369,365,6.1,75%,False,,1.0,300.0,21.7,85d out → rack rate
2026-08-11,Tuesday,85,302,Water View 302,water_view,319,369,365,6.1,75%,False,,1.0,300.0,21.7,85d out → rack rate
2026-08-11,Tuesday,85,303,Water View 303,water_view,329,369,370,6.0,75%,False,,1.0,300.0,23.3,85d out → rack rate
2026-08-11,Tuesday,85,304,Water View 304,water_view,319,359,360,6.2,75%,False,,1.0,300.0,20.0,85d out → rack rate
2026-08-11,Tuesday,85,305,Water View 305,water_view,329,369,370,6.0,75%,False,,1.0,300.0,23.3,85d out → rack rate
2026-08-11,Tuesday,85,101,Garden Room 101,garden,269,299,300,5.6,75%,False,,1.0,300.0,0.0,85d out → rack rate
2026-08-11,Tuesday,85,102,Garden Room 102,garden,269,299,300,5.6,75%,False,,1.0,300.0,0.0,85d out → rack rate
2026-08-11,Tuesday,85,103,Garden Room 103,garden,279,299,305,5.5,75%,False,,1.0,300.0,1.7,85d out → rack rate
2026-08-11,Tuesday,85,104,Garden Room 104,garden,269,289,295,5.7,75%,False,,1.0,300.0,-1.7,85d out → rack rate
2026-08-11,Tuesday,85,cottage,Private Cottage,cottage,489,549,550,6.0,75%,False,,1.0,300.0,83.3,85d out → rack rate
2026-08-12,Wednesday,86,201,Waterfront 201,waterfront,389,459,450,6.1,75%,False,,1.0,300.0,50.0,86d out → rack rate
2026-08-12,Wednesday,86,202,Waterfront 202,waterfront,389,459,450,6.1,75%,False,,1.0,300.0,50.0,86d out → rack rate
2026-08-12,Wednesday,86,203,Waterfront 203,waterfront,399,459,455,6.1,75%,False,,1.0,300.0,51.7,86d out → rack rate
2026-08-12,Wednesday,86,204,Waterfront 204,waterfront,409,459,460,6.0,75%,False,,1.0,300.0,53.3,86d out → rack rate
2026-08-12,Wednesday,86,301,Water View 301,water_view,319,369,365,6.1,75%,False,,1.0,300.0,21.7,86d out → rack rate
2026-08-12,Wednesday,86,302,Water View 302,water_view,319,369,365,6.1,75%,False,,1.0,300.0,21.7,86d out → rack rate
2026-08-12,Wednesday,86,303,Water View 303,water_view,329,369,370,6.0,75%,False,,1.0,300.0,23.3,86d out → rack rate
2026-08-12,Wednesday,86,304,Water View 304,water_view,319,359,360,6.2,75%,False,,1.0,300.0,20.0,86d out → rack rate
2026-08-12,Wednesday,86,305,Water View 305,water_view,329,369,370,6.0,75%,False,,1.0,300.0,23.3,86d out → rack rate
2026-08-12,Wednesday,86,101,Garden Room 101,garden,269,299,300,5.6,75%,False,,1.0,300.0,0.0,86d out → rack rate
2026-08-12,Wednesday,86,102,Garden Room 102,garden,269,299,300,5.6,75%,False,,1.0,300.0,0.0,86d out → rack rate
2026-08-12,Wednesday,86,103,Garden Room 103,garden,279,299,305,5.5,75%,False,,1.0,300.0,1.7,86d out → rack rate
2026-08-12,Wednesday,86,104,Garden Room 104,garden,269,289,295,5.7,75%,False,,1.0,300.0,-1.7,86d out → rack rate
2026-08-12,Wednesday,86,cottage,Private Cottage,cottage,489,549,550,6.0,75%,False,,1.0,300.0,83.3,86d out → rack rate
2026-08-13,Thursday,87,201,Waterfront 201,waterfront,389,459,450,6.1,75%,False,,1.0,301.67,49.2,87d out → rack rate
2026-08-13,Thursday,87,202,Waterfront 202,waterfront,389,459,450,6.1,75%,False,,1.0,301.67,49.2,87d out → rack rate
2026-08-13,Thursday,87,203,Waterfront 203,waterfront,399,459,455,6.1,75%,False,,1.0,301.67,50.8,87d out → rack rate
2026-08-13,Thursday,87,204,Waterfront 204,waterfront,409,459,460,6.0,75%,False,,1.0,301.67,52.5,87d out → rack rate
2026-08-13,Thursday,87,301,Water View 301,water_view,319,369,365,6.1,75%,False,,1.0,301.67,21.0,87d out → rack rate
2026-08-13,Thursday,87,302,Water View 302,water_view,319,369,365,6.1,75%,False,,1.0,301.67,21.0,87d out → rack rate
2026-08-13,Thursday,87,303,Water View 303,water_view,329,369,370,6.0,75%,False,,1.0,301.67,22.7,87d out → rack rate
2026-08-13,Thursday,87,304,Water View 304,water_view,319,359,360,6.2,75%,False,,1.0,301.67,19.3,87d out → rack rate
2026-08-13,Thursday,87,305,Water View 305,water_view,329,369,370,6.0,75%,False,,1.0,301.67,22.7,87d out → rack rate
2026-08-13,Thursday,87,101,Garden Room 101,garden,269,299,300,5.6,75%,False,,1.0,301.67,-0.6,87d out → rack rate
2026-08-13,Thursday,87,102,Garden Room 102,garden,269,299,300,5.6,75%,False,,1.0,301.67,-0.6,87d out → rack rate
2026-08-13,Thursday,87,103,Garden Room 103,garden,279,299,305,5.5,75%,False,,1.0,301.67,1.1,87d out → rack rate
2026-08-13,Thursday,87,104,Garden Room 104,garden,269,289,295,5.7,75%,False,,1.0,301.67,-2.2,87d out → rack rate
2026-08-13,Thursday,87,cottage,Private Cottage,cottage,489,549,550,6.0,75%,False,,1.0,301.67,82.3,87d out → rack rate
2026-08-14,Friday,88,201,Waterfront 201,waterfront,389,459,620,46.2,75%,True,Parris Island USMC Graduation,1.2,346.67,78.8,88d out → rack rate | Events: Parris Island USMC Graduation (×1.20) | Weekend +15% (Fri/Sat)
2026-08-14,Friday,88,202,Waterfront 202,waterfront,389,459,620,46.2,75%,True,Parris Island USMC Graduation,1.2,346.67,78.8,88d out → rack rate | Events: Parris Island USMC Graduation (×1.20) | Weekend +15% (Fri/Sat)
2026-08-14,Friday,88,203,Waterfront 203,waterfront,399,459,630,46.9,75%,True,Parris Island USMC Graduation,1.2,346.67,81.7,88d out → rack rate | Events: Parris Island USMC Graduation (×1.20) | Weekend +15% (Fri/Sat)
2026-08-14,Friday,88,204,Waterfront 204,waterfront,409,459,635,46.3,75%,True,Parris Island USMC Graduation,1.2,346.67,83.2,88d out → rack rate | Events: Parris Island USMC Graduation (×1.20) | Weekend +15% (Fri/Sat)
2026-08-14,Friday,88,301,Water View 301,water_view,319,369,505,46.8,75%,True,Parris Island USMC Graduation,1.2,346.67,45.7,88d out → rack rate | Events: Parris Island USMC Graduation (×1.20) | Weekend +15% (Fri/Sat)
2026-08-14,Friday,88,302,Water View 302,water_view,319,369,505,46.8,75%,True,Parris Island USMC Graduation,1.2,346.67,45.7,88d out → rack rate | Events: Parris Island USMC Graduation (×1.20) | Weekend +15% (Fri/Sat)
2026-08-14,Friday,88,303,Water View 303,water_view,329,369,510,46.1,75%,True,Parris Island USMC Graduation,1.2,346.67,47.1,88d out → rack rate | Events: Parris Island USMC Graduation (×1.20) | Weekend +15% (Fri/Sat)
2026-08-14,Friday,88,304,Water View 304,water_view,319,359,495,46.0,75%,True,Parris Island USMC Graduation,1.2,346.67,42.8,88d out → rack rate | Events: Parris Island USMC Graduation (×1.20) | Weekend +15% (Fri/Sat)
2026-08-14,Friday,88,305,Water View 305,water_view,329,369,510,46.1,75%,True,Parris Island USMC Graduation,1.2,346.67,47.1,88d out → rack rate | Events: Parris Island USMC Graduation (×1.20) | Weekend +15% (Fri/Sat)
2026-08-14,Friday,88,101,Garden Room 101,garden,269,299,415,46.1,75%,True,Parris Island USMC Graduation,1.2,346.67,19.7,88d out → rack rate | Events: Parris Island USMC Graduation (×1.20) | Weekend +15% (Fri/Sat)
2026-08-14,Friday,88,102,Garden Room 102,garden,269,299,415,46.1,75%,True,Parris Island USMC Graduation,1.2,346.67,19.7,88d out → rack rate | Events: Parris Island USMC Graduation (×1.20) | Weekend +15% (Fri/Sat)
2026-08-14,Friday,88,103,Garden Room 103,garden,279,299,425,47.1,75%,True,Parris Island USMC Graduation,1.2,346.67,22.6,88d out → rack rate | Events: Parris Island USMC Graduation (×1.20) | Weekend +15% (Fri/Sat)
2026-08-14,Friday,88,104,Garden Room 104,garden,269,289,410,47.0,75%,True,Parris Island USMC Graduation,1.2,346.67,18.3,88d out → rack rate | Events: Parris Island USMC Graduation (×1.20) | Weekend +15% (Fri/Sat)
2026-08-14,Friday,88,cottage,Private Cottage,cottage,489,549,760,46.4,75%,True,Parris Island USMC Graduation,1.2,346.67,119.2,88d out → rack rate | Events: Parris Island USMC Graduation (×1.20) | Weekend +15% (Fri/Sat)
2026-08-15,Saturday,89,201,Waterfront 201,waterfront,389,459,560,32.1,75%,True,Downtown Farmers Market,1.08,346.67,61.5,89d out → rack rate | Events: Downtown Farmers Market (×1.08) | Weekend +15% (Fri/Sat)
2026-08-15,Saturday,89,202,Waterfront 202,waterfront,389,459,560,32.1,75%,True,Downtown Farmers Market,1.08,346.67,61.5,89d out → rack rate | Events: Downtown Farmers Market (×1.08) | Weekend +15% (Fri/Sat)
2026-08-15,Saturday,89,203,Waterfront 203,waterfront,399,459,565,31.7,75%,True,Downtown Farmers Market,1.08,346.67,63.0,89d out → rack rate | Events: Downtown Farmers Market (×1.08) | Weekend +15% (Fri/Sat)
2026-08-15,Saturday,89,204,Waterfront 204,waterfront,409,459,570,31.3,75%,True,Downtown Farmers Market,1.08,346.67,64.4,89d out → rack rate | Events: Downtown Farmers Market (×1.08) | Weekend +15% (Fri/Sat)
2026-08-15,Saturday,89,301,Water View 301,water_view,319,369,455,32.3,75%,True,Downtown Farmers Market,1.08,346.67,31.2,89d out → rack rate | Events: Downtown Farmers Market (×1.08) | Weekend +15% (Fri/Sat)
2026-08-15,Saturday,89,302,Water View 302,water_view,319,369,455,32.3,75%,True,Downtown Farmers Market,1.08,346.67,31.2,89d out → rack rate | Events: Downtown Farmers Market (×1.08) | Weekend +15% (Fri/Sat)
2026-08-15,Saturday,89,303,Water View 303,water_view,329,369,460,31.8,75%,True,Downtown Farmers Market,1.08,346.67,32.7,89d out → rack rate | Events: Downtown Farmers Market (×1.08) | Weekend +15% (Fri/Sat)
2026-08-15,Saturday,89,304,Water View 304,water_view,319,359,445,31.3,75%,True,Downtown Farmers Market,1.08,346.67,28.4,89d out → rack rate | Events: Downtown Farmers Market (×1.08) | Weekend +15% (Fri/Sat)
2026-08-15,Saturday,89,305,Water View 305,water_view,329,369,460,31.8,75%,True,Downtown Farmers Market,1.08,346.67,32.7,89d out → rack rate | Events: Downtown Farmers Market (×1.08) | Weekend +15% (Fri/Sat)
2026-08-15,Saturday,89,101,Garden Room 101,garden,269,299,375,32.0,75%,True,Downtown Farmers Market,1.08,346.67,8.2,89d out → rack rate | Events: Downtown Farmers Market (×1.08) | Weekend +15% (Fri/Sat)
2026-08-15,Saturday,89,102,Garden Room 102,garden,269,299,375,32.0,75%,True,Downtown Farmers Market,1.08,346.67,8.2,89d out → rack rate | Events: Downtown Farmers Market (×1.08) | Weekend +15% (Fri/Sat)
2026-08-15,Saturday,89,103,Garden Room 103,garden,279,299,380,31.5,75%,True,Downtown Farmers Market,1.08,346.67,9.6,89d out → rack rate | Events: Downtown Farmers Market (×1.08) | Weekend +15% (Fri/Sat)
2026-08-15,Saturday,89,104,Garden Room 104,garden,269,289,365,30.8,75%,True,Downtown Farmers Market,1.08,346.67,5.3,89d out → rack rate | Events: Downtown Farmers Market (×1.08) | Weekend +15% (Fri/Sat)
2026-08-15,Saturday,89,cottage,Private Cottage,cottage,489,549,685,32.0,75%,True,Downtown Farmers Market,1.08,346.67,97.6,89d out → rack rate | Events: Downtown Farmers Market (×1.08) | Weekend +15% (Fri/Sat)
