date,day_of_week,days_out,room_id,room_name,tier,rack_low,rack_high,recommended_rate,rate_vs_rack_pct,occupancy_assumed,is_weekend,active_events,event_multiplier,competitor_avg,rate_vs_comp_pct,reasoning
2026-05-05,Tuesday,0,201,Waterfront 201,waterfront,389,459,450,6.1,75%,False,,1.0,316.67,42.1,"Last-minute (0d), slight −3% to close"
2026-05-05,Tuesday,0,202,Waterfront 202,waterfront,389,459,450,6.1,75%,False,,1.0,316.67,42.1,"Last-minute (0d), slight −3% to close"
2026-05-05,Tuesday,0,203,Waterfront 203,waterfront,399,459,460,7.2,75%,False,,1.0,316.67,45.3,"Last-minute (0d), slight −3% to close"
2026-05-05,Tuesday,0,204,Waterfront 204,waterfront,409,459,465,7.1,75%,False,,1.0,316.67,46.8,"Last-minute (0d), slight −3% to close"
2026-05-05,Tuesday,0,301,Water View 301,water_view,319,369,365,6.1,75%,False,,1.0,316.67,15.3,"Last-minute (0d), slight −3% to close"
2026-05-05,Tuesday,0,302,Water View 302,water_view,319,369,365,6.1,75%,False,,1.0,316.67,15.3,"Last-minute (0d), slight −3% to close"
2026-05-05,Tuesday,0,303,Water View 303,water_view,329,369,370,6.0,75%,False,,1.0,316.67,16.8,"Last-minute (0d), slight −3% to close"
2026-05-05,Tuesday,0,304,Water View 304,water_view,319,359,360,6.2,75%,False,,1.0,316.67,13.7,"Last-minute (0d), slight −3% to close"
2026-05-05,Tuesday,0,305,Water View 305,water_view,329,369,370,6.0,75%,False,,1.0,316.67,16.8,"Last-minute (0d), slight −3% to close"
2026-05-05,Tuesday,0,101,Garden Room 101,garden,269,299,305,7.4,75%,False,,1.0,316.67,-3.7,"Last-minute (0d), slight −3% to close"
2026-05-05,Tuesday,0,102,Garden Room 102,garden,269,299,305,7.4,75%,False,,1.0,316.67,-3.7,"Last-minute (0d), slight −3% to close"
2026-05-05,Tuesday,0,103,Garden Room 103,garden,279,299,310,7.3,75%,False,,1.0,316.67,-2.1,"Last-minute (0d), slight −3% to close"
2026-05-05,Tuesday,0,104,Garden Room 104,garden,269,289,300,7.5,75%,False,,1.0,316.67,-5.3,"Last-minute (0d), slight −3% to close"
2026-05-05,Tuesday,0,cottage,Private Cottage,cottage,489,549,555,6.9,75%,False,,1.0,316.67,75.3,"Last-minute (0d), slight −3% to close"
2026-05-06,Wednesday,1,201,Waterfront 201,waterfront,389,459,450,6.1,75%,False,,1.0,315.0,42.9,"Last-minute (1d), slight −3% to close"
2026-05-06,Wednesday,1,202,Waterfront 202,waterfront,389,459,450,6.1,75%,False,,1.0,315.0,42.9,"Last-minute (1d), slight −3% to close"
2026-05-06,Wednesday,1,203,Waterfront 203,waterfront,399,459,460,7.2,75%,False,,1.0,315.0,46.0,"Last-minute (1d), slight −3% to close"
2026-05-06,Wednesday,1,204,Waterfront 204,waterfront,409,459,465,7.1,75%,False,,1.0,315.0,47.6,"Last-minute (1d), slight −3% to close"
2026-05-06,Wednesday,1,301,Water View 301,water_view,319,369,365,6.1,75%,False,,1.0,315.0,15.9,"Last-minute (1d), slight −3% to close"
2026-05-06,Wednesday,1,302,Water View 302,water_view,319,369,365,6.1,75%,False,,1.0,315.0,15.9,"Last-minute (1d), slight −3% to close"
2026-05-06,Wednesday,1,303,Water View 303,water_view,329,369,370,6.0,75%,False,,1.0,315.0,17.5,"Last-minute (1d), slight −3% to close"
2026-05-06,Wednesday,1,304,Water View 304,water_view,319,359,360,6.2,75%,False,,1.0,315.0,14.3,"Last-minute (1d), slight −3% to close"
2026-05-06,Wednesday,1,305,Water View 305,water_view,329,369,370,6.0,75%,False,,1.0,315.0,17.5,"Last-minute (1d), slight −3% to close"
2026-05-06,Wednesday,1,101,Garden Room 101,garden,269,299,305,7.4,75%,False,,1.0,315.0,-3.2,"Last-minute (1d), slight −3% to close"
2026-05-06,Wednesday,1,102,Garden Room 102,garden,269,299,305,7.4,75%,False,,1.0,315.0,-3.2,"Last-minute (1d), slight −3% to close"
2026-05-06,Wednesday,1,103,Garden Room 103,garden,279,299,310,7.3,75%,False,,1.0,315.0,-1.6,"Last-minute (1d), slight −3% to close"
2026-05-06,Wednesday,1,104,Garden Room 104,garden,269,289,300,7.5,75%,False,,1.0,315.0,-4.8,"Last-minute (1d), slight −3% to close"
2026-05-06,Wednesday,1,cottage,Private Cottage,cottage,489,549,555,6.9,75%,False,,1.0,315.0,76.2,"Last-minute (1d), slight −3% to close"
2026-05-07,Thursday,2,201,Waterfront 201,waterfront,389,459,450,6.1,75%,False,,1.0,311.67,44.4,"Last-minute (2d), slight −3% to close"
2026-05-07,Thursday,2,202,Waterfront 202,waterfront,389,459,450,6.1,75%,False,,1.0,311.67,44.4,"Last-minute (2d), slight −3% to close"
2026-05-07,Thursday,2,203,Waterfront 203,waterfront,399,459,460,7.2,75%,False,,1.0,311.67,47.6,"Last-minute (2d), slight −3% to close"
2026-05-07,Thursday,2,204,Waterfront 204,waterfront,409,459,465,7.1,75%,False,,1.0,311.67,49.2,"Last-minute (2d), slight −3% to close"
2026-05-07,Thursday,2,301,Water View 301,water_view,319,369,365,6.1,75%,False,,1.0,311.67,17.1,"Last-minute (2d), slight −3% to close"
2026-05-07,Thursday,2,302,Water View 302,water_view,319,369,365,6.1,75%,False,,1.0,311.67,17.1,"Last-minute (2d), slight −3% to close"
2026-05-07,Thursday,2,303,Water View 303,water_view,329,369,370,6.0,75%,False,,1.0,311.67,18.7,"Last-minute (2d), slight −3% to close"
2026-05-07,Thursday,2,304,Water View 304,water_view,319,359,360,6.2,75%,False,,1.0,311.67,15.5,"Last-minute (2d), slight −3% to close"
2026-05-07,Thursday,2,305,Water View 305,water_view,329,369,370,6.0,75%,False,,1.0,311.67,18.7,"Last-minute (2d), slight −3% to close"
2026-05-07,Thursday,2,101,Garden Room 101,garden,269,299,305,7.4,75%,False,,1.0,311.67,-2.1,"Last-minute (2d), slight −3% to close"
2026-05-07,Thursday,2,102,Garden Room 102,garden,269,299,305,7.4,75%,False,,1.0,311.67,-2.1,"Last-minute (2d), slight −3% to close"
2026-05-07,Thursday,2,103,Garden Room 103,garden,279,299,310,7.3,75%,False,,1.0,311.67,-0.5,"Last-minute (2d), slight −3% to close"
2026-05-07,Thursday,2,104,Garden Room 104,garden,269,289,300,7.5,75%,False,,1.0,311.67,-3.7,"Last-minute (2d), slight −3% to close"
2026-05-07,Thursday,2,cottage,Private Cottage,cottage,489,549,555,6.9,75%,False,,1.0,311.67,78.1,"Last-minute (2d), slight −3% to close"
2026-05-08,Friday,3,201,Waterfront 201,waterfront,389,459,645,52.1,75%,True,Parris Island USMC Graduation,1.2,360.83,78.8,"3d out, occ 75% ≥ 65% → rack | Events: Parris Island USMC Graduation (×1.20) | Weekend +15% (Fri/Sat)"
2026-05-08,Friday,3,202,Waterfront 202,waterfront,389,459,645,52.1,75%,True,Parris Island USMC Graduation,1.2,360.83,78.8,"3d out, occ 75% ≥ 65% → rack | Events: Parris Island USMC Graduation (×1.20) | Weekend +15% (Fri/Sat)"
2026-05-08,Friday,3,203,Waterfront 203,waterfront,399,459,650,51.5,75%,True,Parris Island USMC Graduation,1.2,360.83,80.1,"3d out, occ 75% ≥ 65% → rack | Events: Parris Island USMC Graduation (×1.20) | Weekend +15% (Fri/Sat)"
2026-05-08,Friday,3,204,Waterfront 204,waterfront,409,459,660,52.1,75%,True,Parris Island USMC Graduation,1.2,360.83,82.9,"3d out, occ 75% ≥ 65% → rack | Events: Parris Island USMC Graduation (×1.20) | Weekend +15% (Fri/Sat)"
2026-05-08,Friday,3,301,Water View 301,water_view,319,369,520,51.2,75%,True,Parris Island USMC Graduation,1.2,360.83,44.1,"3d out, occ 75% ≥ 65% → rack | Events: Parris Island USMC Graduation (×1.20) | Weekend +15% (Fri/Sat)"
2026-05-08,Friday,3,302,Water View 302,water_view,319,369,520,51.2,75%,True,Parris Island USMC Graduation,1.2,360.83,44.1,"3d out, occ 75% ≥ 65% → rack | Events: Parris Island USMC Graduation (×1.20) | Weekend +15% (Fri/Sat)"
2026-05-08,Friday,3,303,Water View 303,water_view,329,369,530,51.9,75%,True,Parris Island USMC Graduation,1.2,360.83,46.9,"3d out, occ 75% ≥ 65% → rack | Events: Parris Island USMC Graduation (×1.20) | Weekend +15% (Fri/Sat)"
2026-05-08,Friday,3,304,Water View 304,water_view,319,359,515,51.9,75%,True,Parris Island USMC Graduation,1.2,360.83,42.7,"3d out, occ 75% ≥ 65% → rack | Events: Parris Island USMC Graduation (×1.20) | Weekend +15% (Fri/Sat)"
2026-05-08,Friday,3,305,Water View 305,water_view,329,369,530,51.9,75%,True,Parris Island USMC Graduation,1.2,360.83,46.9,"3d out, occ 75% ≥ 65% → rack | Events: Parris Island USMC Graduation (×1.20) | Weekend +15% (Fri/Sat)"
2026-05-08,Friday,3,101,Garden Room 101,garden,269,299,430,51.4,75%,True,Parris Island USMC Graduation,1.2,360.83,19.2,"3d out, occ 75% ≥ 65% → rack | Events: Parris Island USMC Graduation (×1.20) | Weekend +15% (Fri/Sat)"
2026-05-08,Friday,3,102,Garden Room 102,garden,269,299,430,51.4,75%,True,Parris Island USMC Graduation,1.2,360.83,19.2,"3d out, occ 75% ≥ 65% → rack | Events: Parris Island USMC Graduation (×1.20) | Weekend +15% (Fri/Sat)"
2026-05-08,Friday,3,103,Garden Room 103,garden,279,299,440,52.2,75%,True,Parris Island USMC Graduation,1.2,360.83,21.9,"3d out, occ 75% ≥ 65% → rack | Events: Parris Island USMC Graduation (×1.20) | Weekend +15% (Fri/Sat)"
2026-05-08,Friday,3,104,Garden Room 104,garden,269,289,425,52.3,75%,True,Parris Island USMC Graduation,1.2,360.83,17.8,"3d out, occ 75% ≥ 65% → rack | Events: Parris Island USMC Graduation (×1.20) | Weekend +15% (Fri/Sat)"
2026-05-08,Friday,3,cottage,Private Cottage,cottage,489,549,790,52.2,75%,True,Parris Island USMC Graduation,1.2,360.83,118.9,"3d out, occ 75% ≥ 65% → rack | Events: Parris Island USMC Graduation (×1.20) | Weekend +15% (Fri/Sat)"
2026-05-09,Saturday,4,201,Waterfront 201,waterfront,389,459,580,36.8,75%,True,Downtown Farmers Market,1.08,363.33,59.6,"4d out, occ 75% ≥ 65% → rack | Events: Downtown Farmers Market (×1.08) | Weekend +15% (Fri/Sat)"
2026-05-09,Saturday,4,202,Waterfront 202,waterfront,389,459,580,36.8,75%,True,Downtown Farmers Market,1.08,363.33,59.6,"4d out, occ 75% ≥ 65% → rack | Events: Downtown Farmers Market (×1.08) | Weekend +15% (Fri/Sat)"
2026-05-09,Saturday,4,203,Waterfront 203,waterfront,399,459,585,36.4,75%,True,Downtown Farmers Market,1.08,363.33,61.0,"4d out, occ 75% ≥ 65% → rack | Events: Downtown Farmers Market (×1.08) | Weekend +15% (Fri/Sat)"
2026-05-09,Saturday,4,204,Waterfront 204,waterfront,409,459,595,37.1,75%,True,Downtown Farmers Market,1.08,363.33,63.8,"4d out, occ 75% ≥ 65% → rack | Events: Downtown Farmers Market (×1.08) | Weekend +15% (Fri/Sat)"
2026-05-09,Saturday,4,301,Water View 301,water_view,319,369,470,36.6,75%,True,Downtown Farmers Market,1.08,363.33,29.4,"4d out, occ 75% ≥ 65% → rack | Events: Downtown Farmers Market (×1.08) | Weekend +15% (Fri/Sat)"
2026-05-09,Saturday,4,302,Water View 302,water_view,319,369,470,36.6,75%,True,Downtown Farmers Market,1.08,363.33,29.4,"4d out, occ 75% ≥ 65% → rack | Events: Downtown Farmers Market (×1.08) | Weekend +15% (Fri/Sat)"
2026-05-09,Saturday,4,303,Water View 303,water_view,329,369,475,36.1,75%,True,Downtown Farmers Market,1.08,363.33,30.7,"4d out, occ 75% ≥ 65% → rack | Events: Downtown Farmers Market (×1.08) | Weekend +15% (Fri/Sat)"
2026-05-09,Saturday,4,304,Water View 304,water_view,319,359,465,37.2,75%,True,Downtown Farmers Market,1.08,363.33,28.0,"4d out, occ 75% ≥ 65% → rack | Events: Downtown Farmers Market (×1.08) | Weekend +15% (Fri/Sat)"
2026-05-09,Saturday,4,305,Water View 305,water_view,329,369,475,36.1,75%,True,Downtown Farmers Market,1.08,363.33,30.7,"4d out, occ 75% ≥ 65% → rack | Events: Downtown Farmers Market (×1.08) | Weekend +15% (Fri/Sat)"
2026-05-09,Saturday,4,101,Garden Room 101,garden,269,299,390,37.3,75%,True,Downtown Farmers Market,1.08,363.33,7.3,"4d out, occ 75% ≥ 65% → rack | Events: Downtown Farmers Market (×1.08) | Weekend +15% (Fri/Sat)"
2026-05-09,Saturday,4,102,Garden Room 102,garden,269,299,390,37.3,75%,True,Downtown Farmers Market,1.08,363.33,7.3,"4d out, occ 75% ≥ 65% → rack | Events: Downtown Farmers Market (×1.08) | Weekend +15% (Fri/Sat)"
2026-05-09,Saturday,4,103,Garden Room 103,garden,279,299,395,36.7,75%,True,Downtown Farmers Market,1.08,363.33,8.7,"4d out, occ 75% ≥ 65% → rack | Events: Downtown Farmers Market (×1.08) | Weekend +15% (Fri/Sat)"
2026-05-09,Saturday,4,104,Garden Room 104,garden,269,289,380,36.2,75%,True,Downtown Farmers Market,1.08,363.33,4.6,"4d out, occ 75% ≥ 65% → rack | Events: Downtown Farmers Market (×1.08) | Weekend +15% (Fri/Sat)"
2026-05-09,Saturday,4,cottage,Private Cottage,cottage,489,549,710,36.8,75%,True,Downtown Farmers Market,1.08,363.33,95.4,"4d out, occ 75% ≥ 65% → rack | Events: Downtown Farmers Market (×1.08) | Weekend +15% (Fri/Sat)"
2026-05-10,Sunday,5,201,Waterfront 201,waterfront,389,459,465,9.7,75%,False,,1.0,307.5,51.2,"5d out, occ 75% ≥ 65% → rack"
2026-05-10,Sunday,5,202,Waterfront 202,waterfront,389,459,465,9.7,75%,False,,1.0,307.5,51.2,"5d out, occ 75% ≥ 65% → rack"
2026-05-10,Sunday,5,203,Waterfront 203,waterfront,399,459,470,9.6,75%,False,,1.0,307.5,52.8,"5d out, occ 75% ≥ 65% → rack"
2026-05-10,Sunday,5,204,Waterfront 204,waterfront,409,459,475,9.4,75%,False,,1.0,307.5,54.5,"5d out, occ 75% ≥ 65% → rack"
2026-05-10,Sunday,5,301,Water View 301,water_view,319,369,380,10.5,75%,False,,1.0,307.5,23.6,"5d out, occ 75% ≥ 65% → rack"
2026-05-10,Sunday,5,302,Water View 302,water_view,319,369,380,10.5,75%,False,,1.0,307.5,23.6,"5d out, occ 75% ≥ 65% → rack"
2026-05-10,Sunday,5,303,Water View 303,water_view,329,369,385,10.3,75%,False,,1.0,307.5,25.2,"5d out, occ 75% ≥ 65% → rack"
2026-05-10,Sunday,5,304,Water View 304,water_view,319,359,375,10.6,75%,False,,1.0,307.5,22.0,"5d out, occ 75% ≥ 65% → rack"
2026-05-10,Sunday,5,305,Water View 305,water_view,329,369,385,10.3,75%,False,,1.0,307.5,25.2,"5d out, occ 75% ≥ 65% → rack"
2026-05-10,Sunday,5,101,Garden Room 101,garden,269,299,310,9.2,75%,False,,1.0,307.5,0.8,"5d out, occ 75% ≥ 65% → rack"
2026-05-10,Sunday,5,102,Garden Room 102,garden,269,299,310,9.2,75%,False,,1.0,307.5,0.8,"5d out, occ 75% ≥ 65% → rack"
2026-05-10,Sunday,5,103,Garden Room 103,garden,279,299,320,10.7,75%,False,,1.0,307.5,4.1,"5d out, occ 75% ≥ 65% → rack"
2026-05-10,Sunday,5,104,Garden Room 104,garden,269,289,305,9.3,75%,False,,1.0,307.5,-0.8,"5d out, occ 75% ≥ 65% → rack"
2026-05-10,Sunday,5,cottage,Private Cottage,cottage,489,549,570,9.8,75%,False,,1.0,307.5,85.4,"5d out, occ 75% ≥ 65% → rack"
2026-05-11,Monday,6,201,Waterfront 201,waterfront,389,459,465,9.7,75%,False,,1.0,310.0,50.0,"6d out, occ 75% ≥ 65% → rack"
2026-05-11,Monday,6,202,Waterfront 202,waterfront,389,459,465,9.7,75%,False,,1.0,310.0,50.0,"6d out, occ 75% ≥ 65% → rack"
2026-05-11,Monday,6,203,Waterfront 203,waterfront,399,459,470,9.6,75%,False,,1.0,310.0,51.6,"6d out, occ 75% ≥ 65% → rack"
2026-05-11,Monday,6,204,Waterfront 204,waterfront,409,459,475,9.4,75%,False,,1.0,310.0,53.2,"6d out, occ 75% ≥ 65% → rack"
2026-05-11,Monday,6,301,Water View 301,water_view,319,369,380,10.5,75%,False,,1.0,310.0,22.6,"6d out, occ 75% ≥ 65% → rack"
2026-05-11,Monday,6,302,Water View 302,water_view,319,369,380,10.5,75%,False,,1.0,310.0,22.6,"6d out, occ 75% ≥ 65% → rack"
2026-05-11,Monday,6,303,Water View 303,water_view,329,369,385,10.3,75%,False,,1.0,310.0,24.2,"6d out, occ 75% ≥ 65% → rack"
2026-05-11,Monday,6,304,Water View 304,water_view,319,359,375,10.6,75%,False,,1.0,310.0,21.0,"6d out, occ 75% ≥ 65% → rack"
2026-05-11,Monday,6,305,Water View 305,water_view,329,369,385,10.3,75%,False,,1.0,310.0,24.2,"6d out, occ 75% ≥ 65% → rack"
2026-05-11,Monday,6,101,Garden Room 101,garden,269,299,310,9.2,75%,False,,1.0,310.0,0.0,"6d out, occ 75% ≥ 65% → rack"
2026-05-11,Monday,6,102,Garden Room 102,garden,269,299,310,9.2,75%,False,,1.0,310.0,0.0,"6d out, occ 75% ≥ 65% → rack"
2026-05-11,Monday,6,103,Garden Room 103,garden,279,299,320,10.7,75%,False,,1.0,310.0,3.2,"6d out, occ 75% ≥ 65% → rack"
2026-05-11,Monday,6,104,Garden Room 104,garden,269,289,305,9.3,75%,False,,1.0,310.0,-1.6,"6d out, occ 75% ≥ 65% → rack"
2026-05-11,Monday,6,cottage,Private Cottage,cottage,489,549,570,9.8,75%,False,,1.0,310.0,83.9,"6d out, occ 75% ≥ 65% → rack"
2026-05-12,Tuesday,7,201,Waterfront 201,waterfront,389,459,465,9.7,75%,False,,1.0,307.5,51.2,"7d out, occ 75% ≥ 70% → rack"
2026-05-12,Tuesday,7,202,Waterfront 202,waterfront,389,459,465,9.7,75%,False,,1.0,307.5,51.2,"7d out, occ 75% ≥ 70% → rack"
2026-05-12,Tuesday,7,203,Waterfront 203,waterfront,399,459,470,9.6,75%,False,,1.0,307.5,52.8,"7d out, occ 75% ≥ 70% → rack"
2026-05-12,Tuesday,7,204,Waterfront 204,waterfront,409,459,475,9.4,75%,False,,1.0,307.5,54.5,"7d out, occ 75% ≥ 70% → rack"
2026-05-12,Tuesday,7,301,Water View 301,water_view,319,369,380,10.5,75%,False,,1.0,307.5,23.6,"7d out, occ 75% ≥ 70% → rack"
2026-05-12,Tuesday,7,302,Water View 302,water_view,319,369,380,10.5,75%,False,,1.0,307.5,23.6,"7d out, occ 75% ≥ 70% → rack"
2026-05-12,Tuesday,7,303,Water View 303,water_view,329,369,385,10.3,75%,False,,1.0,307.5,25.2,"7d out, occ 75% ≥ 70% → rack"
2026-05-12,Tuesday,7,304,Water View 304,water_view,319,359,375,10.6,75%,False,,1.0,307.5,22.0,"7d out, occ 75% ≥ 70% → rack"
2026-05-12,Tuesday,7,305,Water View 305,water_view,329,369,385,10.3,75%,False,,1.0,307.5,25.2,"7d out, occ 75% ≥ 70% → rack"
2026-05-12,Tuesday,7,101,Garden Room 101,garden,269,299,310,9.2,75%,False,,1.0,307.5,0.8,"7d out, occ 75% ≥ 70% → rack"
2026-05-12,Tuesday,7,102,Garden Room 102,garden,269,299,310,9.2,75%,False,,1.0,307.5,0.8,"7d out, occ 75% ≥ 70% → rack"
2026-05-12,Tuesday,7,103,Garden Room 103,garden,279,299,320,10.7,75%,False,,1.0,307.5,4.1,"7d out, occ 75% ≥ 70% → rack"
2026-05-12,Tuesday,7,104,Garden Room 104,garden,269,289,305,9.3,75%,False,,1.0,307.5,-0.8,"7d out, occ 75% ≥ 70% → rack"
2026-05-12,Tuesday,7,cottage,Private Cottage,cottage,489,549,570,9.8,75%,False,,1.0,307.5,85.4,"7d out, occ 75% ≥ 70% → rack"
2026-05-13,Wednesday,8,201,Waterfront 201,waterfront,389,459,465,9.7,75%,False,,1.0,307.5,51.2,"8d out, occ 75% ≥ 70% → rack"
2026-05-13,Wednesday,8,202,Waterfront 202,waterfront,389,459,465,9.7,75%,False,,1.0,307.5,51.2,"8d out, occ 75% ≥ 70% → rack"
2026-05-13,Wednesday,8,203,Waterfront 203,waterfront,399,459,470,9.6,75%,False,,1.0,307.5,52.8,"8d out, occ 75% ≥ 70% → rack"
2026-05-13,Wednesday,8,204,Waterfront 204,waterfront,409,459,475,9.4,75%,False,,1.0,307.5,54.5,"8d out, occ 75% ≥ 70% → rack"
2026-05-13,Wednesday,8,301,Water View 301,water_view,319,369,380,10.5,75%,False,,1.0,307.5,23.6,"8d out, occ 75% ≥ 70% → rack"
2026-05-13,Wednesday,8,302,Water View 302,water_view,319,369,380,10.5,75%,False,,1.0,307.5,23.6,"8d out, occ 75% ≥ 70% → rack"
2026-05-13,Wednesday,8,303,Water View 303,water_view,329,369,385,10.3,75%,False,,1.0,307.5,25.2,"8d out, occ 75% ≥ 70% → rack"
2026-05-13,Wednesday,8,304,Water View 304,water_view,319,359,375,10.6,75%,False,,1.0,307.5,22.0,"8d out, occ 75% ≥ 70% → rack"
2026-05-13,Wednesday,8,305,Water View 305,water_view,329,369,385,10.3,75%,False,,1.0,307.5,25.2,"8d out, occ 75% ≥ 70% → rack"
2026-05-13,Wednesday,8,101,Garden Room 101,garden,269,299,310,9.2,75%,False,,1.0,307.5,0.8,"8d out, occ 75% ≥ 70% → rack"
2026-05-13,Wednesday,8,102,Garden Room 102,garden,269,299,310,9.2,75%,False,,1.0,307.5,0.8,"8d out, occ 75% ≥ 70% → rack"
2026-05-13,Wednesday,8,103,Garden Room 103,garden,279,299,320,10.7,75%,False,,1.0,307.5,4.1,"8d out, occ 75% ≥ 70% → rack"
2026-05-13,Wednesday,8,104,Garden Room 104,garden,269,289,305,9.3,75%,False,,1.0,307.5,-0.8,"8d out, occ 75% ≥ 70% → rack"
2026-05-13,Wednesday,8,cottage,Private Cottage,cottage,489,549,570,9.8,75%,False,,1.0,307.5,85.4,"8d out, occ 75% ≥ 70% → rack"
2026-05-14,Thursday,9,201,Waterfront 201,waterfront,389,459,465,9.7,75%,False,,1.0,309.17,50.4,"9d out, occ 75% ≥ 70% → rack"
2026-05-14,Thursday,9,202,Waterfront 202,waterfront,389,459,465,9.7,75%,False,,1.0,309.17,50.4,"9d out, occ 75% ≥ 70% → rack"
2026-05-14,Thursday,9,203,Waterfront 203,waterfront,399,459,470,9.6,75%,False,,1.0,309.17,52.0,"9d out, occ 75% ≥ 70% → rack"
2026-05-14,Thursday,9,204,Waterfront 204,waterfront,409,459,475,9.4,75%,False,,1.0,309.17,53.6,"9d out, occ 75% ≥ 70% → rack"
2026-05-14,Thursday,9,301,Water View 301,water_view,319,369,380,10.5,75%,False,,1.0,309.17,22.9,"9d out, occ 75% ≥ 70% → rack"
2026-05-14,Thursday,9,302,Water View 302,water_view,319,369,380,10.5,75%,False,,1.0,309.17,22.9,"9d out, occ 75% ≥ 70% → rack"
2026-05-14,Thursday,9,303,Water View 303,water_view,329,369,385,10.3,75%,False,,1.0,309.17,24.5,"9d out, occ 75% ≥ 70% → rack"
2026-05-14,Thursday,9,304,Water View 304,water_view,319,359,375,10.6,75%,False,,1.0,309.17,21.3,"9d out, occ 75% ≥ 70% → rack"
2026-05-14,Thursday,9,305,Water View 305,water_view,329,369,385,10.3,75%,False,,1.0,309.17,24.5,"9d out, occ 75% ≥ 70% → rack"
2026-05-14,Thursday,9,101,Garden Room 101,garden,269,299,310,9.2,75%,False,,1.0,309.17,0.3,"9d out, occ 75% ≥ 70% → rack"
2026-05-14,Thursday,9,102,Garden Room 102,garden,269,299,310,9.2,75%,False,,1.0,309.17,0.3,"9d out, occ 75% ≥ 70% → rack"
2026-05-14,Thursday,9,103,Garden Room 103,garden,279,299,320,10.7,75%,False,,1.0,309.17,3.5,"9d out, occ 75% ≥ 70% → rack"
2026-05-14,Thursday,9,104,Garden Room 104,garden,269,289,305,9.3,75%,False,,1.0,309.17,-1.3,"9d out, occ 75% ≥ 70% → rack"
2026-05-14,Thursday,9,cottage,Private Cottage,cottage,489,549,570,9.8,75%,False,,1.0,309.17,84.4,"9d out, occ 75% ≥ 70% → rack"
2026-05-15,Friday,10,201,Waterfront 201,waterfront,389,459,535,26.2,75%,True,,1.0,358.33,49.3,"10d out, occ 75% ≥ 70% → rack | Weekend +15% (Fri/Sat)"
2026-05-15,Friday,10,202,Waterfront 202,waterfront,389,459,535,26.2,75%,True,,1.0,358.33,49.3,"10d out, occ 75% ≥ 70% → rack | Weekend +15% (Fri/Sat)"
2026-05-15,Friday,10,203,Waterfront 203,waterfront,399,459,545,27.0,75%,True,,1.0,358.33,52.1,"10d out, occ 75% ≥ 70% → rack | Weekend +15% (Fri/Sat)"
2026-05-15,Friday,10,204,Waterfront 204,waterfront,409,459,550,26.7,75%,True,,1.0,358.33,53.5,"10d out, occ 75% ≥ 70% → rack | Weekend +15% (Fri/Sat)"
2026-05-15,Friday,10,301,Water View 301,water_view,319,369,435,26.5,75%,True,,1.0,358.33,21.4,"10d out, occ 75% ≥ 70% → rack | Weekend +15% (Fri/Sat)"
2026-05-15,Friday,10,302,Water View 302,water_view,319,369,435,26.5,75%,True,,1.0,358.33,21.4,"10d out, occ 75% ≥ 70% → rack | Weekend +15% (Fri/Sat)"
2026-05-15,Friday,10,303,Water View 303,water_view,329,369,440,26.1,75%,True,,1.0,358.33,22.8,"10d out, occ 75% ≥ 70% → rack | Weekend +15% (Fri/Sat)"
2026-05-15,Friday,10,304,Water View 304,water_view,319,359,430,26.8,75%,True,,1.0,358.33,20.0,"10d out, occ 75% ≥ 70% → rack | Weekend +15% (Fri/Sat)"
2026-05-15,Friday,10,305,Water View 305,water_view,329,369,440,26.1,75%,True,,1.0,358.33,22.8,"10d out, occ 75% ≥ 70% → rack | Weekend +15% (Fri/Sat)"
2026-05-15,Friday,10,101,Garden Room 101,garden,269,299,360,26.8,75%,True,,1.0,358.33,0.5,"10d out, occ 75% ≥ 70% → rack | Weekend +15% (Fri/Sat)"
2026-05-15,Friday,10,102,Garden Room 102,garden,269,299,360,26.8,75%,True,,1.0,358.33,0.5,"10d out, occ 75% ≥ 70% → rack | Weekend +15% (Fri/Sat)"
2026-05-15,Friday,10,103,Garden Room 103,garden,279,299,365,26.3,75%,True,,1.0,358.33,1.9,"10d out, occ 75% ≥ 70% → rack | Weekend +15% (Fri/Sat)"
2026-05-15,Friday,10,104,Garden Room 104,garden,269,289,355,27.2,75%,True,,1.0,358.33,-0.9,"10d out, occ 75% ≥ 70% → rack | Weekend +15% (Fri/Sat)"
2026-05-15,Friday,10,cottage,Private Cottage,cottage,489,549,655,26.2,75%,True,,1.0,358.33,82.8,"10d out, occ 75% ≥ 70% → rack | Weekend +15% (Fri/Sat)"
2026-05-16,Saturday,11,201,Waterfront 201,waterfront,389,459,580,36.8,75%,True,Downtown Farmers Market,1.08,359.17,61.5,"11d out, occ 75% ≥ 70% → rack | Events: Downtown Farmers Market (×1.08) | Weekend +15% (Fri/Sat)"
2026-05-16,Saturday,11,202,Waterfront 202,waterfront,389,459,580,36.8,75%,True,Downtown Farmers Market,1.08,359.17,61.5,"11d out, occ 75% ≥ 70% → rack | Events: Downtown Farmers Market (×1.08) | Weekend +15% (Fri/Sat)"
2026-05-16,Saturday,11,203,Waterfront 203,waterfront,399,459,585,36.4,75%,True,Downtown Farmers Market,1.08,359.17,62.9,"11d out, occ 75% ≥ 70% → rack | Events: Downtown Farmers Market (×1.08) | Weekend +15% (Fri/Sat)"
2026-05-16,Saturday,11,204,Waterfront 204,waterfront,409,459,595,37.1,75%,True,Downtown Farmers Market,1.08,359.17,65.7,"11d out, occ 75% ≥ 70% → rack | Events: Downtown Farmers Market (×1.08) | Weekend +15% (Fri/Sat)"
2026-05-16,Saturday,11,301,Water View 301,water_view,319,369,470,36.6,75%,True,Downtown Farmers Market,1.08,359.17,30.9,"11d out, occ 75% ≥ 70% → rack | Events: Downtown Farmers Market (×1.08) | Weekend +15% (Fri/Sat)"
2026-05-16,Saturday,11,302,Water View 302,water_view,319,369,470,36.6,75%,True,Downtown Farmers Market,1.08,359.17,30.9,"11d out, occ 75% ≥ 70% → rack | Events: Downtown Farmers Market (×1.08) | Weekend +15% (Fri/Sat)"
2026-05-16,Saturday,11,303,Water View 303,water_view,329,369,475,36.1,75%,True,Downtown Farmers Market,1.08,359.17,32.3,"11d out, occ 75% ≥ 70% → rack | Events: Downtown Farmers Market (×1.08) | Weekend +15% (Fri/Sat)"
2026-05-16,Saturday,11,304,Water View 304,water_view,319,359,465,37.2,75%,True,Downtown Farmers Market,1.08,359.17,29.5,"11d out, occ 75% ≥ 70% → rack | Events: Downtown Farmers Market (×1.08) | Weekend +15% (Fri/Sat)"
2026-05-16,Saturday,11,305,Water View 305,water_view,329,369,475,36.1,75%,True,Downtown Farmers Market,1.08,359.17,32.3,"11d out, occ 75% ≥ 70% → rack | Events: Downtown Farmers Market (×1.08) | Weekend +15% (Fri/Sat)"
2026-05-16,Saturday,11,101,Garden Room 101,garden,269,299,390,37.3,75%,True,Downtown Farmers Market,1.08,359.17,8.6,"11d out, occ 75% ≥ 70% → rack | Events: Downtown Farmers Market (×1.08) | Weekend +15% (Fri/Sat)"
2026-05-16,Saturday,11,102,Garden Room 102,garden,269,299,390,37.3,75%,True,Downtown Farmers Market,1.08,359.17,8.6,"11d out, occ 75% ≥ 70% → rack | Events: Downtown Farmers Market (×1.08) | Weekend +15% (Fri/Sat)"
2026-05-16,Saturday,11,103,Garden Room 103,garden,279,299,395,36.7,75%,True,Downtown Farmers Market,1.08,359.17,10.0,"11d out, occ 75% ≥ 70% → rack | Events: Downtown Farmers Market (×1.08) | Weekend +15% (Fri/Sat)"
2026-05-16,Saturday,11,104,Garden Room 104,garden,269,289,380,36.2,75%,True,Downtown Farmers Market,1.08,359.17,5.8,"11d out, occ 75% ≥ 70% → rack | Events: Downtown Farmers Market (×1.08) | Weekend +15% (Fri/Sat)"
2026-05-16,Saturday,11,cottage,Private Cottage,cottage,489,549,710,36.8,75%,True,Downtown Farmers Market,1.08,359.17,97.7,"11d out, occ 75% ≥ 70% → rack | Events: Downtown Farmers Market (×1.08) | Weekend +15% (Fri/Sat)"
2026-05-17,Sunday,12,201,Waterfront 201,waterfront,389,459,465,9.7,75%,False,,1.0,312.5,48.8,"12d out, occ 75% ≥ 70% → rack"
2026-05-17,Sunday,12,202,Waterfront 202,waterfront,389,459,465,9.7,75%,False,,1.0,312.5,48.8,"12d out, occ 75% ≥ 70% → rack"
2026-05-17,Sunday,12,203,Waterfront 203,waterfront,399,459,470,9.6,75%,False,,1.0,312.5,50.4,"12d out, occ 75% ≥ 70% → rack"
2026-05-17,Sunday,12,204,Waterfront 204,waterfront,409,459,475,9.4,75%,False,,1.0,312.5,52.0,"12d out, occ 75% ≥ 70% → rack"
2026-05-17,Sunday,12,301,Water View 301,water_view,319,369,380,10.5,75%,False,,1.0,312.5,21.6,"12d out, occ 75% ≥ 70% → rack"
2026-05-17,Sunday,12,302,Water View 302,water_view,319,369,380,10.5,75%,False,,1.0,312.5,21.6,"12d out, occ 75% ≥ 70% → rack"
2026-05-17,Sunday,12,303,Water View 303,water_view,329,369,385,10.3,75%,False,,1.0,312.5,23.2,"12d out, occ 75% ≥ 70% → rack"
2026-05-17,Sunday,12,304,Water View 304,water_view,319,359,375,10.6,75%,False,,1.0,312.5,20.0,"12d out, occ 75% ≥ 70% → rack"
2026-05-17,Sunday,12,305,Water View 305,water_view,329,369,385,10.3,75%,False,,1.0,312.5,23.2,"12d out, occ 75% ≥ 70% → rack"
2026-05-17,Sunday,12,101,Garden Room 101,garden,269,299,310,9.2,75%,False,,1.0,312.5,-0.8,"12d out, occ 75% ≥ 70% → rack"
2026-05-17,Sunday,12,102,Garden Room 102,garden,269,299,310,9.2,75%,False,,1.0,312.5,-0.8,"12d out, occ 75% ≥ 70% → rack"
2026-05-17,Sunday,12,103,Garden Room 103,garden,279,299,320,10.7,75%,False,,1.0,312.5,2.4,"12d out, occ 75% ≥ 70% → rack"
2026-05-17,Sunday,12,104,Garden Room 104,garden,269,289,305,9.3,75%,False,,1.0,312.5,-2.4,"12d out, occ 75% ≥ 70% → rack"
2026-05-17,Sunday,12,cottage,Private Cottage,cottage,489,549,570,9.8,75%,False,,1.0,312.5,82.4,"12d out, occ 75% ≥ 70% → rack"
2026-05-18,Monday,13,201,Waterfront 201,waterfront,389,459,465,9.7,75%,False,,1.0,314.17,48.0,"13d out, occ 75% ≥ 70% → rack"
2026-05-18,Monday,13,202,Waterfront 202,waterfront,389,459,465,9.7,75%,False,,1.0,314.17,48.0,"13d out, occ 75% ≥ 70% → rack"
2026-05-18,Monday,13,203,Waterfront 203,waterfront,399,459,470,9.6,75%,False,,1.0,314.17,49.6,"13d out, occ 75% ≥ 70% → rack"
2026-05-18,Monday,13,204,Waterfront 204,waterfront,409,459,475,9.4,75%,False,,1.0,314.17,51.2,"13d out, occ 75% ≥ 70% → rack"
2026-05-18,Monday,13,301,Water View 301,water_view,319,369,380,10.5,75%,False,,1.0,314.17,21.0,"13d out, occ 75% ≥ 70% → rack"
2026-05-18,Monday,13,302,Water View 302,water_view,319,369,380,10.5,75%,False,,1.0,314.17,21.0,"13d out, occ 75% ≥ 70% → rack"
2026-05-18,Monday,13,303,Water View 303,water_view,329,369,385,10.3,75%,False,,1.0,314.17,22.5,"13d out, occ 75% ≥ 70% → rack"
2026-05-18,Monday,13,304,Water View 304,water_view,319,359,375,10.6,75%,False,,1.0,314.17,19.4,"13d out, occ 75% ≥ 70% → rack"
2026-05-18,Monday,13,305,Water View 305,water_view,329,369,385,10.3,75%,False,,1.0,314.17,22.5,"13d out, occ 75% ≥ 70% → rack"
2026-05-18,Monday,13,101,Garden Room 101,garden,269,299,310,9.2,75%,False,,1.0,314.17,-1.3,"13d out, occ 75% ≥ 70% → rack"
2026-05-18,Monday,13,102,Garden Room 102,garden,269,299,310,9.2,75%,False,,1.0,314.17,-1.3,"13d out, occ 75% ≥ 70% → rack"
2026-05-18,Monday,13,103,Garden Room 103,garden,279,299,320,10.7,75%,False,,1.0,314.17,1.9,"13d out, occ 75% ≥ 70% → rack"
2026-05-18,Monday,13,104,Garden Room 104,garden,269,289,305,9.3,75%,False,,1.0,314.17,-2.9,"13d out, occ 75% ≥ 70% → rack"
2026-05-18,Monday,13,cottage,Private Cottage,cottage,489,549,570,9.8,75%,False,,1.0,314.17,81.4,"13d out, occ 75% ≥ 70% → rack"
2026-05-19,Tuesday,14,201,Waterfront 201,waterfront,389,459,465,9.7,75%,False,,1.0,316.67,46.8,"14d out, occ 75% ≥ 70% → rack"
2026-05-19,Tuesday,14,202,Waterfront 202,waterfront,389,459,465,9.7,75%,False,,1.0,316.67,46.8,"14d out, occ 75% ≥ 70% → rack"
2026-05-19,Tuesday,14,203,Waterfront 203,waterfront,399,459,470,9.6,75%,False,,1.0,316.67,48.4,"14d out, occ 75% ≥ 70% → rack"
2026-05-19,Tuesday,14,204,Waterfront 204,waterfront,409,459,475,9.4,75%,False,,1.0,316.67,50.0,"14d out, occ 75% ≥ 70% → rack"
2026-05-19,Tuesday,14,301,Water View 301,water_view,319,369,380,10.5,75%,False,,1.0,316.67,20.0,"14d out, occ 75% ≥ 70% → rack"
2026-05-19,Tuesday,14,302,Water View 302,water_view,319,369,380,10.5,75%,False,,1.0,316.67,20.0,"14d out, occ 75% ≥ 70% → rack"
2026-05-19,Tuesday,14,303,Water View 303,water_view,329,369,385,10.3,75%,False,,1.0,316.67,21.6,"14d out, occ 75% ≥ 70% → rack"
2026-05-19,Tuesday,14,304,Water View 304,water_view,319,359,375,10.6,75%,False,,1.0,316.67,18.4,"14d out, occ 75% ≥ 70% → rack"
2026-05-19,Tuesday,14,305,Water View 305,water_view,329,369,385,10.3,75%,False,,1.0,316.67,21.6,"14d out, occ 75% ≥ 70% → rack"
2026-05-19,Tuesday,14,101,Garden Room 101,garden,269,299,310,9.2,75%,False,,1.0,316.67,-2.1,"14d out, occ 75% ≥ 70% → rack"
2026-05-19,Tuesday,14,102,Garden Room 102,garden,269,299,310,9.2,75%,False,,1.0,316.67,-2.1,"14d out, occ 75% ≥ 70% → rack"
2026-05-19,Tuesday,14,103,Garden Room 103,garden,279,299,320,10.7,75%,False,,1.0,316.67,1.1,"14d out, occ 75% ≥ 70% → rack"
2026-05-19,Tuesday,14,104,Garden Room 104,garden,269,289,305,9.3,75%,False,,1.0,316.67,-3.7,"14d out, occ 75% ≥ 70% → rack"
2026-05-19,Tuesday,14,cottage,Private Cottage,cottage,489,549,570,9.8,75%,False,,1.0,316.67,80.0,"14d out, occ 75% ≥ 70% → rack"
2026-05-20,Wednesday,15,201,Waterfront 201,waterfront,389,459,550,29.7,75%,False,Original Gullah Festival,1.175,352.5,56.0,"15d out, occ 75% ≥ 70% → rack | Events: Original Gullah Festival (×1.18)"
2026-05-20,Wednesday,15,202,Waterfront 202,waterfront,389,459,550,29.7,75%,False,Original Gullah Festival,1.175,352.5,56.0,"15d out, occ 75% ≥ 70% → rack | Events: Original Gullah Festival (×1.18)"
2026-05-20,Wednesday,15,203,Waterfront 203,waterfront,399,459,555,29.4,75%,False,Original Gullah Festival,1.175,352.5,57.4,"15d out, occ 75% ≥ 70% → rack | Events: Original Gullah Festival (×1.18)"
2026-05-20,Wednesday,15,204,Waterfront 204,waterfront,409,459,560,29.0,75%,False,Original Gullah Festival,1.175,352.5,58.9,"15d out, occ 75% ≥ 70% → rack | Events: Original Gullah Festival (×1.18)"
2026-05-20,Wednesday,15,301,Water View 301,water_view,319,369,445,29.4,75%,False,Original Gullah Festival,1.175,352.5,26.2,"15d out, occ 75% ≥ 70% → rack | Events: Original Gullah Festival (×1.18)"
2026-05-20,Wednesday,15,302,Water View 302,water_view,319,369,445,29.4,75%,False,Original Gullah Festival,1.175,352.5,26.2,"15d out, occ 75% ≥ 70% → rack | Events: Original Gullah Festival (×1.18)"
2026-05-20,Wednesday,15,303,Water View 303,water_view,329,369,450,28.9,75%,False,Original Gullah Festival,1.175,352.5,27.7,"15d out, occ 75% ≥ 70% → rack | Events: Original Gullah Festival (×1.18)"
2026-05-20,Wednesday,15,304,Water View 304,water_view,319,359,440,29.8,75%,False,Original Gullah Festival,1.175,352.5,24.8,"15d out, occ 75% ≥ 70% → rack | Events: Original Gullah Festival (×1.18)"
2026-05-20,Wednesday,15,305,Water View 305,water_view,329,369,450,28.9,75%,False,Original Gullah Festival,1.175,352.5,27.7,"15d out, occ 75% ≥ 70% → rack | Events: Original Gullah Festival (×1.18)"
2026-05-20,Wednesday,15,101,Garden Room 101,garden,269,299,365,28.5,75%,False,Original Gullah Festival,1.175,352.5,3.5,"15d out, occ 75% ≥ 70% → rack | Events: Original Gullah Festival (×1.18)"
2026-05-20,Wednesday,15,102,Garden Room 102,garden,269,299,365,28.5,75%,False,Original Gullah Festival,1.175,352.5,3.5,"15d out, occ 75% ≥ 70% → rack | Events: Original Gullah Festival (×1.18)"
2026-05-20,Wednesday,15,103,Garden Room 103,garden,279,299,375,29.8,75%,False,Original Gullah Festival,1.175,352.5,6.4,"15d out, occ 75% ≥ 70% → rack | Events: Original Gullah Festival (×1.18)"
2026-05-20,Wednesday,15,104,Garden Room 104,garden,269,289,360,29.0,75%,False,Original Gullah Festival,1.175,352.5,2.1,"15d out, occ 75% ≥ 70% → rack | Events: Original Gullah Festival (×1.18)"
2026-05-20,Wednesday,15,cottage,Private Cottage,cottage,489,549,670,29.1,75%,False,Original Gullah Festival,1.175,352.5,90.1,"15d out, occ 75% ≥ 70% → rack | Events: Original Gullah Festival (×1.18)"
2026-05-21,Thursday,16,201,Waterfront 201,waterfront,389,459,550,29.7,75%,False,Original Gullah Festival,1.175,351.67,56.4,"16d out, occ 75% ≥ 70% → rack | Events: Original Gullah Festival (×1.18)"
2026-05-21,Thursday,16,202,Waterfront 202,waterfront,389,459,550,29.7,75%,False,Original Gullah Festival,1.175,351.67,56.4,"16d out, occ 75% ≥ 70% → rack | Events: Original Gullah Festival (×1.18)"
2026-05-21,Thursday,16,203,Waterfront 203,waterfront,399,459,555,29.4,75%,False,Original Gullah Festival,1.175,351.67,57.8,"16d out, occ 75% ≥ 70% → rack | Events: Original Gullah Festival (×1.18)"
2026-05-21,Thursday,16,204,Waterfront 204,waterfront,409,459,560,29.0,75%,False,Original Gullah Festival,1.175,351.67,59.2,"16d out, occ 75% ≥ 70% → rack | Events: Original Gullah Festival (×1.18)"
2026-05-21,Thursday,16,301,Water View 301,water_view,319,369,445,29.4,75%,False,Original Gullah Festival,1.175,351.67,26.5,"16d out, occ 75% ≥ 70% → rack | Events: Original Gullah Festival (×1.18)"
2026-05-21,Thursday,16,302,Water View 302,water_view,319,369,445,29.4,75%,False,Original Gullah Festival,1.175,351.67,26.5,"16d out, occ 75% ≥ 70% → rack | Events: Original Gullah Festival (×1.18)"
2026-05-21,Thursday,16,303,Water View 303,water_view,329,369,450,28.9,75%,False,Original Gullah Festival,1.175,351.67,28.0,"16d out, occ 75% ≥ 70% → rack | Events: Original Gullah Festival (×1.18)"
2026-05-21,Thursday,16,304,Water View 304,water_view,319,359,440,29.8,75%,False,Original Gullah Festival,1.175,351.67,25.1,"16d out, occ 75% ≥ 70% → rack | Events: Original Gullah Festival (×1.18)"
2026-05-21,Thursday,16,305,Water View 305,water_view,329,369,450,28.9,75%,False,Original Gullah Festival,1.175,351.67,28.0,"16d out, occ 75% ≥ 70% → rack | Events: Original Gullah Festival (×1.18)"
2026-05-21,Thursday,16,101,Garden Room 101,garden,269,299,365,28.5,75%,False,Original Gullah Festival,1.175,351.67,3.8,"16d out, occ 75% ≥ 70% → rack | Events: Original Gullah Festival (×1.18)"
2026-05-21,Thursday,16,102,Garden Room 102,garden,269,299,365,28.5,75%,False,Original Gullah Festival,1.175,351.67,3.8,"16d out, occ 75% ≥ 70% → rack | Events: Original Gullah Festival (×1.18)"
2026-05-21,Thursday,16,103,Garden Room 103,garden,279,299,375,29.8,75%,False,Original Gullah Festival,1.175,351.67,6.6,"16d out, occ 75% ≥ 70% → rack | Events: Original Gullah Festival (×1.18)"
2026-05-21,Thursday,16,104,Garden Room 104,garden,269,289,360,29.0,75%,False,Original Gullah Festival,1.175,351.67,2.4,"16d out, occ 75% ≥ 70% → rack | Events: Original Gullah Festival (×1.18)"
2026-05-21,Thursday,16,cottage,Private Cottage,cottage,489,549,670,29.1,75%,False,Original Gullah Festival,1.175,351.67,90.5,"16d out, occ 75% ≥ 70% → rack | Events: Original Gullah Festival (×1.18)"
2026-05-22,Friday,17,201,Waterfront 201,waterfront,389,459,645,52.1,75%,True,Original Gullah Festival; Parris Island USMC Graduation,1.2,360.0,79.2,"17d out, occ 75% ≥ 70% → rack | Events: Original Gullah Festival, Parris Island USMC Graduation (×1.20) | Weekend +15% (Fri/Sat)"
2026-05-22,Friday,17,202,Waterfront 202,waterfront,389,459,645,52.1,75%,True,Original Gullah Festival; Parris Island USMC Graduation,1.2,360.0,79.2,"17d out, occ 75% ≥ 70% → rack | Events: Original Gullah Festival, Parris Island USMC Graduation (×1.20) | Weekend +15% (Fri/Sat)"
2026-05-22,Friday,17,203,Waterfront 203,waterfront,399,459,650,51.5,75%,True,Original Gullah Festival; Parris Island USMC Graduation,1.2,360.0,80.6,"17d out, occ 75% ≥ 70% → rack | Events: Original Gullah Festival, Parris Island USMC Graduation (×1.20) | Weekend +15% (Fri/Sat)"
2026-05-22,Friday,17,204,Waterfront 204,waterfront,409,459,660,52.1,75%,True,Original Gullah Festival; Parris Island USMC Graduation,1.2,360.0,83.3,"17d out, occ 75% ≥ 70% → rack | Events: Original Gullah Festival, Parris Island USMC Graduation (×1.20) | Weekend +15% (Fri/Sat)"
2026-05-22,Friday,17,301,Water View 301,water_view,319,369,520,51.2,75%,True,Original Gullah Festival; Parris Island USMC Graduation,1.2,360.0,44.4,"17d out, occ 75% ≥ 70% → rack | Events: Original Gullah Festival, Parris Island USMC Graduation (×1.20) | Weekend +15% (Fri/Sat)"
2026-05-22,Friday,17,302,Water View 302,water_view,319,369,520,51.2,75%,True,Original Gullah Festival; Parris Island USMC Graduation,1.2,360.0,44.4,"17d out, occ 75% ≥ 70% → rack | Events: Original Gullah Festival, Parris Island USMC Graduation (×1.20) | Weekend +15% (Fri/Sat)"
2026-05-22,Friday,17,303,Water View 303,water_view,329,369,530,51.9,75%,True,Original Gullah Festival; Parris Island USMC Graduation,1.2,360.0,47.2,"17d out, occ 75% ≥ 70% → rack | Events: Original Gullah Festival, Parris Island USMC Graduation (×1.20) | Weekend +15% (Fri/Sat)"
2026-05-22,Friday,17,304,Water View 304,water_view,319,359,515,51.9,75%,True,Original Gullah Festival; Parris Island USMC Graduation,1.2,360.0,43.1,"17d out, occ 75% ≥ 70% → rack | Events: Original Gullah Festival, Parris Island USMC Graduation (×1.20) | Weekend +15% (Fri/Sat)"
2026-05-22,Friday,17,305,Water View 305,water_view,329,369,530,51.9,75%,True,Original Gullah Festival; Parris Island USMC Graduation,1.2,360.0,47.2,"17d out, occ 75% ≥ 70% → rack | Events: Original Gullah Festival, Parris Island USMC Graduation (×1.20) | Weekend +15% (Fri/Sat)"
2026-05-22,Friday,17,101,Garden Room 101,garden,269,299,430,51.4,75%,True,Original Gullah Festival; Parris Island USMC Graduation,1.2,360.0,19.4,"17d out, occ 75% ≥ 70% → rack | Events: Original Gullah Festival, Parris Island USMC Graduation (×1.20) | Weekend +15% (Fri/Sat)"
2026-05-22,Friday,17,102,Garden Room 102,garden,269,299,430,51.4,75%,True,Original Gullah Festival; Parris Island USMC Graduation,1.2,360.0,19.4,"17d out, occ 75% ≥ 70% → rack | Events: Original Gullah Festival, Parris Island USMC Graduation (×1.20) | Weekend +15% (Fri/Sat)"
2026-05-22,Friday,17,103,Garden Room 103,garden,279,299,440,52.2,75%,True,Original Gullah Festival; Parris Island USMC Graduation,1.2,360.0,22.2,"17d out, occ 75% ≥ 70% → rack | Events: Original Gullah Festival, Parris Island USMC Graduation (×1.20) | Weekend +15% (Fri/Sat)"
2026-05-22,Friday,17,104,Garden Room 104,garden,269,289,425,52.3,75%,True,Original Gullah Festival; Parris Island USMC Graduation,1.2,360.0,18.1,"17d out, occ 75% ≥ 70% → rack | Events: Original Gullah Festival, Parris Island USMC Graduation (×1.20) | Weekend +15% (Fri/Sat)"
2026-05-22,Friday,17,cottage,Private Cottage,cottage,489,549,790,52.2,75%,True,Original Gullah Festival; Parris Island USMC Graduation,1.2,360.0,119.4,"17d out, occ 75% ≥ 70% → rack | Events: Original Gullah Festival, Parris Island USMC Graduation (×1.20) | Weekend +15% (Fri/Sat)"
2026-05-23,Saturday,18,201,Waterfront 201,waterfront,389,459,725,71.0,75%,True,Original Gullah Festival; Downtown Farmers Market,1.35,393.33,84.3,"18d out, occ 75% ≥ 70% → rack | Events: Original Gullah Festival, Downtown Farmers Market (×1.35) | Weekend +15% (Fri/Sat)"
2026-05-23,Saturday,18,202,Waterfront 202,waterfront,389,459,725,71.0,75%,True,Original Gullah Festival; Downtown Farmers Market,1.35,393.33,84.3,"18d out, occ 75% ≥ 70% → rack | Events: Original Gullah Festival, Downtown Farmers Market (×1.35) | Weekend +15% (Fri/Sat)"
2026-05-23,Saturday,18,203,Waterfront 203,waterfront,399,459,735,71.3,75%,True,Original Gullah Festival; Downtown Farmers Market,1.35,393.33,86.9,"18d out, occ 75% ≥ 70% → rack | Events: Original Gullah Festival, Downtown Farmers Market (×1.35) | Weekend +15% (Fri/Sat)"
2026-05-23,Saturday,18,204,Waterfront 204,waterfront,409,459,740,70.5,75%,True,Original Gullah Festival; Downtown Farmers Market,1.35,393.33,88.1,"18d out, occ 75% ≥ 70% → rack | Events: Original Gullah Festival, Downtown Farmers Market (×1.35) | Weekend +15% (Fri/Sat)"
2026-05-23,Saturday,18,301,Water View 301,water_view,319,369,585,70.1,75%,True,Original Gullah Festival; Downtown Farmers Market,1.35,393.33,48.7,"18d out, occ 75% ≥ 70% → rack | Events: Original Gullah Festival, Downtown Farmers Market (×1.35) | Weekend +15% (Fri/Sat)"
2026-05-23,Saturday,18,302,Water View 302,water_view,319,369,585,70.1,75%,True,Original Gullah Festival; Downtown Farmers Market,1.35,393.33,48.7,"18d out, occ 75% ≥ 70% → rack | Events: Original Gullah Festival, Downtown Farmers Market (×1.35) | Weekend +15% (Fri/Sat)"
2026-05-23,Saturday,18,303,Water View 303,water_view,329,369,595,70.5,75%,True,Original Gullah Festival; Downtown Farmers Market,1.35,393.33,51.3,"18d out, occ 75% ≥ 70% → rack | Events: Original Gullah Festival, Downtown Farmers Market (×1.35) | Weekend +15% (Fri/Sat)"
2026-05-23,Saturday,18,304,Water View 304,water_view,319,359,580,71.1,75%,True,Original Gullah Festival; Downtown Farmers Market,1.35,393.33,47.5,"18d out, occ 75% ≥ 70% → rack | Events: Original Gullah Festival, Downtown Farmers Market (×1.35) | Weekend +15% (Fri/Sat)"
2026-05-23,Saturday,18,305,Water View 305,water_view,329,369,595,70.5,75%,True,Original Gullah Festival; Downtown Farmers Market,1.35,393.33,51.3,"18d out, occ 75% ≥ 70% → rack | Events: Original Gullah Festival, Downtown Farmers Market (×1.35) | Weekend +15% (Fri/Sat)"
2026-05-23,Saturday,18,101,Garden Room 101,garden,269,299,485,70.8,75%,True,Original Gullah Festival; Downtown Farmers Market,1.35,393.33,23.3,"18d out, occ 75% ≥ 70% → rack | Events: Original Gullah Festival, Downtown Farmers Market (×1.35) | Weekend +15% (Fri/Sat)"
2026-05-23,Saturday,18,102,Garden Room 102,garden,269,299,485,70.8,75%,True,Original Gullah Festival; Downtown Farmers Market,1.35,393.33,23.3,"18d out, occ 75% ≥ 70% → rack | Events: Original Gullah Festival, Downtown Farmers Market (×1.35) | Weekend +15% (Fri/Sat)"
2026-05-23,Saturday,18,103,Garden Room 103,garden,279,299,495,71.3,75%,True,Original Gullah Festival; Downtown Farmers Market,1.35,393.33,25.8,"18d out, occ 75% ≥ 70% → rack | Events: Original Gullah Festival, Downtown Farmers Market (×1.35) | Weekend +15% (Fri/Sat)"
2026-05-23,Saturday,18,104,Garden Room 104,garden,269,289,475,70.3,75%,True,Original Gullah Festival; Downtown Farmers Market,1.35,393.33,20.8,"18d out, occ 75% ≥ 70% → rack | Events: Original Gullah Festival, Downtown Farmers Market (×1.35) | Weekend +15% (Fri/Sat)"
2026-05-23,Saturday,18,cottage,Private Cottage,cottage,489,549,885,70.5,75%,True,Original Gullah Festival; Downtown Farmers Market,1.35,393.33,125.0,"18d out, occ 75% ≥ 70% → rack | Events: Original Gullah Festival, Downtown Farmers Market (×1.35) | Weekend +15% (Fri/Sat)"
2026-05-24,Sunday,19,201,Waterfront 201,waterfront,389,459,630,48.6,75%,False,Original Gullah Festival,1.35,387.5,62.6,"19d out, occ 75% ≥ 70% → rack | Events: Original Gullah Festival (×1.35)"
2026-05-24,Sunday,19,202,Waterfront 202,waterfront,389,459,630,48.6,75%,False,Original Gullah Festival,1.35,387.5,62.6,"19d out, occ 75% ≥ 70% → rack | Events: Original Gullah Festival (×1.35)"
2026-05-24,Sunday,19,203,Waterfront 203,waterfront,399,459,635,48.0,75%,False,Original Gullah Festival,1.35,387.5,63.9,"19d out, occ 75% ≥ 70% → rack | Events: Original Gullah Festival (×1.35)"
2026-05-24,Sunday,19,204,Waterfront 204,waterfront,409,459,645,48.6,75%,False,Original Gullah Festival,1.35,387.5,66.5,"19d out, occ 75% ≥ 70% → rack | Events: Original Gullah Festival (×1.35)"
2026-05-24,Sunday,19,301,Water View 301,water_view,319,369,510,48.3,75%,False,Original Gullah Festival,1.35,387.5,31.6,"19d out, occ 75% ≥ 70% → rack | Events: Original Gullah Festival (×1.35)"
2026-05-24,Sunday,19,302,Water View 302,water_view,319,369,510,48.3,75%,False,Original Gullah Festival,1.35,387.5,31.6,"19d out, occ 75% ≥ 70% → rack | Events: Original Gullah Festival (×1.35)"
2026-05-24,Sunday,19,303,Water View 303,water_view,329,369,520,49.0,75%,False,Original Gullah Festival,1.35,387.5,34.2,"19d out, occ 75% ≥ 70% → rack | Events: Original Gullah Festival (×1.35)"
2026-05-24,Sunday,19,304,Water View 304,water_view,319,359,505,49.0,75%,False,Original Gullah Festival,1.35,387.5,30.3,"19d out, occ 75% ≥ 70% → rack | Events: Original Gullah Festival (×1.35)"
2026-05-24,Sunday,19,305,Water View 305,water_view,329,369,520,49.0,75%,False,Original Gullah Festival,1.35,387.5,34.2,"19d out, occ 75% ≥ 70% → rack | Events: Original Gullah Festival (×1.35)"
2026-05-24,Sunday,19,101,Garden Room 101,garden,269,299,420,47.9,75%,False,Original Gullah Festival,1.35,387.5,8.4,"19d out, occ 75% ≥ 70% → rack | Events: Original Gullah Festival (×1.35)"
2026-05-24,Sunday,19,102,Garden Room 102,garden,269,299,420,47.9,75%,False,Original Gullah Festival,1.35,387.5,8.4,"19d out, occ 75% ≥ 70% → rack | Events: Original Gullah Festival (×1.35)"
2026-05-24,Sunday,19,103,Garden Room 103,garden,279,299,430,48.8,75%,False,Original Gullah Festival,1.35,387.5,11.0,"19d out, occ 75% ≥ 70% → rack | Events: Original Gullah Festival (×1.35)"
2026-05-24,Sunday,19,104,Garden Room 104,garden,269,289,415,48.7,75%,False,Original Gullah Festival,1.35,387.5,7.1,"19d out, occ 75% ≥ 70% → rack | Events: Original Gullah Festival (×1.35)"
2026-05-24,Sunday,19,cottage,Private Cottage,cottage,489,549,770,48.4,75%,False,Original Gullah Festival,1.35,387.5,98.7,"19d out, occ 75% ≥ 70% → rack | Events: Original Gullah Festival (×1.35)"
2026-05-25,Monday,20,201,Waterfront 201,waterfront,389,459,630,48.6,75%,False,Original Gullah Festival,1.35,383.33,64.3,"20d out, occ 75% ≥ 70% → rack | Events: Original Gullah Festival (×1.35)"
2026-05-25,Monday,20,202,Waterfront 202,waterfront,389,459,630,48.6,75%,False,Original Gullah Festival,1.35,383.33,64.3,"20d out, occ 75% ≥ 70% → rack | Events: Original Gullah Festival (×1.35)"
2026-05-25,Monday,20,203,Waterfront 203,waterfront,399,459,635,48.0,75%,False,Original Gullah Festival,1.35,383.33,65.7,"20d out, occ 75% ≥ 70% → rack | Events: Original Gullah Festival (×1.35)"
2026-05-25,Monday,20,204,Waterfront 204,waterfront,409,459,645,48.6,75%,False,Original Gullah Festival,1.35,383.33,68.3,"20d out, occ 75% ≥ 70% → rack | Events: Original Gullah Festival (×1.35)"
2026-05-25,Monday,20,301,Water View 301,water_view,319,369,510,48.3,75%,False,Original Gullah Festival,1.35,383.33,33.0,"20d out, occ 75% ≥ 70% → rack | Events: Original Gullah Festival (×1.35)"
2026-05-25,Monday,20,302,Water View 302,water_view,319,369,510,48.3,75%,False,Original Gullah Festival,1.35,383.33,33.0,"20d out, occ 75% ≥ 70% → rack | Events: Original Gullah Festival (×1.35)"
2026-05-25,Monday,20,303,Water View 303,water_view,329,369,520,49.0,75%,False,Original Gullah Festival,1.35,383.33,35.7,"20d out, occ 75% ≥ 70% → rack | Events: Original Gullah Festival (×1.35)"
2026-05-25,Monday,20,304,Water View 304,water_view,319,359,505,49.0,75%,False,Original Gullah Festival,1.35,383.33,31.7,"20d out, occ 75% ≥ 70% → rack | Events: Original Gullah Festival (×1.35)"
2026-05-25,Monday,20,305,Water View 305,water_view,329,369,520,49.0,75%,False,Original Gullah Festival,1.35,383.33,35.7,"20d out, occ 75% ≥ 70% → rack | Events: Original Gullah Festival (×1.35)"
2026-05-25,Monday,20,101,Garden Room 101,garden,269,299,420,47.9,75%,False,Original Gullah Festival,1.35,383.33,9.6,"20d out, occ 75% ≥ 70% → rack | Events: Original Gullah Festival (×1.35)"
2026-05-25,Monday,20,102,Garden Room 102,garden,269,299,420,47.9,75%,False,Original Gullah Festival,1.35,383.33,9.6,"20d out, occ 75% ≥ 70% → rack | Events: Original Gullah Festival (×1.35)"
2026-05-25,Monday,20,103,Garden Room 103,garden,279,299,430,48.8,75%,False,Original Gullah Festival,1.35,383.33,12.2,"20d out, occ 75% ≥ 70% → rack | Events: Original Gullah Festival (×1.35)"
2026-05-25,Monday,20,104,Garden Room 104,garden,269,289,415,48.7,75%,False,Original Gullah Festival,1.35,383.33,8.3,"20d out, occ 75% ≥ 70% → rack | Events: Original Gullah Festival (×1.35)"
2026-05-25,Monday,20,cottage,Private Cottage,cottage,489,549,770,48.4,75%,False,Original Gullah Festival,1.35,383.33,100.9,"20d out, occ 75% ≥ 70% → rack | Events: Original Gullah Festival (×1.35)"
2026-05-26,Tuesday,21,201,Waterfront 201,waterfront,389,459,630,48.6,75%,False,Original Gullah Festival,1.35,381.67,65.1,"21d out, occ 75% ≥ 70% → rack | Events: Original Gullah Festival (×1.35)"
2026-05-26,Tuesday,21,202,Waterfront 202,waterfront,389,459,630,48.6,75%,False,Original Gullah Festival,1.35,381.67,65.1,"21d out, occ 75% ≥ 70% → rack | Events: Original Gullah Festival (×1.35)"
2026-05-26,Tuesday,21,203,Waterfront 203,waterfront,399,459,635,48.0,75%,False,Original Gullah Festival,1.35,381.67,66.4,"21d out, occ 75% ≥ 70% → rack | Events: Original Gullah Festival (×1.35)"
2026-05-26,Tuesday,21,204,Waterfront 204,waterfront,409,459,645,48.6,75%,False,Original Gullah Festival,1.35,381.67,69.0,"21d out, occ 75% ≥ 70% → rack | Events: Original Gullah Festival (×1.35)"
2026-05-26,Tuesday,21,301,Water View 301,water_view,319,369,510,48.3,75%,False,Original Gullah Festival,1.35,381.67,33.6,"21d out, occ 75% ≥ 70% → rack | Events: Original Gullah Festival (×1.35)"
2026-05-26,Tuesday,21,302,Water View 302,water_view,319,369,510,48.3,75%,False,Original Gullah Festival,1.35,381.67,33.6,"21d out, occ 75% ≥ 70% → rack | Events: Original Gullah Festival (×1.35)"
2026-05-26,Tuesday,21,303,Water View 303,water_view,329,369,520,49.0,75%,False,Original Gullah Festival,1.35,381.67,36.2,"21d out, occ 75% ≥ 70% → rack | Events: Original Gullah Festival (×1.35)"
2026-05-26,Tuesday,21,304,Water View 304,water_view,319,359,505,49.0,75%,False,Original Gullah Festival,1.35,381.67,32.3,"21d out, occ 75% ≥ 70% → rack | Events: Original Gullah Festival (×1.35)"
2026-05-26,Tuesday,21,305,Water View 305,water_view,329,369,520,49.0,75%,False,Original Gullah Festival,1.35,381.67,36.2,"21d out, occ 75% ≥ 70% → rack | Events: Original Gullah Festival (×1.35)"
2026-05-26,Tuesday,21,101,Garden Room 101,garden,269,299,420,47.9,75%,False,Original Gullah Festival,1.35,381.67,10.0,"21d out, occ 75% ≥ 70% → rack | Events: Original Gullah Festival (×1.35)"
2026-05-26,Tuesday,21,102,Garden Room 102,garden,269,299,420,47.9,75%,False,Original Gullah Festival,1.35,381.67,10.0,"21d out, occ 75% ≥ 70% → rack | Events: Original Gullah Festival (×1.35)"
2026-05-26,Tuesday,21,103,Garden Room 103,garden,279,299,430,48.8,75%,False,Original Gullah Festival,1.35,381.67,12.7,"21d out, occ 75% ≥ 70% → rack | Events: Original Gullah Festival (×1.35)"
2026-05-26,Tuesday,21,104,Garden Room 104,garden,269,289,415,48.7,75%,False,Original Gullah Festival,1.35,381.67,8.7,"21d out, occ 75% ≥ 70% → rack | Events: Original Gullah Festival (×1.35)"
2026-05-26,Tuesday,21,cottage,Private Cottage,cottage,489,549,770,48.4,75%,False,Original Gullah Festival,1.35,381.67,101.7,"21d out, occ 75% ≥ 70% → rack | Events: Original Gullah Festival (×1.35)"
2026-05-27,Wednesday,22,201,Waterfront 201,waterfront,389,459,465,9.7,75%,False,,1.0,307.5,51.2,"22d out, occ 75% ≥ 70% → rack"
2026-05-27,Wednesday,22,202,Waterfront 202,waterfront,389,459,465,9.7,75%,False,,1.0,307.5,51.2,"22d out, occ 75% ≥ 70% → rack"
2026-05-27,Wednesday,22,203,Waterfront 203,waterfront,399,459,470,9.6,75%,False,,1.0,307.5,52.8,"22d out, occ 75% ≥ 70% → rack"
2026-05-27,Wednesday,22,204,Waterfront 204,waterfront,409,459,475,9.4,75%,False,,1.0,307.5,54.5,"22d out, occ 75% ≥ 70% → rack"
2026-05-27,Wednesday,22,301,Water View 301,water_view,319,369,380,10.5,75%,False,,1.0,307.5,23.6,"22d out, occ 75% ≥ 70% → rack"
2026-05-27,Wednesday,22,302,Water View 302,water_view,319,369,380,10.5,75%,False,,1.0,307.5,23.6,"22d out, occ 75% ≥ 70% → rack"
2026-05-27,Wednesday,22,303,Water View 303,water_view,329,369,385,10.3,75%,False,,1.0,307.5,25.2,"22d out, occ 75% ≥ 70% → rack"
2026-05-27,Wednesday,22,304,Water View 304,water_view,319,359,375,10.6,75%,False,,1.0,307.5,22.0,"22d out, occ 75% ≥ 70% → rack"
2026-05-27,Wednesday,22,305,Water View 305,water_view,329,369,385,10.3,75%,False,,1.0,307.5,25.2,"22d out, occ 75% ≥ 70% → rack"
2026-05-27,Wednesday,22,101,Garden Room 101,garden,269,299,310,9.2,75%,False,,1.0,307.5,0.8,"22d out, occ 75% ≥ 70% → rack"
2026-05-27,Wednesday,22,102,Garden Room 102,garden,269,299,310,9.2,75%,False,,1.0,307.5,0.8,"22d out, occ 75% ≥ 70% → rack"
2026-05-27,Wednesday,22,103,Garden Room 103,garden,279,299,320,10.7,75%,False,,1.0,307.5,4.1,"22d out, occ 75% ≥ 70% → rack"
2026-05-27,Wednesday,22,104,Garden Room 104,garden,269,289,305,9.3,75%,False,,1.0,307.5,-0.8,"22d out, occ 75% ≥ 70% → rack"
2026-05-27,Wednesday,22,cottage,Private Cottage,cottage,489,549,570,9.8,75%,False,,1.0,307.5,85.4,"22d out, occ 75% ≥ 70% → rack"
2026-05-28,Thursday,23,201,Waterfront 201,waterfront,389,459,465,9.7,75%,False,,1.0,308.33,50.8,"23d out, occ 75% ≥ 70% → rack"
2026-05-28,Thursday,23,202,Waterfront 202,waterfront,389,459,465,9.7,75%,False,,1.0,308.33,50.8,"23d out, occ 75% ≥ 70% → rack"
2026-05-28,Thursday,23,203,Waterfront 203,waterfront,399,459,470,9.6,75%,False,,1.0,308.33,52.4,"23d out, occ 75% ≥ 70% → rack"
2026-05-28,Thursday,23,204,Waterfront 204,waterfront,409,459,475,9.4,75%,False,,1.0,308.33,54.1,"23d out, occ 75% ≥ 70% → rack"
2026-05-28,Thursday,23,301,Water View 301,water_view,319,369,380,10.5,75%,False,,1.0,308.33,23.2,"23d out, occ 75% ≥ 70% → rack"
2026-05-28,Thursday,23,302,Water View 302,water_view,319,369,380,10.5,75%,False,,1.0,308.33,23.2,"23d out, occ 75% ≥ 70% → rack"
2026-05-28,Thursday,23,303,Water View 303,water_view,329,369,385,10.3,75%,False,,1.0,308.33,24.9,"23d out, occ 75% ≥ 70% → rack"
2026-05-28,Thursday,23,304,Water View 304,water_view,319,359,375,10.6,75%,False,,1.0,308.33,21.6,"23d out, occ 75% ≥ 70% → rack"
2026-05-28,Thursday,23,305,Water View 305,water_view,329,369,385,10.3,75%,False,,1.0,308.33,24.9,"23d out, occ 75% ≥ 70% → rack"
2026-05-28,Thursday,23,101,Garden Room 101,garden,269,299,310,9.2,75%,False,,1.0,308.33,0.5,"23d out, occ 75% ≥ 70% → rack"
2026-05-28,Thursday,23,102,Garden Room 102,garden,269,299,310,9.2,75%,False,,1.0,308.33,0.5,"23d out, occ 75% ≥ 70% → rack"
2026-05-28,Thursday,23,103,Garden Room 103,garden,279,299,320,10.7,75%,False,,1.0,308.33,3.8,"23d out, occ 75% ≥ 70% → rack"
2026-05-28,Thursday,23,104,Garden Room 104,garden,269,289,305,9.3,75%,False,,1.0,308.33,-1.1,"23d out, occ 75% ≥ 70% → rack"
2026-05-28,Thursday,23,cottage,Private Cottage,cottage,489,549,570,9.8,75%,False,,1.0,308.33,84.9,"23d out, occ 75% ≥ 70% → rack"
2026-05-29,Friday,24,201,Waterfront 201,waterfront,389,459,535,26.2,75%,True,,1.0,357.5,49.7,"24d out, occ 75% ≥ 70% → rack | Weekend +15% (Fri/Sat)"
2026-05-29,Friday,24,202,Waterfront 202,waterfront,389,459,535,26.2,75%,True,,1.0,357.5,49.7,"24d out, occ 75% ≥ 70% → rack | Weekend +15% (Fri/Sat)"
2026-05-29,Friday,24,203,Waterfront 203,waterfront,399,459,545,27.0,75%,True,,1.0,357.5,52.4,"24d out, occ 75% ≥ 70% → rack | Weekend +15% (Fri/Sat)"
2026-05-29,Friday,24,204,Waterfront 204,waterfront,409,459,550,26.7,75%,True,,1.0,357.5,53.8,"24d out, occ 75% ≥ 70% → rack | Weekend +15% (Fri/Sat)"
2026-05-29,Friday,24,301,Water View 301,water_view,319,369,435,26.5,75%,True,,1.0,357.5,21.7,"24d out, occ 75% ≥ 70% → rack | Weekend +15% (Fri/Sat)"
2026-05-29,Friday,24,302,Water View 302,water_view,319,369,435,26.5,75%,True,,1.0,357.5,21.7,"24d out, occ 75% ≥ 70% → rack | Weekend +15% (Fri/Sat)"
2026-05-29,Friday,24,303,Water View 303,water_view,329,369,440,26.1,75%,True,,1.0,357.5,23.1,"24d out, occ 75% ≥ 70% → rack | Weekend +15% (Fri/Sat)"
2026-05-29,Friday,24,304,Water View 304,water_view,319,359,430,26.8,75%,True,,1.0,357.5,20.3,"24d out, occ 75% ≥ 70% → rack | Weekend +15% (Fri/Sat)"
2026-05-29,Friday,24,305,Water View 305,water_view,329,369,440,26.1,75%,True,,1.0,357.5,23.1,"24d out, occ 75% ≥ 70% → rack | Weekend +15% (Fri/Sat)"
2026-05-29,Friday,24,101,Garden Room 101,garden,269,299,360,26.8,75%,True,,1.0,357.5,0.7,"24d out, occ 75% ≥ 70% → rack | Weekend +15% (Fri/Sat)"
2026-05-29,Friday,24,102,Garden Room 102,garden,269,299,360,26.8,75%,True,,1.0,357.5,0.7,"24d out, occ 75% ≥ 70% → rack | Weekend +15% (Fri/Sat)"
2026-05-29,Friday,24,103,Garden Room 103,garden,279,299,365,26.3,75%,True,,1.0,357.5,2.1,"24d out, occ 75% ≥ 70% → rack | Weekend +15% (Fri/Sat)"
2026-05-29,Friday,24,104,Garden Room 104,garden,269,289,355,27.2,75%,True,,1.0,357.5,-0.7,"24d out, occ 75% ≥ 70% → rack | Weekend +15% (Fri/Sat)"
2026-05-29,Friday,24,cottage,Private Cottage,cottage,489,549,655,26.2,75%,True,,1.0,357.5,83.2,"24d out, occ 75% ≥ 70% → rack | Weekend +15% (Fri/Sat)"
2026-05-30,Saturday,25,201,Waterfront 201,waterfront,389,459,580,36.8,75%,True,Downtown Farmers Market,1.08,358.33,61.9,"25d out, occ 75% ≥ 70% → rack | Events: Downtown Farmers Market (×1.08) | Weekend +15% (Fri/Sat)"
2026-05-30,Saturday,25,202,Waterfront 202,waterfront,389,459,580,36.8,75%,True,Downtown Farmers Market,1.08,358.33,61.9,"25d out, occ 75% ≥ 70% → rack | Events: Downtown Farmers Market (×1.08) | Weekend +15% (Fri/Sat)"
2026-05-30,Saturday,25,203,Waterfront 203,waterfront,399,459,585,36.4,75%,True,Downtown Farmers Market,1.08,358.33,63.3,"25d out, occ 75% ≥ 70% → rack | Events: Downtown Farmers Market (×1.08) | Weekend +15% (Fri/Sat)"
2026-05-30,Saturday,25,204,Waterfront 204,waterfront,409,459,595,37.1,75%,True,Downtown Farmers Market,1.08,358.33,66.0,"25d out, occ 75% ≥ 70% → rack | Events: Downtown Farmers Market (×1.08) | Weekend +15% (Fri/Sat)"
2026-05-30,Saturday,25,301,Water View 301,water_view,319,369,470,36.6,75%,True,Downtown Farmers Market,1.08,358.33,31.2,"25d out, occ 75% ≥ 70% → rack | Events: Downtown Farmers Market (×1.08) | Weekend +15% (Fri/Sat)"
2026-05-30,Saturday,25,302,Water View 302,water_view,319,369,470,36.6,75%,True,Downtown Farmers Market,1.08,358.33,31.2,"25d out, occ 75% ≥ 70% → rack | Events: Downtown Farmers Market (×1.08) | Weekend +15% (Fri/Sat)"
2026-05-30,Saturday,25,303,Water View 303,water_view,329,369,475,36.1,75%,True,Downtown Farmers Market,1.08,358.33,32.6,"25d out, occ 75% ≥ 70% → rack | Events: Downtown Farmers Market (×1.08) | Weekend +15% (Fri/Sat)"
2026-05-30,Saturday,25,304,Water View 304,water_view,319,359,465,37.2,75%,True,Downtown Farmers Market,1.08,358.33,29.8,"25d out, occ 75% ≥ 70% → rack | Events: Downtown Farmers Market (×1.08) | Weekend +15% (Fri/Sat)"
2026-05-30,Saturday,25,305,Water View 305,water_view,329,369,475,36.1,75%,True,Downtown Farmers Market,1.08,358.33,32.6,"25d out, occ 75% ≥ 70% → rack | Events: Downtown Farmers Market (×1.08) | Weekend +15% (Fri/Sat)"
2026-05-30,Saturday,25,101,Garden Room 101,garden,269,299,390,37.3,75%,True,Downtown Farmers Market,1.08,358.33,8.8,"25d out, occ 75% ≥ 70% → rack | Events: Downtown Farmers Market (×1.08) | Weekend +15% (Fri/Sat)"
2026-05-30,Saturday,25,102,Garden Room 102,garden,269,299,390,37.3,75%,True,Downtown Farmers Market,1.08,358.33,8.8,"25d out, occ 75% ≥ 70% → rack | Events: Downtown Farmers Market (×1.08) | Weekend +15% (Fri/Sat)"
2026-05-30,Saturday,25,103,Garden Room 103,garden,279,299,395,36.7,75%,True,Downtown Farmers Market,1.08,358.33,10.2,"25d out, occ 75% ≥ 70% → rack | Events: Downtown Farmers Market (×1.08) | Weekend +15% (Fri/Sat)"
2026-05-30,Saturday,25,104,Garden Room 104,garden,269,289,380,36.2,75%,True,Downtown Farmers Market,1.08,358.33,6.0,"25d out, occ 75% ≥ 70% → rack | Events: Downtown Farmers Market (×1.08) | Weekend +15% (Fri/Sat)"
2026-05-30,Saturday,25,cottage,Private Cottage,cottage,489,549,710,36.8,75%,True,Downtown Farmers Market,1.08,358.33,98.1,"25d out, occ 75% ≥ 70% → rack | Events: Downtown Farmers Market (×1.08) | Weekend +15% (Fri/Sat)"
2026-05-31,Sunday,26,201,Waterfront 201,waterfront,389,459,465,9.7,75%,False,,1.0,312.5,48.8,"26d out, occ 75% ≥ 70% → rack"
2026-05-31,Sunday,26,202,Waterfront 202,waterfront,389,459,465,9.7,75%,False,,1.0,312.5,48.8,"26d out, occ 75% ≥ 70% → rack"
2026-05-31,Sunday,26,203,Waterfront 203,waterfront,399,459,470,9.6,75%,False,,1.0,312.5,50.4,"26d out, occ 75% ≥ 70% → rack"
2026-05-31,Sunday,26,204,Waterfront 204,waterfront,409,459,475,9.4,75%,False,,1.0,312.5,52.0,"26d out, occ 75% ≥ 70% → rack"
2026-05-31,Sunday,26,301,Water View 301,water_view,319,369,380,10.5,75%,False,,1.0,312.5,21.6,"26d out, occ 75% ≥ 70% → rack"
2026-05-31,Sunday,26,302,Water View 302,water_view,319,369,380,10.5,75%,False,,1.0,312.5,21.6,"26d out, occ 75% ≥ 70% → rack"
2026-05-31,Sunday,26,303,Water View 303,water_view,329,369,385,10.3,75%,False,,1.0,312.5,23.2,"26d out, occ 75% ≥ 70% → rack"
2026-05-31,Sunday,26,304,Water View 304,water_view,319,359,375,10.6,75%,False,,1.0,312.5,20.0,"26d out, occ 75% ≥ 70% → rack"
2026-05-31,Sunday,26,305,Water View 305,water_view,329,369,385,10.3,75%,False,,1.0,312.5,23.2,"26d out, occ 75% ≥ 70% → rack"
2026-05-31,Sunday,26,101,Garden Room 101,garden,269,299,310,9.2,75%,False,,1.0,312.5,-0.8,"26d out, occ 75% ≥ 70% → rack"
2026-05-31,Sunday,26,102,Garden Room 102,garden,269,299,310,9.2,75%,False,,1.0,312.5,-0.8,"26d out, occ 75% ≥ 70% → rack"
2026-05-31,Sunday,26,103,Garden Room 103,garden,279,299,320,10.7,75%,False,,1.0,312.5,2.4,"26d out, occ 75% ≥ 70% → rack"
2026-05-31,Sunday,26,104,Garden Room 104,garden,269,289,305,9.3,75%,False,,1.0,312.5,-2.4,"26d out, occ 75% ≥ 70% → rack"
2026-05-31,Sunday,26,cottage,Private Cottage,cottage,489,549,570,9.8,75%,False,,1.0,312.5,82.4,"26d out, occ 75% ≥ 70% → rack"
2026-06-01,Monday,27,201,Waterfront 201,waterfront,389,459,455,7.3,75%,False,,1.0,305.83,48.8,"27d out, occ 75% ≥ 70% → rack"
2026-06-01,Monday,27,202,Waterfront 202,waterfront,389,459,455,7.3,75%,False,,1.0,305.83,48.8,"27d out, occ 75% ≥ 70% → rack"
2026-06-01,Monday,27,203,Waterfront 203,waterfront,399,459,460,7.2,75%,False,,1.0,305.83,50.4,"27d out, occ 75% ≥ 70% → rack"
2026-06-01,Monday,27,204,Waterfront 204,waterfront,409,459,465,7.1,75%,False,,1.0,305.83,52.0,"27d out, occ 75% ≥ 70% → rack"
2026-06-01,Monday,27,301,Water View 301,water_view,319,369,370,7.6,75%,False,,1.0,305.83,21.0,"27d out, occ 75% ≥ 70% → rack"
2026-06-01,Monday,27,302,Water View 302,water_view,319,369,370,7.6,75%,False,,1.0,305.83,21.0,"27d out, occ 75% ≥ 70% → rack"
2026-06-01,Monday,27,303,Water View 303,water_view,329,369,375,7.4,75%,False,,1.0,305.83,22.6,"27d out, occ 75% ≥ 70% → rack"
2026-06-01,Monday,27,304,Water View 304,water_view,319,359,365,7.7,75%,False,,1.0,305.83,19.3,"27d out, occ 75% ≥ 70% → rack"
2026-06-01,Monday,27,305,Water View 305,water_view,329,369,375,7.4,75%,False,,1.0,305.83,22.6,"27d out, occ 75% ≥ 70% → rack"
2026-06-01,Monday,27,101,Garden Room 101,garden,269,299,305,7.4,75%,False,,1.0,305.83,-0.3,"27d out, occ 75% ≥ 70% → rack"
2026-06-01,Monday,27,102,Garden Room 102,garden,269,299,305,7.4,75%,False,,1.0,305.83,-0.3,"27d out, occ 75% ≥ 70% → rack"
2026-06-01,Monday,27,103,Garden Room 103,garden,279,299,310,7.3,75%,False,,1.0,305.83,1.4,"27d out, occ 75% ≥ 70% → rack"
2026-06-01,Monday,27,104,Garden Room 104,garden,269,289,300,7.5,75%,False,,1.0,305.83,-1.9,"27d out, occ 75% ≥ 70% → rack"
2026-06-01,Monday,27,cottage,Private Cottage,cottage,489,549,555,6.9,75%,False,,1.0,305.83,81.5,"27d out, occ 75% ≥ 70% → rack"
2026-06-02,Tuesday,28,201,Waterfront 201,waterfront,389,459,455,7.3,75%,False,,1.0,307.5,48.0,"28d out, occ 75% ≥ 70% → rack"
2026-06-02,Tuesday,28,202,Waterfront 202,waterfront,389,459,455,7.3,75%,False,,1.0,307.5,48.0,"28d out, occ 75% ≥ 70% → rack"
2026-06-02,Tuesday,28,203,Waterfront 203,waterfront,399,459,460,7.2,75%,False,,1.0,307.5,49.6,"28d out, occ 75% ≥ 70% → rack"
2026-06-02,Tuesday,28,204,Waterfront 204,waterfront,409,459,465,7.1,75%,False,,1.0,307.5,51.2,"28d out, occ 75% ≥ 70% → rack"
2026-06-02,Tuesday,28,301,Water View 301,water_view,319,369,370,7.6,75%,False,,1.0,307.5,20.3,"28d out, occ 75% ≥ 70% → rack"
2026-06-02,Tuesday,28,302,Water View 302,water_view,319,369,370,7.6,75%,False,,1.0,307.5,20.3,"28d out, occ 75% ≥ 70% → rack"
2026-06-02,Tuesday,28,303,Water View 303,water_view,329,369,375,7.4,75%,False,,1.0,307.5,22.0,"28d out, occ 75% ≥ 70% → rack"
2026-06-02,Tuesday,28,304,Water View 304,water_view,319,359,365,7.7,75%,False,,1.0,307.5,18.7,"28d out, occ 75% ≥ 70% → rack"
2026-06-02,Tuesday,28,305,Water View 305,water_view,329,369,375,7.4,75%,False,,1.0,307.5,22.0,"28d out, occ 75% ≥ 70% → rack"
2026-06-02,Tuesday,28,101,Garden Room 101,garden,269,299,305,7.4,75%,False,,1.0,307.5,-0.8,"28d out, occ 75% ≥ 70% → rack"
2026-06-02,Tuesday,28,102,Garden Room 102,garden,269,299,305,7.4,75%,False,,1.0,307.5,-0.8,"28d out, occ 75% ≥ 70% → rack"
2026-06-02,Tuesday,28,103,Garden Room 103,garden,279,299,310,7.3,75%,False,,1.0,307.5,0.8,"28d out, occ 75% ≥ 70% → rack"
2026-06-02,Tuesday,28,104,Garden Room 104,garden,269,289,300,7.5,75%,False,,1.0,307.5,-2.4,"28d out, occ 75% ≥ 70% → rack"
2026-06-02,Tuesday,28,cottage,Private Cottage,cottage,489,549,555,6.9,75%,False,,1.0,307.5,80.5,"28d out, occ 75% ≥ 70% → rack"
2026-06-03,Wednesday,29,201,Waterfront 201,waterfront,389,459,455,7.3,75%,False,,1.0,305.0,49.2,"29d out, occ 75% ≥ 70% → rack"
2026-06-03,Wednesday,29,202,Waterfront 202,waterfront,389,459,455,7.3,75%,False,,1.0,305.0,49.2,"29d out, occ 75% ≥ 70% → rack"
2026-06-03,Wednesday,29,203,Waterfront 203,waterfront,399,459,460,7.2,75%,False,,1.0,305.0,50.8,"29d out, occ 75% ≥ 70% → rack"
2026-06-03,Wednesday,29,204,Waterfront 204,waterfront,409,459,465,7.1,75%,False,,1.0,305.0,52.5,"29d out, occ 75% ≥ 70% → rack"
2026-06-03,Wednesday,29,301,Water View 301,water_view,319,369,370,7.6,75%,False,,1.0,305.0,21.3,"29d out, occ 75% ≥ 70% → rack"
2026-06-03,Wednesday,29,302,Water View 302,water_view,319,369,370,7.6,75%,False,,1.0,305.0,21.3,"29d out, occ 75% ≥ 70% → rack"
2026-06-03,Wednesday,29,303,Water View 303,water_view,329,369,375,7.4,75%,False,,1.0,305.0,23.0,"29d out, occ 75% ≥ 70% → rack"
2026-06-03,Wednesday,29,304,Water View 304,water_view,319,359,365,7.7,75%,False,,1.0,305.0,19.7,"29d out, occ 75% ≥ 70% → rack"
2026-06-03,Wednesday,29,305,Water View 305,water_view,329,369,375,7.4,75%,False,,1.0,305.0,23.0,"29d out, occ 75% ≥ 70% → rack"
2026-06-03,Wednesday,29,101,Garden Room 101,garden,269,299,305,7.4,75%,False,,1.0,305.0,0.0,"29d out, occ 75% ≥ 70% → rack"
2026-06-03,Wednesday,29,102,Garden Room 102,garden,269,299,305,7.4,75%,False,,1.0,305.0,0.0,"29d out, occ 75% ≥ 70% → rack"
2026-06-03,Wednesday,29,103,Garden Room 103,garden,279,299,310,7.3,75%,False,,1.0,305.0,1.6,"29d out, occ 75% ≥ 70% → rack"
2026-06-03,Wednesday,29,104,Garden Room 104,garden,269,289,300,7.5,75%,False,,1.0,305.0,-1.6,"29d out, occ 75% ≥ 70% → rack"
2026-06-03,Wednesday,29,cottage,Private Cottage,cottage,489,549,555,6.9,75%,False,,1.0,305.0,82.0,"29d out, occ 75% ≥ 70% → rack"
2026-06-04,Thursday,30,201,Waterfront 201,waterfront,389,459,455,7.3,75%,False,,1.0,306.67,48.4,"30d out → rack rate, monitoring occ"
2026-06-04,Thursday,30,202,Waterfront 202,waterfront,389,459,455,7.3,75%,False,,1.0,306.67,48.4,"30d out → rack rate, monitoring occ"
2026-06-04,Thursday,30,203,Waterfront 203,waterfront,399,459,460,7.2,75%,False,,1.0,306.67,50.0,"30d out → rack rate, monitoring occ"
2026-06-04,Thursday,30,204,Waterfront 204,waterfront,409,459,465,7.1,75%,False,,1.0,306.67,51.6,"30d out → rack rate, monitoring occ"
2026-06-04,Thursday,30,301,Water View 301,water_view,319,369,370,7.6,75%,False,,1.0,306.67,20.7,"30d out → rack rate, monitoring occ"
2026-06-04,Thursday,30,302,Water View 302,water_view,319,369,370,7.6,75%,False,,1.0,306.67,20.7,"30d out → rack rate, monitoring occ"
2026-06-04,Thursday,30,303,Water View 303,water_view,329,369,375,7.4,75%,False,,1.0,306.67,22.3,"30d out → rack rate, monitoring occ"
2026-06-04,Thursday,30,304,Water View 304,water_view,319,359,365,7.7,75%,False,,1.0,306.67,19.0,"30d out → rack rate, monitoring occ"
2026-06-04,Thursday,30,305,Water View 305,water_view,329,369,375,7.4,75%,False,,1.0,306.67,22.3,"30d out → rack rate, monitoring occ"
2026-06-04,Thursday,30,101,Garden Room 101,garden,269,299,305,7.4,75%,False,,1.0,306.67,-0.5,"30d out → rack rate, monitoring occ"
2026-06-04,Thursday,30,102,Garden Room 102,garden,269,299,305,7.4,75%,False,,1.0,306.67,-0.5,"30d out → rack rate, monitoring occ"
2026-06-04,Thursday,30,103,Garden Room 103,garden,279,299,310,7.3,75%,False,,1.0,306.67,1.1,"30d out → rack rate, monitoring occ"
2026-06-04,Thursday,30,104,Garden Room 104,garden,269,289,300,7.5,75%,False,,1.0,306.67,-2.2,"30d out → rack rate, monitoring occ"
2026-06-04,Thursday,30,cottage,Private Cottage,cottage,489,549,555,6.9,75%,False,,1.0,306.67,81.0,"30d out → rack rate, monitoring occ"
2026-06-05,Friday,31,201,Waterfront 201,waterfront,389,459,625,47.4,75%,True,First Friday Art Walk; Parris Island USMC Graduation,1.2,351.67,77.7,"31d out → rack rate, monitoring occ | Events: First Friday Art Walk, Parris Island USMC Graduation (×1.20) | Weekend +15% (Fri/Sat)"
2026-06-05,Friday,31,202,Waterfront 202,waterfront,389,459,625,47.4,75%,True,First Friday Art Walk; Parris Island USMC Graduation,1.2,351.67,77.7,"31d out → rack rate, monitoring occ | Events: First Friday Art Walk, Parris Island USMC Graduation (×1.20) | Weekend +15% (Fri/Sat)"
2026-06-05,Friday,31,203,Waterfront 203,waterfront,399,459,635,48.0,75%,True,First Friday Art Walk; Parris Island USMC Graduation,1.2,351.67,80.6,"31d out → rack rate, monitoring occ | Events: First Friday Art Walk, Parris Island USMC Graduation (×1.20) | Weekend +15% (Fri/Sat)"
2026-06-05,Friday,31,204,Waterfront 204,waterfront,409,459,640,47.5,75%,True,First Friday Art Walk; Parris Island USMC Graduation,1.2,351.67,82.0,"31d out → rack rate, monitoring occ | Events: First Friday Art Walk, Parris Island USMC Graduation (×1.20) | Weekend +15% (Fri/Sat)"
2026-06-05,Friday,31,301,Water View 301,water_view,319,369,510,48.3,75%,True,First Friday Art Walk; Parris Island USMC Graduation,1.2,351.67,45.0,"31d out → rack rate, monitoring occ | Events: First Friday Art Walk, Parris Island USMC Graduation (×1.20) | Weekend +15% (Fri/Sat)"
2026-06-05,Friday,31,302,Water View 302,water_view,319,369,510,48.3,75%,True,First Friday Art Walk; Parris Island USMC Graduation,1.2,351.67,45.0,"31d out → rack rate, monitoring occ | Events: First Friday Art Walk, Parris Island USMC Graduation (×1.20) | Weekend +15% (Fri/Sat)"
2026-06-05,Friday,31,303,Water View 303,water_view,329,369,515,47.6,75%,True,First Friday Art Walk; Parris Island USMC Graduation,1.2,351.67,46.4,"31d out → rack rate, monitoring occ | Events: First Friday Art Walk, Parris Island USMC Graduation (×1.20) | Weekend +15% (Fri/Sat)"
2026-06-05,Friday,31,304,Water View 304,water_view,319,359,500,47.5,75%,True,First Friday Art Walk; Parris Island USMC Graduation,1.2,351.67,42.2,"31d out → rack rate, monitoring occ | Events: First Friday Art Walk, Parris Island USMC Graduation (×1.20) | Weekend +15% (Fri/Sat)"
2026-06-05,Friday,31,305,Water View 305,water_view,329,369,515,47.6,75%,True,First Friday Art Walk; Parris Island USMC Graduation,1.2,351.67,46.4,"31d out → rack rate, monitoring occ | Events: First Friday Art Walk, Parris Island USMC Graduation (×1.20) | Weekend +15% (Fri/Sat)"
2026-06-05,Friday,31,101,Garden Room 101,garden,269,299,420,47.9,75%,True,First Friday Art Walk; Parris Island USMC Graduation,1.2,351.67,19.4,"31d out → rack rate, monitoring occ | Events: First Friday Art Walk, Parris Island USMC Graduation (×1.20) | Weekend +15% (Fri/Sat)"
2026-06-05,Friday,31,102,Garden Room 102,garden,269,299,420,47.9,75%,True,First Friday Art Walk; Parris Island USMC Graduation,1.2,351.67,19.4,"31d out → rack rate, monitoring occ | Events: First Friday Art Walk, Parris Island USMC Graduation (×1.20) | Weekend +15% (Fri/Sat)"
2026-06-05,Friday,31,103,Garden Room 103,garden,279,299,425,47.1,75%,True,First Friday Art Walk; Parris Island USMC Graduation,1.2,351.67,20.9,"31d out → rack rate, monitoring occ | Events: First Friday Art Walk, Parris Island USMC Graduation (×1.20) | Weekend +15% (Fri/Sat)"
2026-06-05,Friday,31,104,Garden Room 104,garden,269,289,410,47.0,75%,True,First Friday Art Walk; Parris Island USMC Graduation,1.2,351.67,16.6,"31d out → rack rate, monitoring occ | Events: First Friday Art Walk, Parris Island USMC Graduation (×1.20) | Weekend +15% (Fri/Sat)"
2026-06-05,Friday,31,cottage,Private Cottage,cottage,489,549,765,47.4,75%,True,First Friday Art Walk; Parris Island USMC Graduation,1.2,351.67,117.5,"31d out → rack rate, monitoring occ | Events: First Friday Art Walk, Parris Island USMC Graduation (×1.20) | Weekend +15% (Fri/Sat)"
2026-06-06,Saturday,32,201,Waterfront 201,waterfront,389,459,565,33.3,75%,True,Downtown Farmers Market,1.08,351.67,60.7,"32d out → rack rate, monitoring occ | Events: Downtown Farmers Market (×1.08) | Weekend +15% (Fri/Sat)"
2026-06-06,Saturday,32,202,Waterfront 202,waterfront,389,459,565,33.3,75%,True,Downtown Farmers Market,1.08,351.67,60.7,"32d out → rack rate, monitoring occ | Events: Downtown Farmers Market (×1.08) | Weekend +15% (Fri/Sat)"
2026-06-06,Saturday,32,203,Waterfront 203,waterfront,399,459,570,32.9,75%,True,Downtown Farmers Market,1.08,351.67,62.1,"32d out → rack rate, monitoring occ | Events: Downtown Farmers Market (×1.08) | Weekend +15% (Fri/Sat)"
2026-06-06,Saturday,32,204,Waterfront 204,waterfront,409,459,575,32.5,75%,True,Downtown Farmers Market,1.08,351.67,63.5,"32d out → rack rate, monitoring occ | Events: Downtown Farmers Market (×1.08) | Weekend +15% (Fri/Sat)"
2026-06-06,Saturday,32,301,Water View 301,water_view,319,369,455,32.3,75%,True,Downtown Farmers Market,1.08,351.67,29.4,"32d out → rack rate, monitoring occ | Events: Downtown Farmers Market (×1.08) | Weekend +15% (Fri/Sat)"
2026-06-06,Saturday,32,302,Water View 302,water_view,319,369,455,32.3,75%,True,Downtown Farmers Market,1.08,351.67,29.4,"32d out → rack rate, monitoring occ | Events: Downtown Farmers Market (×1.08) | Weekend +15% (Fri/Sat)"
2026-06-06,Saturday,32,303,Water View 303,water_view,329,369,465,33.2,75%,True,Downtown Farmers Market,1.08,351.67,32.2,"32d out → rack rate, monitoring occ | Events: Downtown Farmers Market (×1.08) | Weekend +15% (Fri/Sat)"
2026-06-06,Saturday,32,304,Water View 304,water_view,319,359,450,32.7,75%,True,Downtown Farmers Market,1.08,351.67,28.0,"32d out → rack rate, monitoring occ | Events: Downtown Farmers Market (×1.08) | Weekend +15% (Fri/Sat)"
2026-06-06,Saturday,32,305,Water View 305,water_view,329,369,465,33.2,75%,True,Downtown Farmers Market,1.08,351.67,32.2,"32d out → rack rate, monitoring occ | Events: Downtown Farmers Market (×1.08) | Weekend +15% (Fri/Sat)"
2026-06-06,Saturday,32,101,Garden Room 101,garden,269,299,375,32.0,75%,True,Downtown Farmers Market,1.08,351.67,6.6,"32d out → rack rate, monitoring occ | Events: Downtown Farmers Market (×1.08) | Weekend +15% (Fri/Sat)"
2026-06-06,Saturday,32,102,Garden Room 102,garden,269,299,375,32.0,75%,True,Downtown Farmers Market,1.08,351.67,6.6,"32d out → rack rate, monitoring occ | Events: Downtown Farmers Market (×1.08) | Weekend +15% (Fri/Sat)"
2026-06-06,Saturday,32,103,Garden Room 103,garden,279,299,385,33.2,75%,True,Downtown Farmers Market,1.08,351.67,9.5,"32d out → rack rate, monitoring occ | Events: Downtown Farmers Market (×1.08) | Weekend +15% (Fri/Sat)"
2026-06-06,Saturday,32,104,Garden Room 104,garden,269,289,370,32.6,75%,True,Downtown Farmers Market,1.08,351.67,5.2,"32d out → rack rate, monitoring occ | Events: Downtown Farmers Market (×1.08) | Weekend +15% (Fri/Sat)"
2026-06-06,Saturday,32,cottage,Private Cottage,cottage,489,549,690,32.9,75%,True,Downtown Farmers Market,1.08,351.67,96.2,"32d out → rack rate, monitoring occ | Events: Downtown Farmers Market (×1.08) | Weekend +15% (Fri/Sat)"
2026-06-07,Sunday,33,201,Waterfront 201,waterfront,389,459,455,7.3,75%,False,,1.0,301.67,50.8,"33d out → rack rate, monitoring occ"
2026-06-07,Sunday,33,202,Waterfront 202,waterfront,389,459,455,7.3,75%,False,,1.0,301.67,50.8,"33d out → rack rate, monitoring occ"
2026-06-07,Sunday,33,203,Waterfront 203,waterfront,399,459,460,7.2,75%,False,,1.0,301.67,52.5,"33d out → rack rate, monitoring occ"
2026-06-07,Sunday,33,204,Waterfront 204,waterfront,409,459,465,7.1,75%,False,,1.0,301.67,54.1,"33d out → rack rate, monitoring occ"
2026-06-07,Sunday,33,301,Water View 301,water_view,319,369,370,7.6,75%,False,,1.0,301.67,22.7,"33d out → rack rate, monitoring occ"
2026-06-07,Sunday,33,302,Water View 302,water_view,319,369,370,7.6,75%,False,,1.0,301.67,22.7,"33d out → rack rate, monitoring occ"
2026-06-07,Sunday,33,303,Water View 303,water_view,329,369,375,7.4,75%,False,,1.0,301.67,24.3,"33d out → rack rate, monitoring occ"
2026-06-07,Sunday,33,304,Water View 304,water_view,319,359,365,7.7,75%,False,,1.0,301.67,21.0,"33d out → rack rate, monitoring occ"
2026-06-07,Sunday,33,305,Water View 305,water_view,329,369,375,7.4,75%,False,,1.0,301.67,24.3,"33d out → rack rate, monitoring occ"
2026-06-07,Sunday,33,101,Garden Room 101,garden,269,299,305,7.4,75%,False,,1.0,301.67,1.1,"33d out → rack rate, monitoring occ"
2026-06-07,Sunday,33,102,Garden Room 102,garden,269,299,305,7.4,75%,False,,1.0,301.67,1.1,"33d out → rack rate, monitoring occ"
2026-06-07,Sunday,33,103,Garden Room 103,garden,279,299,310,7.3,75%,False,,1.0,301.67,2.8,"33d out → rack rate, monitoring occ"
2026-06-07,Sunday,33,104,Garden Room 104,garden,269,289,300,7.5,75%,False,,1.0,301.67,-0.6,"33d out → rack rate, monitoring occ"
2026-06-07,Sunday,33,cottage,Private Cottage,cottage,489,549,555,6.9,75%,False,,1.0,301.67,84.0,"33d out → rack rate, monitoring occ"
2026-06-08,Monday,34,201,Waterfront 201,waterfront,389,459,455,7.3,75%,False,,1.0,299.17,52.1,"34d out → rack rate, monitoring occ"
2026-06-08,Monday,34,202,Waterfront 202,waterfront,389,459,455,7.3,75%,False,,1.0,299.17,52.1,"34d out → rack rate, monitoring occ"
2026-06-08,Monday,34,203,Waterfront 203,waterfront,399,459,460,7.2,75%,False,,1.0,299.17,53.8,"34d out → rack rate, monitoring occ"
2026-06-08,Monday,34,204,Waterfront 204,waterfront,409,459,465,7.1,75%,False,,1.0,299.17,55.4,"34d out → rack rate, monitoring occ"
2026-06-08,Monday,34,301,Water View 301,water_view,319,369,370,7.6,75%,False,,1.0,299.17,23.7,"34d out → rack rate, monitoring occ"
2026-06-08,Monday,34,302,Water View 302,water_view,319,369,370,7.6,75%,False,,1.0,299.17,23.7,"34d out → rack rate, monitoring occ"
2026-06-08,Monday,34,303,Water View 303,water_view,329,369,375,7.4,75%,False,,1.0,299.17,25.3,"34d out → rack rate, monitoring occ"
2026-06-08,Monday,34,304,Water View 304,water_view,319,359,365,7.7,75%,False,,1.0,299.17,22.0,"34d out → rack rate, monitoring occ"
2026-06-08,Monday,34,305,Water View 305,water_view,329,369,375,7.4,75%,False,,1.0,299.17,25.3,"34d out → rack rate, monitoring occ"
2026-06-08,Monday,34,101,Garden Room 101,garden,269,299,305,7.4,75%,False,,1.0,299.17,1.9,"34d out → rack rate, monitoring occ"
2026-06-08,Monday,34,102,Garden Room 102,garden,269,299,305,7.4,75%,False,,1.0,299.17,1.9,"34d out → rack rate, monitoring occ"
2026-06-08,Monday,34,103,Garden Room 103,garden,279,299,310,7.3,75%,False,,1.0,299.17,3.6,"34d out → rack rate, monitoring occ"
2026-06-08,Monday,34,104,Garden Room 104,garden,269,289,300,7.5,75%,False,,1.0,299.17,0.3,"34d out → rack rate, monitoring occ"
2026-06-08,Monday,34,cottage,Private Cottage,cottage,489,549,555,6.9,75%,False,,1.0,299.17,85.5,"34d out → rack rate, monitoring occ"
2026-06-09,Tuesday,35,201,Waterfront 201,waterfront,389,459,455,7.3,75%,False,,1.0,296.67,53.4,"35d out → rack rate, monitoring occ"
2026-06-09,Tuesday,35,202,Waterfront 202,waterfront,389,459,455,7.3,75%,False,,1.0,296.67,53.4,"35d out → rack rate, monitoring occ"
2026-06-09,Tuesday,35,203,Waterfront 203,waterfront,399,459,460,7.2,75%,False,,1.0,296.67,55.1,"35d out → rack rate, monitoring occ"
2026-06-09,Tuesday,35,204,Waterfront 204,waterfront,409,459,465,7.1,75%,False,,1.0,296.67,56.7,"35d out → rack rate, monitoring occ"
2026-06-09,Tuesday,35,301,Water View 301,water_view,319,369,370,7.6,75%,False,,1.0,296.67,24.7,"35d out → rack rate, monitoring occ"
2026-06-09,Tuesday,35,302,Water View 302,water_view,319,369,370,7.6,75%,False,,1.0,296.67,24.7,"35d out → rack rate, monitoring occ"
2026-06-09,Tuesday,35,303,Water View 303,water_view,329,369,375,7.4,75%,False,,1.0,296.67,26.4,"35d out → rack rate, monitoring occ"
2026-06-09,Tuesday,35,304,Water View 304,water_view,319,359,365,7.7,75%,False,,1.0,296.67,23.0,"35d out → rack rate, monitoring occ"
2026-06-09,Tuesday,35,305,Water View 305,water_view,329,369,375,7.4,75%,False,,1.0,296.67,26.4,"35d out → rack rate, monitoring occ"
2026-06-09,Tuesday,35,101,Garden Room 101,garden,269,299,305,7.4,75%,False,,1.0,296.67,2.8,"35d out → rack rate, monitoring occ"
2026-06-09,Tuesday,35,102,Garden Room 102,garden,269,299,305,7.4,75%,False,,1.0,296.67,2.8,"35d out → rack rate, monitoring occ"
2026-06-09,Tuesday,35,103,Garden Room 103,garden,279,299,310,7.3,75%,False,,1.0,296.67,4.5,"35d out → rack rate, monitoring occ"
2026-06-09,Tuesday,35,104,Garden Room 104,garden,269,289,300,7.5,75%,False,,1.0,296.67,1.1,"35d out → rack rate, monitoring occ"
2026-06-09,Tuesday,35,cottage,Private Cottage,cottage,489,549,555,6.9,75%,False,,1.0,296.67,87.1,"35d out → rack rate, monitoring occ"
2026-06-10,Wednesday,36,201,Waterfront 201,waterfront,389,459,455,7.3,75%,False,,1.0,300.0,51.7,"36d out → rack rate, monitoring occ"
2026-06-10,Wednesday,36,202,Waterfront 202,waterfront,389,459,455,7.3,75%,False,,1.0,300.0,51.7,"36d out → rack rate, monitoring occ"
2026-06-10,Wednesday,36,203,Waterfront 203,waterfront,399,459,460,7.2,75%,False,,1.0,300.0,53.3,"36d out → rack rate, monitoring occ"
2026-06-10,Wednesday,36,204,Waterfront 204,waterfront,409,459,465,7.1,75%,False,,1.0,300.0,55.0,"36d out → rack rate, monitoring occ"
2026-06-10,Wednesday,36,301,Water View 301,water_view,319,369,370,7.6,75%,False,,1.0,300.0,23.3,"36d out → rack rate, monitoring occ"
2026-06-10,Wednesday,36,302,Water View 302,water_view,319,369,370,7.6,75%,False,,1.0,300.0,23.3,"36d out → rack rate, monitoring occ"
2026-06-10,Wednesday,36,303,Water View 303,water_view,329,369,375,7.4,75%,False,,1.0,300.0,25.0,"36d out → rack rate, monitoring occ"
2026-06-10,Wednesday,36,304,Water View 304,water_view,319,359,365,7.7,75%,False,,1.0,300.0,21.7,"36d out → rack rate, monitoring occ"
2026-06-10,Wednesday,36,305,Water View 305,water_view,329,369,375,7.4,75%,False,,1.0,300.0,25.0,"36d out → rack rate, monitoring occ"
2026-06-10,Wednesday,36,101,Garden Room 101,garden,269,299,305,7.4,75%,False,,1.0,300.0,1.7,"36d out → rack rate, monitoring occ"
2026-06-10,Wednesday,36,102,Garden Room 102,garden,269,299,305,7.4,75%,False,,1.0,300.0,1.7,"36d out → rack rate, monitoring occ"
2026-06-10,Wednesday,36,103,Garden Room 103,garden,279,299,310,7.3,75%,False,,1.0,300.0,3.3,"36d out → rack rate, monitoring occ"
2026-06-10,Wednesday,36,104,Garden Room 104,garden,269,289,300,7.5,75%,False,,1.0,300.0,0.0,"36d out → rack rate, monitoring occ"
2026-06-10,Wednesday,36,cottage,Private Cottage,cottage,489,549,555,6.9,75%,False,,1.0,300.0,85.0,"36d out → rack rate, monitoring occ"
2026-06-11,Thursday,37,201,Waterfront 201,waterfront,389,459,455,7.3,75%,False,,1.0,300.0,51.7,"37d out → rack rate, monitoring occ"
2026-06-11,Thursday,37,202,Waterfront 202,waterfront,389,459,455,7.3,75%,False,,1.0,300.0,51.7,"37d out → rack rate, monitoring occ"
2026-06-11,Thursday,37,203,Waterfront 203,waterfront,399,459,460,7.2,75%,False,,1.0,300.0,53.3,"37d out → rack rate, monitoring occ"
2026-06-11,Thursday,37,204,Waterfront 204,waterfront,409,459,465,7.1,75%,False,,1.0,300.0,55.0,"37d out → rack rate, monitoring occ"
2026-06-11,Thursday,37,301,Water View 301,water_view,319,369,370,7.6,75%,False,,1.0,300.0,23.3,"37d out → rack rate, monitoring occ"
2026-06-11,Thursday,37,302,Water View 302,water_view,319,369,370,7.6,75%,False,,1.0,300.0,23.3,"37d out → rack rate, monitoring occ"
2026-06-11,Thursday,37,303,Water View 303,water_view,329,369,375,7.4,75%,False,,1.0,300.0,25.0,"37d out → rack rate, monitoring occ"
2026-06-11,Thursday,37,304,Water View 304,water_view,319,359,365,7.7,75%,False,,1.0,300.0,21.7,"37d out → rack rate, monitoring occ"
2026-06-11,Thursday,37,305,Water View 305,water_view,329,369,375,7.4,75%,False,,1.0,300.0,25.0,"37d out → rack rate, monitoring occ"
2026-06-11,Thursday,37,101,Garden Room 101,garden,269,299,305,7.4,75%,False,,1.0,300.0,1.7,"37d out → rack rate, monitoring occ"
2026-06-11,Thursday,37,102,Garden Room 102,garden,269,299,305,7.4,75%,False,,1.0,300.0,1.7,"37d out → rack rate, monitoring occ"
2026-06-11,Thursday,37,103,Garden Room 103,garden,279,299,310,7.3,75%,False,,1.0,300.0,3.3,"37d out → rack rate, monitoring occ"
2026-06-11,Thursday,37,104,Garden Room 104,garden,269,289,300,7.5,75%,False,,1.0,300.0,0.0,"37d out → rack rate, monitoring occ"
2026-06-11,Thursday,37,cottage,Private Cottage,cottage,489,549,555,6.9,75%,False,,1.0,300.0,85.0,"37d out → rack rate, monitoring occ"
2026-06-12,Friday,38,201,Waterfront 201,waterfront,389,459,520,22.6,75%,True,,1.0,347.5,49.6,"38d out → rack rate, monitoring occ | Weekend +15% (Fri/Sat)"
2026-06-12,Friday,38,202,Waterfront 202,waterfront,389,459,520,22.6,75%,True,,1.0,347.5,49.6,"38d out → rack rate, monitoring occ | Weekend +15% (Fri/Sat)"
2026-06-12,Friday,38,203,Waterfront 203,waterfront,399,459,530,23.5,75%,True,,1.0,347.5,52.5,"38d out → rack rate, monitoring occ | Weekend +15% (Fri/Sat)"
2026-06-12,Friday,38,204,Waterfront 204,waterfront,409,459,535,23.3,75%,True,,1.0,347.5,54.0,"38d out → rack rate, monitoring occ | Weekend +15% (Fri/Sat)"
2026-06-12,Friday,38,301,Water View 301,water_view,319,369,425,23.5,75%,True,,1.0,347.5,22.3,"38d out → rack rate, monitoring occ | Weekend +15% (Fri/Sat)"
2026-06-12,Friday,38,302,Water View 302,water_view,319,369,425,23.5,75%,True,,1.0,347.5,22.3,"38d out → rack rate, monitoring occ | Weekend +15% (Fri/Sat)"
2026-06-12,Friday,38,303,Water View 303,water_view,329,369,430,23.2,75%,True,,1.0,347.5,23.7,"38d out → rack rate, monitoring occ | Weekend +15% (Fri/Sat)"
2026-06-12,Friday,38,304,Water View 304,water_view,319,359,415,22.4,75%,True,,1.0,347.5,19.4,"38d out → rack rate, monitoring occ | Weekend +15% (Fri/Sat)"
2026-06-12,Friday,38,305,Water View 305,water_view,329,369,430,23.2,75%,True,,1.0,347.5,23.7,"38d out → rack rate, monitoring occ | Weekend +15% (Fri/Sat)"
2026-06-12,Friday,38,101,Garden Room 101,garden,269,299,350,23.2,75%,True,,1.0,347.5,0.7,"38d out → rack rate, monitoring occ | Weekend +15% (Fri/Sat)"
2026-06-12,Friday,38,102,Garden Room 102,garden,269,299,350,23.2,75%,True,,1.0,347.5,0.7,"38d out → rack rate, monitoring occ | Weekend +15% (Fri/Sat)"
2026-06-12,Friday,38,103,Garden Room 103,garden,279,299,355,22.8,75%,True,,1.0,347.5,2.2,"38d out → rack rate, monitoring occ | Weekend +15% (Fri/Sat)"
2026-06-12,Friday,38,104,Garden Room 104,garden,269,289,345,23.7,75%,True,,1.0,347.5,-0.7,"38d out → rack rate, monitoring occ | Weekend +15% (Fri/Sat)"
2026-06-12,Friday,38,cottage,Private Cottage,cottage,489,549,640,23.3,75%,True,,1.0,347.5,84.2,"38d out → rack rate, monitoring occ | Weekend +15% (Fri/Sat)"
2026-06-13,Saturday,39,201,Waterfront 201,waterfront,389,459,565,33.3,75%,True,Downtown Farmers Market,1.08,348.33,62.2,"39d out → rack rate, monitoring occ | Events: Downtown Farmers Market (×1.08) | Weekend +15% (Fri/Sat)"
2026-06-13,Saturday,39,202,Waterfront 202,waterfront,389,459,565,33.3,75%,True,Downtown Farmers Market,1.08,348.33,62.2,"39d out → rack rate, monitoring occ | Events: Downtown Farmers Market (×1.08) | Weekend +15% (Fri/Sat)"
2026-06-13,Saturday,39,203,Waterfront 203,waterfront,399,459,570,32.9,75%,True,Downtown Farmers Market,1.08,348.33,63.6,"39d out → rack rate, monitoring occ | Events: Downtown Farmers Market (×1.08) | Weekend +15% (Fri/Sat)"
2026-06-13,Saturday,39,204,Waterfront 204,waterfront,409,459,575,32.5,75%,True,Downtown Farmers Market,1.08,348.33,65.1,"39d out → rack rate, monitoring occ | Events: Downtown Farmers Market (×1.08) | Weekend +15% (Fri/Sat)"
2026-06-13,Saturday,39,301,Water View 301,water_view,319,369,455,32.3,75%,True,Downtown Farmers Market,1.08,348.33,30.6,"39d out → rack rate, monitoring occ | Events: Downtown Farmers Market (×1.08) | Weekend +15% (Fri/Sat)"
2026-06-13,Saturday,39,302,Water View 302,water_view,319,369,455,32.3,75%,True,Downtown Farmers Market,1.08,348.33,30.6,"39d out → rack rate, monitoring occ | Events: Downtown Farmers Market (×1.08) | Weekend +15% (Fri/Sat)"
2026-06-13,Saturday,39,303,Water View 303,water_view,329,369,465,33.2,75%,True,Downtown Farmers Market,1.08,348.33,33.5,"39d out → rack rate, monitoring occ | Events: Downtown Farmers Market (×1.08) | Weekend +15% (Fri/Sat)"
2026-06-13,Saturday,39,304,Water View 304,water_view,319,359,450,32.7,75%,True,Downtown Farmers Market,1.08,348.33,29.2,"39d out → rack rate, monitoring occ | Events: Downtown Farmers Market (×1.08) | Weekend +15% (Fri/Sat)"
2026-06-13,Saturday,39,305,Water View 305,water_view,329,369,465,33.2,75%,True,Downtown Farmers Market,1.08,348.33,33.5,"39d out → rack rate, monitoring occ | Events: Downtown Farmers Market (×1.08) | Weekend +15% (Fri/Sat)"
2026-06-13,Saturday,39,101,Garden Room 101,garden,269,299,375,32.0,75%,True,Downtown Farmers Market,1.08,348.33,7.7,"39d out → rack rate, monitoring occ | Events: Downtown Farmers Market (×1.08) | Weekend +15% (Fri/Sat)"
2026-06-13,Saturday,39,102,Garden Room 102,garden,269,299,375,32.0,75%,True,Downtown Farmers Market,1.08,348.33,7.7,"39d out → rack rate, monitoring occ | Events: Downtown Farmers Market (×1.08) | Weekend +15% (Fri/Sat)"
2026-06-13,Saturday,39,103,Garden Room 103,garden,279,299,385,33.2,75%,True,Downtown Farmers Market,1.08,348.33,10.5,"39d out → rack rate, monitoring occ | Events: Downtown Farmers Market (×1.08) | Weekend +15% (Fri/Sat)"
2026-06-13,Saturday,39,104,Garden Room 104,garden,269,289,370,32.6,75%,True,Downtown Farmers Market,1.08,348.33,6.2,"39d out → rack rate, monitoring occ | Events: Downtown Farmers Market (×1.08) | Weekend +15% (Fri/Sat)"
2026-06-13,Saturday,39,cottage,Private Cottage,cottage,489,549,690,32.9,75%,True,Downtown Farmers Market,1.08,348.33,98.1,"39d out → rack rate, monitoring occ | Events: Downtown Farmers Market (×1.08) | Weekend +15% (Fri/Sat)"
2026-06-14,Sunday,40,201,Waterfront 201,waterfront,389,459,455,7.3,75%,False,,1.0,304.17,49.6,"40d out → rack rate, monitoring occ"
2026-06-14,Sunday,40,202,Waterfront 202,waterfront,389,459,455,7.3,75%,False,,1.0,304.17,49.6,"40d out → rack rate, monitoring occ"
2026-06-14,Sunday,40,203,Waterfront 203,waterfront,399,459,460,7.2,75%,False,,1.0,304.17,51.2,"40d out → rack rate, monitoring occ"
2026-06-14,Sunday,40,204,Waterfront 204,waterfront,409,459,465,7.1,75%,False,,1.0,304.17,52.9,"40d out → rack rate, monitoring occ"
2026-06-14,Sunday,40,301,Water View 301,water_view,319,369,370,7.6,75%,False,,1.0,304.17,21.6,"40d out → rack rate, monitoring occ"
2026-06-14,Sunday,40,302,Water View 302,water_view,319,369,370,7.6,75%,False,,1.0,304.17,21.6,"40d out → rack rate, monitoring occ"
2026-06-14,Sunday,40,303,Water View 303,water_view,329,369,375,7.4,75%,False,,1.0,304.17,23.3,"40d out → rack rate, monitoring occ"
2026-06-14,Sunday,40,304,Water View 304,water_view,319,359,365,7.7,75%,False,,1.0,304.17,20.0,"40d out → rack rate, monitoring occ"
2026-06-14,Sunday,40,305,Water View 305,water_view,329,369,375,7.4,75%,False,,1.0,304.17,23.3,"40d out → rack rate, monitoring occ"
2026-06-14,Sunday,40,101,Garden Room 101,garden,269,299,305,7.4,75%,False,,1.0,304.17,0.3,"40d out → rack rate, monitoring occ"
2026-06-14,Sunday,40,102,Garden Room 102,garden,269,299,305,7.4,75%,False,,1.0,304.17,0.3,"40d out → rack rate, monitoring occ"
2026-06-14,Sunday,40,103,Garden Room 103,garden,279,299,310,7.3,75%,False,,1.0,304.17,1.9,"40d out → rack rate, monitoring occ"
2026-06-14,Sunday,40,104,Garden Room 104,garden,269,289,300,7.5,75%,False,,1.0,304.17,-1.4,"40d out → rack rate, monitoring occ"
2026-06-14,Sunday,40,cottage,Private Cottage,cottage,489,549,555,6.9,75%,False,,1.0,304.17,82.5,"40d out → rack rate, monitoring occ"
2026-06-15,Monday,41,201,Waterfront 201,waterfront,389,459,455,7.3,75%,False,,1.0,305.0,49.2,"41d out → rack rate, monitoring occ"
2026-06-15,Monday,41,202,Waterfront 202,waterfront,389,459,455,7.3,75%,False,,1.0,305.0,49.2,"41d out → rack rate, monitoring occ"
2026-06-15,Monday,41,203,Waterfront 203,waterfront,399,459,460,7.2,75%,False,,1.0,305.0,50.8,"41d out → rack rate, monitoring occ"
2026-06-15,Monday,41,204,Waterfront 204,waterfront,409,459,465,7.1,75%,False,,1.0,305.0,52.5,"41d out → rack rate, monitoring occ"
2026-06-15,Monday,41,301,Water View 301,water_view,319,369,370,7.6,75%,False,,1.0,305.0,21.3,"41d out → rack rate, monitoring occ"
2026-06-15,Monday,41,302,Water View 302,water_view,319,369,370,7.6,75%,False,,1.0,305.0,21.3,"41d out → rack rate, monitoring occ"
2026-06-15,Monday,41,303,Water View 303,water_view,329,369,375,7.4,75%,False,,1.0,305.0,23.0,"41d out → rack rate, monitoring occ"
2026-06-15,Monday,41,304,Water View 304,water_view,319,359,365,7.7,75%,False,,1.0,305.0,19.7,"41d out → rack rate, monitoring occ"
2026-06-15,Monday,41,305,Water View 305,water_view,329,369,375,7.4,75%,False,,1.0,305.0,23.0,"41d out → rack rate, monitoring occ"
2026-06-15,Monday,41,101,Garden Room 101,garden,269,299,305,7.4,75%,False,,1.0,305.0,0.0,"41d out → rack rate, monitoring occ"
2026-06-15,Monday,41,102,Garden Room 102,garden,269,299,305,7.4,75%,False,,1.0,305.0,0.0,"41d out → rack rate, monitoring occ"
2026-06-15,Monday,41,103,Garden Room 103,garden,279,299,310,7.3,75%,False,,1.0,305.0,1.6,"41d out → rack rate, monitoring occ"
2026-06-15,Monday,41,104,Garden Room 104,garden,269,289,300,7.5,75%,False,,1.0,305.0,-1.6,"41d out → rack rate, monitoring occ"
2026-06-15,Monday,41,cottage,Private Cottage,cottage,489,549,555,6.9,75%,False,,1.0,305.0,82.0,"41d out → rack rate, monitoring occ"
2026-06-16,Tuesday,42,201,Waterfront 201,waterfront,389,459,455,7.3,75%,False,,1.0,307.5,48.0,"42d out → rack rate, monitoring occ"
2026-06-16,Tuesday,42,202,Waterfront 202,waterfront,389,459,455,7.3,75%,False,,1.0,307.5,48.0,"42d out → rack rate, monitoring occ"
2026-06-16,Tuesday,42,203,Waterfront 203,waterfront,399,459,460,7.2,75%,False,,1.0,307.5,49.6,"42d out → rack rate, monitoring occ"
2026-06-16,Tuesday,42,204,Waterfront 204,waterfront,409,459,465,7.1,75%,False,,1.0,307.5,51.2,"42d out → rack rate, monitoring occ"
2026-06-16,Tuesday,42,301,Water View 301,water_view,319,369,370,7.6,75%,False,,1.0,307.5,20.3,"42d out → rack rate, monitoring occ"
2026-06-16,Tuesday,42,302,Water View 302,water_view,319,369,370,7.6,75%,False,,1.0,307.5,20.3,"42d out → rack rate, monitoring occ"
2026-06-16,Tuesday,42,303,Water View 303,water_view,329,369,375,7.4,75%,False,,1.0,307.5,22.0,"42d out → rack rate, monitoring occ"
2026-06-16,Tuesday,42,304,Water View 304,water_view,319,359,365,7.7,75%,False,,1.0,307.5,18.7,"42d out → rack rate, monitoring occ"
2026-06-16,Tuesday,42,305,Water View 305,water_view,329,369,375,7.4,75%,False,,1.0,307.5,22.0,"42d out → rack rate, monitoring occ"
2026-06-16,Tuesday,42,101,Garden Room 101,garden,269,299,305,7.4,75%,False,,1.0,307.5,-0.8,"42d out → rack rate, monitoring occ"
2026-06-16,Tuesday,42,102,Garden Room 102,garden,269,299,305,7.4,75%,False,,1.0,307.5,-0.8,"42d out → rack rate, monitoring occ"
2026-06-16,Tuesday,42,103,Garden Room 103,garden,279,299,310,7.3,75%,False,,1.0,307.5,0.8,"42d out → rack rate, monitoring occ"
2026-06-16,Tuesday,42,104,Garden Room 104,garden,269,289,300,7.5,75%,False,,1.0,307.5,-2.4,"42d out → rack rate, monitoring occ"
2026-06-16,Tuesday,42,cottage,Private Cottage,cottage,489,549,555,6.9,75%,False,,1.0,307.5,80.5,"42d out → rack rate, monitoring occ"
2026-06-17,Wednesday,43,201,Waterfront 201,waterfront,389,459,510,20.3,75%,False,Music Festival of the Lowcountry,1.125,334.17,52.6,"43d out → rack rate, monitoring occ | Events: Music Festival of the Lowcountry (×1.12)"
2026-06-17,Wednesday,43,202,Waterfront 202,waterfront,389,459,510,20.3,75%,False,Music Festival of the Lowcountry,1.125,334.17,52.6,"43d out → rack rate, monitoring occ | Events: Music Festival of the Lowcountry (×1.12)"
2026-06-17,Wednesday,43,203,Waterfront 203,waterfront,399,459,515,20.0,75%,False,Music Festival of the Lowcountry,1.125,334.17,54.1,"43d out → rack rate, monitoring occ | Events: Music Festival of the Lowcountry (×1.12)"
2026-06-17,Wednesday,43,204,Waterfront 204,waterfront,409,459,520,19.8,75%,False,Music Festival of the Lowcountry,1.125,334.17,55.6,"43d out → rack rate, monitoring occ | Events: Music Festival of the Lowcountry (×1.12)"
2026-06-17,Wednesday,43,301,Water View 301,water_view,319,369,415,20.6,75%,False,Music Festival of the Lowcountry,1.125,334.17,24.2,"43d out → rack rate, monitoring occ | Events: Music Festival of the Lowcountry (×1.12)"
2026-06-17,Wednesday,43,302,Water View 302,water_view,319,369,415,20.6,75%,False,Music Festival of the Lowcountry,1.125,334.17,24.2,"43d out → rack rate, monitoring occ | Events: Music Festival of the Lowcountry (×1.12)"
2026-06-17,Wednesday,43,303,Water View 303,water_view,329,369,420,20.3,75%,False,Music Festival of the Lowcountry,1.125,334.17,25.7,"43d out → rack rate, monitoring occ | Events: Music Festival of the Lowcountry (×1.12)"
2026-06-17,Wednesday,43,304,Water View 304,water_view,319,359,410,20.9,75%,False,Music Festival of the Lowcountry,1.125,334.17,22.7,"43d out → rack rate, monitoring occ | Events: Music Festival of the Lowcountry (×1.12)"
2026-06-17,Wednesday,43,305,Water View 305,water_view,329,369,420,20.3,75%,False,Music Festival of the Lowcountry,1.125,334.17,25.7,"43d out → rack rate, monitoring occ | Events: Music Festival of the Lowcountry (×1.12)"
2026-06-17,Wednesday,43,101,Garden Room 101,garden,269,299,340,19.7,75%,False,Music Festival of the Lowcountry,1.125,334.17,1.7,"43d out → rack rate, monitoring occ | Events: Music Festival of the Lowcountry (×1.12)"
2026-06-17,Wednesday,43,102,Garden Room 102,garden,269,299,340,19.7,75%,False,Music Festival of the Lowcountry,1.125,334.17,1.7,"43d out → rack rate, monitoring occ | Events: Music Festival of the Lowcountry (×1.12)"
2026-06-17,Wednesday,43,103,Garden Room 103,garden,279,299,350,21.1,75%,False,Music Festival of the Lowcountry,1.125,334.17,4.7,"43d out → rack rate, monitoring occ | Events: Music Festival of the Lowcountry (×1.12)"
2026-06-17,Wednesday,43,104,Garden Room 104,garden,269,289,335,20.1,75%,False,Music Festival of the Lowcountry,1.125,334.17,0.2,"43d out → rack rate, monitoring occ | Events: Music Festival of the Lowcountry (×1.12)"
2026-06-17,Wednesday,43,cottage,Private Cottage,cottage,489,549,625,20.4,75%,False,Music Festival of the Lowcountry,1.125,334.17,87.0,"43d out → rack rate, monitoring occ | Events: Music Festival of the Lowcountry (×1.12)"
2026-06-18,Thursday,44,201,Waterfront 201,waterfront,389,459,510,20.3,75%,False,Music Festival of the Lowcountry,1.125,335.0,52.2,"44d out → rack rate, monitoring occ | Events: Music Festival of the Lowcountry (×1.12)"
2026-06-18,Thursday,44,202,Waterfront 202,waterfront,389,459,510,20.3,75%,False,Music Festival of the Lowcountry,1.125,335.0,52.2,"44d out → rack rate, monitoring occ | Events: Music Festival of the Lowcountry (×1.12)"
2026-06-18,Thursday,44,203,Waterfront 203,waterfront,399,459,515,20.0,75%,False,Music Festival of the Lowcountry,1.125,335.0,53.7,"44d out → rack rate, monitoring occ | Events: Music Festival of the Lowcountry (×1.12)"
2026-06-18,Thursday,44,204,Waterfront 204,waterfront,409,459,520,19.8,75%,False,Music Festival of the Lowcountry,1.125,335.0,55.2,"44d out → rack rate, monitoring occ | Events: Music Festival of the Lowcountry (×1.12)"
2026-06-18,Thursday,44,301,Water View 301,water_view,319,369,415,20.6,75%,False,Music Festival of the Lowcountry,1.125,335.0,23.9,"44d out → rack rate, monitoring occ | Events: Music Festival of the Lowcountry (×1.12)"
2026-06-18,Thursday,44,302,Water View 302,water_view,319,369,415,20.6,75%,False,Music Festival of the Lowcountry,1.125,335.0,23.9,"44d out → rack rate, monitoring occ | Events: Music Festival of the Lowcountry (×1.12)"
2026-06-18,Thursday,44,303,Water View 303,water_view,329,369,420,20.3,75%,False,Music Festival of the Lowcountry,1.125,335.0,25.4,"44d out → rack rate, monitoring occ | Events: Music Festival of the Lowcountry (×1.12)"
2026-06-18,Thursday,44,304,Water View 304,water_view,319,359,410,20.9,75%,False,Music Festival of the Lowcountry,1.125,335.0,22.4,"44d out → rack rate, monitoring occ | Events: Music Festival of the Lowcountry (×1.12)"
2026-06-18,Thursday,44,305,Water View 305,water_view,329,369,420,20.3,75%,False,Music Festival of the Lowcountry,1.125,335.0,25.4,"44d out → rack rate, monitoring occ | Events: Music Festival of the Lowcountry (×1.12)"
2026-06-18,Thursday,44,101,Garden Room 101,garden,269,299,340,19.7,75%,False,Music Festival of the Lowcountry,1.125,335.0,1.5,"44d out → rack rate, monitoring occ | Events: Music Festival of the Lowcountry (×1.12)"
2026-06-18,Thursday,44,102,Garden Room 102,garden,269,299,340,19.7,75%,False,Music Festival of the Lowcountry,1.125,335.0,1.5,"44d out → rack rate, monitoring occ | Events: Music Festival of the Lowcountry (×1.12)"
2026-06-18,Thursday,44,103,Garden Room 103,garden,279,299,350,21.1,75%,False,Music Festival of the Lowcountry,1.125,335.0,4.5,"44d out → rack rate, monitoring occ | Events: Music Festival of the Lowcountry (×1.12)"
2026-06-18,Thursday,44,104,Garden Room 104,garden,269,289,335,20.1,75%,False,Music Festival of the Lowcountry,1.125,335.0,0.0,"44d out → rack rate, monitoring occ | Events: Music Festival of the Lowcountry (×1.12)"
2026-06-18,Thursday,44,cottage,Private Cottage,cottage,489,549,625,20.4,75%,False,Music Festival of the Lowcountry,1.125,335.0,86.6,"44d out → rack rate, monitoring occ | Events: Music Festival of the Lowcountry (×1.12)"
2026-06-19,Friday,45,201,Waterfront 201,waterfront,389,459,650,53.3,75%,True,Music Festival of the Lowcountry; Parris Island USMC Graduation,1.25,356.67,82.2,"45d out → rack rate, monitoring occ | Events: Music Festival of the Lowcountry, Parris Island USMC Graduation (×1.25) | Weekend +15% (Fri/Sat)"
2026-06-19,Friday,45,202,Waterfront 202,waterfront,389,459,650,53.3,75%,True,Music Festival of the Lowcountry; Parris Island USMC Graduation,1.25,356.67,82.2,"45d out → rack rate, monitoring occ | Events: Music Festival of the Lowcountry, Parris Island USMC Graduation (×1.25) | Weekend +15% (Fri/Sat)"
2026-06-19,Friday,45,203,Waterfront 203,waterfront,399,459,660,53.8,75%,True,Music Festival of the Lowcountry; Parris Island USMC Graduation,1.25,356.67,85.0,"45d out → rack rate, monitoring occ | Events: Music Festival of the Lowcountry, Parris Island USMC Graduation (×1.25) | Weekend +15% (Fri/Sat)"
2026-06-19,Friday,45,204,Waterfront 204,waterfront,409,459,670,54.4,75%,True,Music Festival of the Lowcountry; Parris Island USMC Graduation,1.25,356.67,87.9,"45d out → rack rate, monitoring occ | Events: Music Festival of the Lowcountry, Parris Island USMC Graduation (×1.25) | Weekend +15% (Fri/Sat)"
2026-06-19,Friday,45,301,Water View 301,water_view,319,369,530,54.1,75%,True,Music Festival of the Lowcountry; Parris Island USMC Graduation,1.25,356.67,48.6,"45d out → rack rate, monitoring occ | Events: Music Festival of the Lowcountry, Parris Island USMC Graduation (×1.25) | Weekend +15% (Fri/Sat)"
2026-06-19,Friday,45,302,Water View 302,water_view,319,369,530,54.1,75%,True,Music Festival of the Lowcountry; Parris Island USMC Graduation,1.25,356.67,48.6,"45d out → rack rate, monitoring occ | Events: Music Festival of the Lowcountry, Parris Island USMC Graduation (×1.25) | Weekend +15% (Fri/Sat)"
2026-06-19,Friday,45,303,Water View 303,water_view,329,369,535,53.3,75%,True,Music Festival of the Lowcountry; Parris Island USMC Graduation,1.25,356.67,50.0,"45d out → rack rate, monitoring occ | Events: Music Festival of the Lowcountry, Parris Island USMC Graduation (×1.25) | Weekend +15% (Fri/Sat)"
2026-06-19,Friday,45,304,Water View 304,water_view,319,359,520,53.4,75%,True,Music Festival of the Lowcountry; Parris Island USMC Graduation,1.25,356.67,45.8,"45d out → rack rate, monitoring occ | Events: Music Festival of the Lowcountry, Parris Island USMC Graduation (×1.25) | Weekend +15% (Fri/Sat)"
2026-06-19,Friday,45,305,Water View 305,water_view,329,369,535,53.3,75%,True,Music Festival of the Lowcountry; Parris Island USMC Graduation,1.25,356.67,50.0,"45d out → rack rate, monitoring occ | Events: Music Festival of the Lowcountry, Parris Island USMC Graduation (×1.25) | Weekend +15% (Fri/Sat)"
2026-06-19,Friday,45,101,Garden Room 101,garden,269,299,435,53.2,75%,True,Music Festival of the Lowcountry; Parris Island USMC Graduation,1.25,356.67,22.0,"45d out → rack rate, monitoring occ | Events: Music Festival of the Lowcountry, Parris Island USMC Graduation (×1.25) | Weekend +15% (Fri/Sat)"
2026-06-19,Friday,45,102,Garden Room 102,garden,269,299,435,53.2,75%,True,Music Festival of the Lowcountry; Parris Island USMC Graduation,1.25,356.67,22.0,"45d out → rack rate, monitoring occ | Events: Music Festival of the Lowcountry, Parris Island USMC Graduation (×1.25) | Weekend +15% (Fri/Sat)"
2026-06-19,Friday,45,103,Garden Room 103,garden,279,299,445,54.0,75%,True,Music Festival of the Lowcountry; Parris Island USMC Graduation,1.25,356.67,24.8,"45d out → rack rate, monitoring occ | Events: Music Festival of the Lowcountry, Parris Island USMC Graduation (×1.25) | Weekend +15% (Fri/Sat)"
2026-06-19,Friday,45,104,Garden Room 104,garden,269,289,430,54.1,75%,True,Music Festival of the Lowcountry; Parris Island USMC Graduation,1.25,356.67,20.6,"45d out → rack rate, monitoring occ | Events: Music Festival of the Lowcountry, Parris Island USMC Graduation (×1.25) | Weekend +15% (Fri/Sat)"
2026-06-19,Friday,45,cottage,Private Cottage,cottage,489,549,800,54.1,75%,True,Music Festival of the Lowcountry; Parris Island USMC Graduation,1.25,356.67,124.3,"45d out → rack rate, monitoring occ | Events: Music Festival of the Lowcountry, Parris Island USMC Graduation (×1.25) | Weekend +15% (Fri/Sat)"
2026-06-20,Saturday,46,201,Waterfront 201,waterfront,389,459,650,53.3,75%,True,Music Festival of the Lowcountry; Downtown Farmers Market,1.25,359.17,81.0,"46d out → rack rate, monitoring occ | Events: Music Festival of the Lowcountry, Downtown Farmers Market (×1.25) | Weekend +15% (Fri/Sat)"
2026-06-20,Saturday,46,202,Waterfront 202,waterfront,389,459,650,53.3,75%,True,Music Festival of the Lowcountry; Downtown Farmers Market,1.25,359.17,81.0,"46d out → rack rate, monitoring occ | Events: Music Festival of the Lowcountry, Downtown Farmers Market (×1.25) | Weekend +15% (Fri/Sat)"
2026-06-20,Saturday,46,203,Waterfront 203,waterfront,399,459,660,53.8,75%,True,Music Festival of the Lowcountry; Downtown Farmers Market,1.25,359.17,83.8,"46d out → rack rate, monitoring occ | Events: Music Festival of the Lowcountry, Downtown Farmers Market (×1.25) | Weekend +15% (Fri/Sat)"
2026-06-20,Saturday,46,204,Waterfront 204,waterfront,409,459,670,54.4,75%,True,Music Festival of the Lowcountry; Downtown Farmers Market,1.25,359.17,86.5,"46d out → rack rate, monitoring occ | Events: Music Festival of the Lowcountry, Downtown Farmers Market (×1.25) | Weekend +15% (Fri/Sat)"
2026-06-20,Saturday,46,301,Water View 301,water_view,319,369,530,54.1,75%,True,Music Festival of the Lowcountry; Downtown Farmers Market,1.25,359.17,47.6,"46d out → rack rate, monitoring occ | Events: Music Festival of the Lowcountry, Downtown Farmers Market (×1.25) | Weekend +15% (Fri/Sat)"
2026-06-20,Saturday,46,302,Water View 302,water_view,319,369,530,54.1,75%,True,Music Festival of the Lowcountry; Downtown Farmers Market,1.25,359.17,47.6,"46d out → rack rate, monitoring occ | Events: Music Festival of the Lowcountry, Downtown Farmers Market (×1.25) | Weekend +15% (Fri/Sat)"
2026-06-20,Saturday,46,303,Water View 303,water_view,329,369,535,53.3,75%,True,Music Festival of the Lowcountry; Downtown Farmers Market,1.25,359.17,49.0,"46d out → rack rate, monitoring occ | Events: Music Festival of the Lowcountry, Downtown Farmers Market (×1.25) | Weekend +15% (Fri/Sat)"
2026-06-20,Saturday,46,304,Water View 304,water_view,319,359,520,53.4,75%,True,Music Festival of the Lowcountry; Downtown Farmers Market,1.25,359.17,44.8,"46d out → rack rate, monitoring occ | Events: Music Festival of the Lowcountry, Downtown Farmers Market (×1.25) | Weekend +15% (Fri/Sat)"
2026-06-20,Saturday,46,305,Water View 305,water_view,329,369,535,53.3,75%,True,Music Festival of the Lowcountry; Downtown Farmers Market,1.25,359.17,49.0,"46d out → rack rate, monitoring occ | Events: Music Festival of the Lowcountry, Downtown Farmers Market (×1.25) | Weekend +15% (Fri/Sat)"
2026-06-20,Saturday,46,101,Garden Room 101,garden,269,299,435,53.2,75%,True,Music Festival of the Lowcountry; Downtown Farmers Market,1.25,359.17,21.1,"46d out → rack rate, monitoring occ | Events: Music Festival of the Lowcountry, Downtown Farmers Market (×1.25) | Weekend +15% (Fri/Sat)"
2026-06-20,Saturday,46,102,Garden Room 102,garden,269,299,435,53.2,75%,True,Music Festival of the Lowcountry; Downtown Farmers Market,1.25,359.17,21.1,"46d out → rack rate, monitoring occ | Events: Music Festival of the Lowcountry, Downtown Farmers Market (×1.25) | Weekend +15% (Fri/Sat)"
2026-06-20,Saturday,46,103,Garden Room 103,garden,279,299,445,54.0,75%,True,Music Festival of the Lowcountry; Downtown Farmers Market,1.25,359.17,23.9,"46d out → rack rate, monitoring occ | Events: Music Festival of the Lowcountry, Downtown Farmers Market (×1.25) | Weekend +15% (Fri/Sat)"
2026-06-20,Saturday,46,104,Garden Room 104,garden,269,289,430,54.1,75%,True,Music Festival of the Lowcountry; Downtown Farmers Market,1.25,359.17,19.7,"46d out → rack rate, monitoring occ | Events: Music Festival of the Lowcountry, Downtown Farmers Market (×1.25) | Weekend +15% (Fri/Sat)"
2026-06-20,Saturday,46,cottage,Private Cottage,cottage,489,549,800,54.1,75%,True,Music Festival of the Lowcountry; Downtown Farmers Market,1.25,359.17,122.7,"46d out → rack rate, monitoring occ | Events: Music Festival of the Lowcountry, Downtown Farmers Market (×1.25) | Weekend +15% (Fri/Sat)"
2026-06-21,Sunday,47,201,Waterfront 201,waterfront,389,459,565,33.3,75%,False,Music Festival of the Lowcountry,1.25,357.5,58.0,"47d out → rack rate, monitoring occ | Events: Music Festival of the Lowcountry (×1.25)"
2026-06-21,Sunday,47,202,Waterfront 202,waterfront,389,459,565,33.3,75%,False,Music Festival of the Lowcountry,1.25,357.5,58.0,"47d out → rack rate, monitoring occ | Events: Music Festival of the Lowcountry (×1.25)"
2026-06-21,Sunday,47,203,Waterfront 203,waterfront,399,459,575,34.0,75%,False,Music Festival of the Lowcountry,1.25,357.5,60.8,"47d out → rack rate, monitoring occ | Events: Music Festival of the Lowcountry (×1.25)"
2026-06-21,Sunday,47,204,Waterfront 204,waterfront,409,459,580,33.6,75%,False,Music Festival of the Lowcountry,1.25,357.5,62.2,"47d out → rack rate, monitoring occ | Events: Music Festival of the Lowcountry (×1.25)"
2026-06-21,Sunday,47,301,Water View 301,water_view,319,369,460,33.7,75%,False,Music Festival of the Lowcountry,1.25,357.5,28.7,"47d out → rack rate, monitoring occ | Events: Music Festival of the Lowcountry (×1.25)"
2026-06-21,Sunday,47,302,Water View 302,water_view,319,369,460,33.7,75%,False,Music Festival of the Lowcountry,1.25,357.5,28.7,"47d out → rack rate, monitoring occ | Events: Music Festival of the Lowcountry (×1.25)"
2026-06-21,Sunday,47,303,Water View 303,water_view,329,369,465,33.2,75%,False,Music Festival of the Lowcountry,1.25,357.5,30.1,"47d out → rack rate, monitoring occ | Events: Music Festival of the Lowcountry (×1.25)"
2026-06-21,Sunday,47,304,Water View 304,water_view,319,359,455,34.2,75%,False,Music Festival of the Lowcountry,1.25,357.5,27.3,"47d out → rack rate, monitoring occ | Events: Music Festival of the Lowcountry (×1.25)"
2026-06-21,Sunday,47,305,Water View 305,water_view,329,369,465,33.2,75%,False,Music Festival of the Lowcountry,1.25,357.5,30.1,"47d out → rack rate, monitoring occ | Events: Music Festival of the Lowcountry (×1.25)"
2026-06-21,Sunday,47,101,Garden Room 101,garden,269,299,380,33.8,75%,False,Music Festival of the Lowcountry,1.25,357.5,6.3,"47d out → rack rate, monitoring occ | Events: Music Festival of the Lowcountry (×1.25)"
2026-06-21,Sunday,47,102,Garden Room 102,garden,269,299,380,33.8,75%,False,Music Festival of the Lowcountry,1.25,357.5,6.3,"47d out → rack rate, monitoring occ | Events: Music Festival of the Lowcountry (×1.25)"
2026-06-21,Sunday,47,103,Garden Room 103,garden,279,299,385,33.2,75%,False,Music Festival of the Lowcountry,1.25,357.5,7.7,"47d out → rack rate, monitoring occ | Events: Music Festival of the Lowcountry (×1.25)"
2026-06-21,Sunday,47,104,Garden Room 104,garden,269,289,375,34.4,75%,False,Music Festival of the Lowcountry,1.25,357.5,4.9,"47d out → rack rate, monitoring occ | Events: Music Festival of the Lowcountry (×1.25)"
2026-06-21,Sunday,47,cottage,Private Cottage,cottage,489,549,695,33.9,75%,False,Music Festival of the Lowcountry,1.25,357.5,94.4,"47d out → rack rate, monitoring occ | Events: Music Festival of the Lowcountry (×1.25)"
2026-06-22,Monday,48,201,Waterfront 201,waterfront,389,459,565,33.3,75%,False,Music Festival of the Lowcountry,1.25,351.67,60.7,"48d out → rack rate, monitoring occ | Events: Music Festival of the Lowcountry (×1.25)"
2026-06-22,Monday,48,202,Waterfront 202,waterfront,389,459,565,33.3,75%,False,Music Festival of the Lowcountry,1.25,351.67,60.7,"48d out → rack rate, monitoring occ | Events: Music Festival of the Lowcountry (×1.25)"
2026-06-22,Monday,48,203,Waterfront 203,waterfront,399,459,575,34.0,75%,False,Music Festival of the Lowcountry,1.25,351.67,63.5,"48d out → rack rate, monitoring occ | Events: Music Festival of the Lowcountry (×1.25)"
2026-06-22,Monday,48,204,Waterfront 204,waterfront,409,459,580,33.6,75%,False,Music Festival of the Lowcountry,1.25,351.67,64.9,"48d out → rack rate, monitoring occ | Events: Music Festival of the Lowcountry (×1.25)"
2026-06-22,Monday,48,301,Water View 301,water_view,319,369,460,33.7,75%,False,Music Festival of the Lowcountry,1.25,351.67,30.8,"48d out → rack rate, monitoring occ | Events: Music Festival of the Lowcountry (×1.25)"
2026-06-22,Monday,48,302,Water View 302,water_view,319,369,460,33.7,75%,False,Music Festival of the Lowcountry,1.25,351.67,30.8,"48d out → rack rate, monitoring occ | Events: Music Festival of the Lowcountry (×1.25)"
2026-06-22,Monday,48,303,Water View 303,water_view,329,369,465,33.2,75%,False,Music Festival of the Lowcountry,1.25,351.67,32.2,"48d out → rack rate, monitoring occ | Events: Music Festival of the Lowcountry (×1.25)"
2026-06-22,Monday,48,304,Water View 304,water_view,319,359,455,34.2,75%,False,Music Festival of the Lowcountry,1.25,351.67,29.4,"48d out → rack rate, monitoring occ | Events: Music Festival of the Lowcountry (×1.25)"
2026-06-22,Monday,48,305,Water View 305,water_view,329,369,465,33.2,75%,False,Music Festival of the Lowcountry,1.25,351.67,32.2,"48d out → rack rate, monitoring occ | Events: Music Festival of the Lowcountry (×1.25)"
2026-06-22,Monday,48,101,Garden Room 101,garden,269,299,380,33.8,75%,False,Music Festival of the Lowcountry,1.25,351.67,8.1,"48d out → rack rate, monitoring occ | Events: Music Festival of the Lowcountry (×1.25)"
2026-06-22,Monday,48,102,Garden Room 102,garden,269,299,380,33.8,75%,False,Music Festival of the Lowcountry,1.25,351.67,8.1,"48d out → rack rate, monitoring occ | Events: Music Festival of the Lowcountry (×1.25)"
2026-06-22,Monday,48,103,Garden Room 103,garden,279,299,385,33.2,75%,False,Music Festival of the Lowcountry,1.25,351.67,9.5,"48d out → rack rate, monitoring occ | Events: Music Festival of the Lowcountry (×1.25)"
2026-06-22,Monday,48,104,Garden Room 104,garden,269,289,375,34.4,75%,False,Music Festival of the Lowcountry,1.25,351.67,6.6,"48d out → rack rate, monitoring occ | Events: Music Festival of the Lowcountry (×1.25)"
2026-06-22,Monday,48,cottage,Private Cottage,cottage,489,549,695,33.9,75%,False,Music Festival of the Lowcountry,1.25,351.67,97.6,"48d out → rack rate, monitoring occ | Events: Music Festival of the Lowcountry (×1.25)"
2026-06-23,Tuesday,49,201,Waterfront 201,waterfront,389,459,455,7.3,75%,False,,1.0,300.83,51.2,"49d out → rack rate, monitoring occ"
2026-06-23,Tuesday,49,202,Waterfront 202,waterfront,389,459,455,7.3,75%,False,,1.0,300.83,51.2,"49d out → rack rate, monitoring occ"
2026-06-23,Tuesday,49,203,Waterfront 203,waterfront,399,459,460,7.2,75%,False,,1.0,300.83,52.9,"49d out → rack rate, monitoring occ"
2026-06-23,Tuesday,49,204,Waterfront 204,waterfront,409,459,465,7.1,75%,False,,1.0,300.83,54.6,"49d out → rack rate, monitoring occ"
2026-06-23,Tuesday,49,301,Water View 301,water_view,319,369,370,7.6,75%,False,,1.0,300.83,23.0,"49d out → rack rate, monitoring occ"
2026-06-23,Tuesday,49,302,Water View 302,water_view,319,369,370,7.6,75%,False,,1.0,300.83,23.0,"49d out → rack rate, monitoring occ"
2026-06-23,Tuesday,49,303,Water View 303,water_view,329,369,375,7.4,75%,False,,1.0,300.83,24.7,"49d out → rack rate, monitoring occ"
2026-06-23,Tuesday,49,304,Water View 304,water_view,319,359,365,7.7,75%,False,,1.0,300.83,21.3,"49d out → rack rate, monitoring occ"
2026-06-23,Tuesday,49,305,Water View 305,water_view,329,369,375,7.4,75%,False,,1.0,300.83,24.7,"49d out → rack rate, monitoring occ"
2026-06-23,Tuesday,49,101,Garden Room 101,garden,269,299,305,7.4,75%,False,,1.0,300.83,1.4,"49d out → rack rate, monitoring occ"
2026-06-23,Tuesday,49,102,Garden Room 102,garden,269,299,305,7.4,75%,False,,1.0,300.83,1.4,"49d out → rack rate, monitoring occ"
2026-06-23,Tuesday,49,103,Garden Room 103,garden,279,299,310,7.3,75%,False,,1.0,300.83,3.0,"49d out → rack rate, monitoring occ"
2026-06-23,Tuesday,49,104,Garden Room 104,garden,269,289,300,7.5,75%,False,,1.0,300.83,-0.3,"49d out → rack rate, monitoring occ"
2026-06-23,Tuesday,49,cottage,Private Cottage,cottage,489,549,555,6.9,75%,False,,1.0,300.83,84.5,"49d out → rack rate, monitoring occ"
2026-06-24,Wednesday,50,201,Waterfront 201,waterfront,389,459,455,7.3,75%,False,,1.0,299.17,52.1,"50d out → rack rate, monitoring occ"
2026-06-24,Wednesday,50,202,Waterfront 202,waterfront,389,459,455,7.3,75%,False,,1.0,299.17,52.1,"50d out → rack rate, monitoring occ"
2026-06-24,Wednesday,50,203,Waterfront 203,waterfront,399,459,460,7.2,75%,False,,1.0,299.17,53.8,"50d out → rack rate, monitoring occ"
2026-06-24,Wednesday,50,204,Waterfront 204,waterfront,409,459,465,7.1,75%,False,,1.0,299.17,55.4,"50d out → rack rate, monitoring occ"
2026-06-24,Wednesday,50,301,Water View 301,water_view,319,369,370,7.6,75%,False,,1.0,299.17,23.7,"50d out → rack rate, monitoring occ"
2026-06-24,Wednesday,50,302,Water View 302,water_view,319,369,370,7.6,75%,False,,1.0,299.17,23.7,"50d out → rack rate, monitoring occ"
2026-06-24,Wednesday,50,303,Water View 303,water_view,329,369,375,7.4,75%,False,,1.0,299.17,25.3,"50d out → rack rate, monitoring occ"
2026-06-24,Wednesday,50,304,Water View 304,water_view,319,359,365,7.7,75%,False,,1.0,299.17,22.0,"50d out → rack rate, monitoring occ"
2026-06-24,Wednesday,50,305,Water View 305,water_view,329,369,375,7.4,75%,False,,1.0,299.17,25.3,"50d out → rack rate, monitoring occ"
2026-06-24,Wednesday,50,101,Garden Room 101,garden,269,299,305,7.4,75%,False,,1.0,299.17,1.9,"50d out → rack rate, monitoring occ"
2026-06-24,Wednesday,50,102,Garden Room 102,garden,269,299,305,7.4,75%,False,,1.0,299.17,1.9,"50d out → rack rate, monitoring occ"
2026-06-24,Wednesday,50,103,Garden Room 103,garden,279,299,310,7.3,75%,False,,1.0,299.17,3.6,"50d out → rack rate, monitoring occ"
2026-06-24,Wednesday,50,104,Garden Room 104,garden,269,289,300,7.5,75%,False,,1.0,299.17,0.3,"50d out → rack rate, monitoring occ"
2026-06-24,Wednesday,50,cottage,Private Cottage,cottage,489,549,555,6.9,75%,False,,1.0,299.17,85.5,"50d out → rack rate, monitoring occ"
2026-06-25,Thursday,51,201,Waterfront 201,waterfront,389,459,455,7.3,75%,False,,1.0,300.0,51.7,"51d out → rack rate, monitoring occ"
2026-06-25,Thursday,51,202,Waterfront 202,waterfront,389,459,455,7.3,75%,False,,1.0,300.0,51.7,"51d out → rack rate, monitoring occ"
2026-06-25,Thursday,51,203,Waterfront 203,waterfront,399,459,460,7.2,75%,False,,1.0,300.0,53.3,"51d out → rack rate, monitoring occ"
2026-06-25,Thursday,51,204,Waterfront 204,waterfront,409,459,465,7.1,75%,False,,1.0,300.0,55.0,"51d out → rack rate, monitoring occ"
2026-06-25,Thursday,51,301,Water View 301,water_view,319,369,370,7.6,75%,False,,1.0,300.0,23.3,"51d out → rack rate, monitoring occ"
2026-06-25,Thursday,51,302,Water View 302,water_view,319,369,370,7.6,75%,False,,1.0,300.0,23.3,"51d out → rack rate, monitoring occ"
2026-06-25,Thursday,51,303,Water View 303,water_view,329,369,375,7.4,75%,False,,1.0,300.0,25.0,"51d out → rack rate, monitoring occ"
2026-06-25,Thursday,51,304,Water View 304,water_view,319,359,365,7.7,75%,False,,1.0,300.0,21.7,"51d out → rack rate, monitoring occ"
2026-06-25,Thursday,51,305,Water View 305,water_view,329,369,375,7.4,75%,False,,1.0,300.0,25.0,"51d out → rack rate, monitoring occ"
2026-06-25,Thursday,51,101,Garden Room 101,garden,269,299,305,7.4,75%,False,,1.0,300.0,1.7,"51d out → rack rate, monitoring occ"
2026-06-25,Thursday,51,102,Garden Room 102,garden,269,299,305,7.4,75%,False,,1.0,300.0,1.7,"51d out → rack rate, monitoring occ"
2026-06-25,Thursday,51,103,Garden Room 103,garden,279,299,310,7.3,75%,False,,1.0,300.0,3.3,"51d out → rack rate, monitoring occ"
2026-06-25,Thursday,51,104,Garden Room 104,garden,269,289,300,7.5,75%,False,,1.0,300.0,0.0,"51d out → rack rate, monitoring occ"
2026-06-25,Thursday,51,cottage,Private Cottage,cottage,489,549,555,6.9,75%,False,,1.0,300.0,85.0,"51d out → rack rate, monitoring occ"
2026-06-26,Friday,52,201,Waterfront 201,waterfront,389,459,520,22.6,75%,True,,1.0,346.67,50.0,"52d out → rack rate, monitoring occ | Weekend +15% (Fri/Sat)"
2026-06-26,Friday,52,202,Waterfront 202,waterfront,389,459,520,22.6,75%,True,,1.0,346.67,50.0,"52d out → rack rate, monitoring occ | Weekend +15% (Fri/Sat)"
2026-06-26,Friday,52,203,Waterfront 203,waterfront,399,459,530,23.5,75%,True,,1.0,346.67,52.9,"52d out → rack rate, monitoring occ | Weekend +15% (Fri/Sat)"
2026-06-26,Friday,52,204,Waterfront 204,waterfront,409,459,535,23.3,75%,True,,1.0,346.67,54.3,"52d out → rack rate, monitoring occ | Weekend +15% (Fri/Sat)"
2026-06-26,Friday,52,301,Water View 301,water_view,319,369,425,23.5,75%,True,,1.0,346.67,22.6,"52d out → rack rate, monitoring occ | Weekend +15% (Fri/Sat)"
2026-06-26,Friday,52,302,Water View 302,water_view,319,369,425,23.5,75%,True,,1.0,346.67,22.6,"52d out → rack rate, monitoring occ | Weekend +15% (Fri/Sat)"
2026-06-26,Friday,52,303,Water View 303,water_view,329,369,430,23.2,75%,True,,1.0,346.67,24.0,"52d out → rack rate, monitoring occ | Weekend +15% (Fri/Sat)"
2026-06-26,Friday,52,304,Water View 304,water_view,319,359,415,22.4,75%,True,,1.0,346.67,19.7,"52d out → rack rate, monitoring occ | Weekend +15% (Fri/Sat)"
2026-06-26,Friday,52,305,Water View 305,water_view,329,369,430,23.2,75%,True,,1.0,346.67,24.0,"52d out → rack rate, monitoring occ | Weekend +15% (Fri/Sat)"
2026-06-26,Friday,52,101,Garden Room 101,garden,269,299,350,23.2,75%,True,,1.0,346.67,1.0,"52d out → rack rate, monitoring occ | Weekend +15% (Fri/Sat)"
2026-06-26,Friday,52,102,Garden Room 102,garden,269,299,350,23.2,75%,True,,1.0,346.67,1.0,"52d out → rack rate, monitoring occ | Weekend +15% (Fri/Sat)"
2026-06-26,Friday,52,103,Garden Room 103,garden,279,299,355,22.8,75%,True,,1.0,346.67,2.4,"52d out → rack rate, monitoring occ | Weekend +15% (Fri/Sat)"
2026-06-26,Friday,52,104,Garden Room 104,garden,269,289,345,23.7,75%,True,,1.0,346.67,-0.5,"52d out → rack rate, monitoring occ | Weekend +15% (Fri/Sat)"
2026-06-26,Friday,52,cottage,Private Cottage,cottage,489,549,640,23.3,75%,True,,1.0,346.67,84.6,"52d out → rack rate, monitoring occ | Weekend +15% (Fri/Sat)"
2026-06-27,Saturday,53,201,Waterfront 201,waterfront,389,459,565,33.3,75%,True,Downtown Farmers Market,1.08,347.5,62.6,"53d out → rack rate, monitoring occ | Events: Downtown Farmers Market (×1.08) | Weekend +15% (Fri/Sat)"
2026-06-27,Saturday,53,202,Waterfront 202,waterfront,389,459,565,33.3,75%,True,Downtown Farmers Market,1.08,347.5,62.6,"53d out → rack rate, monitoring occ | Events: Downtown Farmers Market (×1.08) | Weekend +15% (Fri/Sat)"
2026-06-27,Saturday,53,203,Waterfront 203,waterfront,399,459,570,32.9,75%,True,Downtown Farmers Market,1.08,347.5,64.0,"53d out → rack rate, monitoring occ | Events: Downtown Farmers Market (×1.08) | Weekend +15% (Fri/Sat)"
2026-06-27,Saturday,53,204,Waterfront 204,waterfront,409,459,575,32.5,75%,True,Downtown Farmers Market,1.08,347.5,65.5,"53d out → rack rate, monitoring occ | Events: Downtown Farmers Market (×1.08) | Weekend +15% (Fri/Sat)"
2026-06-27,Saturday,53,301,Water View 301,water_view,319,369,455,32.3,75%,True,Downtown Farmers Market,1.08,347.5,30.9,"53d out → rack rate, monitoring occ | Events: Downtown Farmers Market (×1.08) | Weekend +15% (Fri/Sat)"
2026-06-27,Saturday,53,302,Water View 302,water_view,319,369,455,32.3,75%,True,Downtown Farmers Market,1.08,347.5,30.9,"53d out → rack rate, monitoring occ | Events: Downtown Farmers Market (×1.08) | Weekend +15% (Fri/Sat)"
2026-06-27,Saturday,53,303,Water View 303,water_view,329,369,465,33.2,75%,True,Downtown Farmers Market,1.08,347.5,33.8,"53d out → rack rate, monitoring occ | Events: Downtown Farmers Market (×1.08) | Weekend +15% (Fri/Sat)"
2026-06-27,Saturday,53,304,Water View 304,water_view,319,359,450,32.7,75%,True,Downtown Farmers Market,1.08,347.5,29.5,"53d out → rack rate, monitoring occ | Events: Downtown Farmers Market (×1.08) | Weekend +15% (Fri/Sat)"
2026-06-27,Saturday,53,305,Water View 305,water_view,329,369,465,33.2,75%,True,Downtown Farmers Market,1.08,347.5,33.8,"53d out → rack rate, monitoring occ | Events: Downtown Farmers Market (×1.08) | Weekend +15% (Fri/Sat)"
2026-06-27,Saturday,53,101,Garden Room 101,garden,269,299,375,32.0,75%,True,Downtown Farmers Market,1.08,347.5,7.9,"53d out → rack rate, monitoring occ | Events: Downtown Farmers Market (×1.08) | Weekend +15% (Fri/Sat)"
2026-06-27,Saturday,53,102,Garden Room 102,garden,269,299,375,32.0,75%,True,Downtown Farmers Market,1.08,347.5,7.9,"53d out → rack rate, monitoring occ | Events: Downtown Farmers Market (×1.08) | Weekend +15% (Fri/Sat)"
2026-06-27,Saturday,53,103,Garden Room 103,garden,279,299,385,33.2,75%,True,Downtown Farmers Market,1.08,347.5,10.8,"53d out → rack rate, monitoring occ | Events: Downtown Farmers Market (×1.08) | Weekend +15% (Fri/Sat)"
2026-06-27,Saturday,53,104,Garden Room 104,garden,269,289,370,32.6,75%,True,Downtown Farmers Market,1.08,347.5,6.5,"53d out → rack rate, monitoring occ | Events: Downtown Farmers Market (×1.08) | Weekend +15% (Fri/Sat)"
2026-06-27,Saturday,53,cottage,Private Cottage,cottage,489,549,690,32.9,75%,True,Downtown Farmers Market,1.08,347.5,98.6,"53d out → rack rate, monitoring occ | Events: Downtown Farmers Market (×1.08) | Weekend +15% (Fri/Sat)"
2026-06-28,Sunday,54,201,Waterfront 201,waterfront,389,459,455,7.3,75%,False,,1.0,303.33,50.0,"54d out → rack rate, monitoring occ"
2026-06-28,Sunday,54,202,Waterfront 202,waterfront,389,459,455,7.3,75%,False,,1.0,303.33,50.0,"54d out → rack rate, monitoring occ"
2026-06-28,Sunday,54,203,Waterfront 203,waterfront,399,459,460,7.2,75%,False,,1.0,303.33,51.6,"54d out → rack rate, monitoring occ"
2026-06-28,Sunday,54,204,Waterfront 204,waterfront,409,459,465,7.1,75%,False,,1.0,303.33,53.3,"54d out → rack rate, monitoring occ"
2026-06-28,Sunday,54,301,Water View 301,water_view,319,369,370,7.6,75%,False,,1.0,303.33,22.0,"54d out → rack rate, monitoring occ"
2026-06-28,Sunday,54,302,Water View 302,water_view,319,369,370,7.6,75%,False,,1.0,303.33,22.0,"54d out → rack rate, monitoring occ"
2026-06-28,Sunday,54,303,Water View 303,water_view,329,369,375,7.4,75%,False,,1.0,303.33,23.6,"54d out → rack rate, monitoring occ"
2026-06-28,Sunday,54,304,Water View 304,water_view,319,359,365,7.7,75%,False,,1.0,303.33,20.3,"54d out → rack rate, monitoring occ"
2026-06-28,Sunday,54,305,Water View 305,water_view,329,369,375,7.4,75%,False,,1.0,303.33,23.6,"54d out → rack rate, monitoring occ"
2026-06-28,Sunday,54,101,Garden Room 101,garden,269,299,305,7.4,75%,False,,1.0,303.33,0.5,"54d out → rack rate, monitoring occ"
2026-06-28,Sunday,54,102,Garden Room 102,garden,269,299,305,7.4,75%,False,,1.0,303.33,0.5,"54d out → rack rate, monitoring occ"
2026-06-28,Sunday,54,103,Garden Room 103,garden,279,299,310,7.3,75%,False,,1.0,303.33,2.2,"54d out → rack rate, monitoring occ"
2026-06-28,Sunday,54,104,Garden Room 104,garden,269,289,300,7.5,75%,False,,1.0,303.33,-1.1,"54d out → rack rate, monitoring occ"
2026-06-28,Sunday,54,cottage,Private Cottage,cottage,489,549,555,6.9,75%,False,,1.0,303.33,83.0,"54d out → rack rate, monitoring occ"
2026-06-29,Monday,55,201,Waterfront 201,waterfront,389,459,455,7.3,75%,False,,1.0,305.0,49.2,"55d out → rack rate, monitoring occ"
2026-06-29,Monday,55,202,Waterfront 202,waterfront,389,459,455,7.3,75%,False,,1.0,305.0,49.2,"55d out → rack rate, monitoring occ"
2026-06-29,Monday,55,203,Waterfront 203,waterfront,399,459,460,7.2,75%,False,,1.0,305.0,50.8,"55d out → rack rate, monitoring occ"
2026-06-29,Monday,55,204,Waterfront 204,waterfront,409,459,465,7.1,75%,False,,1.0,305.0,52.5,"55d out → rack rate, monitoring occ"
2026-06-29,Monday,55,301,Water View 301,water_view,319,369,370,7.6,75%,False,,1.0,305.0,21.3,"55d out → rack rate, monitoring occ"
2026-06-29,Monday,55,302,Water View 302,water_view,319,369,370,7.6,75%,False,,1.0,305.0,21.3,"55d out → rack rate, monitoring occ"
2026-06-29,Monday,55,303,Water View 303,water_view,329,369,375,7.4,75%,False,,1.0,305.0,23.0,"55d out → rack rate, monitoring occ"
2026-06-29,Monday,55,304,Water View 304,water_view,319,359,365,7.7,75%,False,,1.0,305.0,19.7,"55d out → rack rate, monitoring occ"
2026-06-29,Monday,55,305,Water View 305,water_view,329,369,375,7.4,75%,False,,1.0,305.0,23.0,"55d out → rack rate, monitoring occ"
2026-06-29,Monday,55,101,Garden Room 101,garden,269,299,305,7.4,75%,False,,1.0,305.0,0.0,"55d out → rack rate, monitoring occ"
2026-06-29,Monday,55,102,Garden Room 102,garden,269,299,305,7.4,75%,False,,1.0,305.0,0.0,"55d out → rack rate, monitoring occ"
2026-06-29,Monday,55,103,Garden Room 103,garden,279,299,310,7.3,75%,False,,1.0,305.0,1.6,"55d out → rack rate, monitoring occ"
2026-06-29,Monday,55,104,Garden Room 104,garden,269,289,300,7.5,75%,False,,1.0,305.0,-1.6,"55d out → rack rate, monitoring occ"
2026-06-29,Monday,55,cottage,Private Cottage,cottage,489,549,555,6.9,75%,False,,1.0,305.0,82.0,"55d out → rack rate, monitoring occ"
2026-06-30,Tuesday,56,201,Waterfront 201,waterfront,389,459,455,7.3,75%,False,,1.0,305.83,48.8,"56d out → rack rate, monitoring occ"
2026-06-30,Tuesday,56,202,Waterfront 202,waterfront,389,459,455,7.3,75%,False,,1.0,305.83,48.8,"56d out → rack rate, monitoring occ"
2026-06-30,Tuesday,56,203,Waterfront 203,waterfront,399,459,460,7.2,75%,False,,1.0,305.83,50.4,"56d out → rack rate, monitoring occ"
2026-06-30,Tuesday,56,204,Waterfront 204,waterfront,409,459,465,7.1,75%,False,,1.0,305.83,52.0,"56d out → rack rate, monitoring occ"
2026-06-30,Tuesday,56,301,Water View 301,water_view,319,369,370,7.6,75%,False,,1.0,305.83,21.0,"56d out → rack rate, monitoring occ"
2026-06-30,Tuesday,56,302,Water View 302,water_view,319,369,370,7.6,75%,False,,1.0,305.83,21.0,"56d out → rack rate, monitoring occ"
2026-06-30,Tuesday,56,303,Water View 303,water_view,329,369,375,7.4,75%,False,,1.0,305.83,22.6,"56d out → rack rate, monitoring occ"
2026-06-30,Tuesday,56,304,Water View 304,water_view,319,359,365,7.7,75%,False,,1.0,305.83,19.3,"56d out → rack rate, monitoring occ"
2026-06-30,Tuesday,56,305,Water View 305,water_view,329,369,375,7.4,75%,False,,1.0,305.83,22.6,"56d out → rack rate, monitoring occ"
2026-06-30,Tuesday,56,101,Garden Room 101,garden,269,299,305,7.4,75%,False,,1.0,305.83,-0.3,"56d out → rack rate, monitoring occ"
2026-06-30,Tuesday,56,102,Garden Room 102,garden,269,299,305,7.4,75%,False,,1.0,305.83,-0.3,"56d out → rack rate, monitoring occ"
2026-06-30,Tuesday,56,103,Garden Room 103,garden,279,299,310,7.3,75%,False,,1.0,305.83,1.4,"56d out → rack rate, monitoring occ"
2026-06-30,Tuesday,56,104,Garden Room 104,garden,269,289,300,7.5,75%,False,,1.0,305.83,-1.9,"56d out → rack rate, monitoring occ"
2026-06-30,Tuesday,56,cottage,Private Cottage,cottage,489,549,555,6.9,75%,False,,1.0,305.83,81.5,"56d out → rack rate, monitoring occ"
2026-07-01,Wednesday,57,201,Waterfront 201,waterfront,389,459,590,39.2,75%,False,4th of July Celebrations,1.175,380.83,54.9,"57d out → rack rate, monitoring occ | Events: 4th of July Celebrations (×1.18)"
2026-07-01,Wednesday,57,202,Waterfront 202,waterfront,389,459,590,39.2,75%,False,4th of July Celebrations,1.175,380.83,54.9,"57d out → rack rate, monitoring occ | Events: 4th of July Celebrations (×1.18)"
2026-07-01,Wednesday,57,203,Waterfront 203,waterfront,399,459,595,38.7,75%,False,4th of July Celebrations,1.175,380.83,56.2,"57d out → rack rate, monitoring occ | Events: 4th of July Celebrations (×1.18)"
2026-07-01,Wednesday,57,204,Waterfront 204,waterfront,409,459,600,38.2,75%,False,4th of July Celebrations,1.175,380.83,57.5,"57d out → rack rate, monitoring occ | Events: 4th of July Celebrations (×1.18)"
2026-07-01,Wednesday,57,301,Water View 301,water_view,319,369,475,38.1,75%,False,4th of July Celebrations,1.175,380.83,24.7,"57d out → rack rate, monitoring occ | Events: 4th of July Celebrations (×1.18)"
2026-07-01,Wednesday,57,302,Water View 302,water_view,319,369,475,38.1,75%,False,4th of July Celebrations,1.175,380.83,24.7,"57d out → rack rate, monitoring occ | Events: 4th of July Celebrations (×1.18)"
2026-07-01,Wednesday,57,303,Water View 303,water_view,329,369,485,39.0,75%,False,4th of July Celebrations,1.175,380.83,27.4,"57d out → rack rate, monitoring occ | Events: 4th of July Celebrations (×1.18)"
2026-07-01,Wednesday,57,304,Water View 304,water_view,319,359,470,38.6,75%,False,4th of July Celebrations,1.175,380.83,23.4,"57d out → rack rate, monitoring occ | Events: 4th of July Celebrations (×1.18)"
2026-07-01,Wednesday,57,305,Water View 305,water_view,329,369,485,39.0,75%,False,4th of July Celebrations,1.175,380.83,27.4,"57d out → rack rate, monitoring occ | Events: 4th of July Celebrations (×1.18)"
2026-07-01,Wednesday,57,101,Garden Room 101,garden,269,299,395,39.1,75%,False,4th of July Celebrations,1.175,380.83,3.7,"57d out → rack rate, monitoring occ | Events: 4th of July Celebrations (×1.18)"
2026-07-01,Wednesday,57,102,Garden Room 102,garden,269,299,395,39.1,75%,False,4th of July Celebrations,1.175,380.83,3.7,"57d out → rack rate, monitoring occ | Events: 4th of July Celebrations (×1.18)"
2026-07-01,Wednesday,57,103,Garden Room 103,garden,279,299,400,38.4,75%,False,4th of July Celebrations,1.175,380.83,5.0,"57d out → rack rate, monitoring occ | Events: 4th of July Celebrations (×1.18)"
2026-07-01,Wednesday,57,104,Garden Room 104,garden,269,289,385,38.0,75%,False,4th of July Celebrations,1.175,380.83,1.1,"57d out → rack rate, monitoring occ | Events: 4th of July Celebrations (×1.18)"
2026-07-01,Wednesday,57,cottage,Private Cottage,cottage,489,549,720,38.7,75%,False,4th of July Celebrations,1.175,380.83,89.1,"57d out → rack rate, monitoring occ | Events: 4th of July Celebrations (×1.18)"
2026-07-02,Thursday,58,201,Waterfront 201,waterfront,389,459,590,39.2,75%,False,4th of July Celebrations,1.175,379.17,55.6,"58d out → rack rate, monitoring occ | Events: 4th of July Celebrations (×1.18)"
2026-07-02,Thursday,58,202,Waterfront 202,waterfront,389,459,590,39.2,75%,False,4th of July Celebrations,1.175,379.17,55.6,"58d out → rack rate, monitoring occ | Events: 4th of July Celebrations (×1.18)"
2026-07-02,Thursday,58,203,Waterfront 203,waterfront,399,459,595,38.7,75%,False,4th of July Celebrations,1.175,379.17,56.9,"58d out → rack rate, monitoring occ | Events: 4th of July Celebrations (×1.18)"
2026-07-02,Thursday,58,204,Waterfront 204,waterfront,409,459,600,38.2,75%,False,4th of July Celebrations,1.175,379.17,58.2,"58d out → rack rate, monitoring occ | Events: 4th of July Celebrations (×1.18)"
2026-07-02,Thursday,58,301,Water View 301,water_view,319,369,475,38.1,75%,False,4th of July Celebrations,1.175,379.17,25.3,"58d out → rack rate, monitoring occ | Events: 4th of July Celebrations (×1.18)"
2026-07-02,Thursday,58,302,Water View 302,water_view,319,369,475,38.1,75%,False,4th of July Celebrations,1.175,379.17,25.3,"58d out → rack rate, monitoring occ | Events: 4th of July Celebrations (×1.18)"
2026-07-02,Thursday,58,303,Water View 303,water_view,329,369,485,39.0,75%,False,4th of July Celebrations,1.175,379.17,27.9,"58d out → rack rate, monitoring occ | Events: 4th of July Celebrations (×1.18)"
2026-07-02,Thursday,58,304,Water View 304,water_view,319,359,470,38.6,75%,False,4th of July Celebrations,1.175,379.17,24.0,"58d out → rack rate, monitoring occ | Events: 4th of July Celebrations (×1.18)"
2026-07-02,Thursday,58,305,Water View 305,water_view,329,369,485,39.0,75%,False,4th of July Celebrations,1.175,379.17,27.9,"58d out → rack rate, monitoring occ | Events: 4th of July Celebrations (×1.18)"
2026-07-02,Thursday,58,101,Garden Room 101,garden,269,299,395,39.1,75%,False,4th of July Celebrations,1.175,379.17,4.2,"58d out → rack rate, monitoring occ | Events: 4th of July Celebrations (×1.18)"
2026-07-02,Thursday,58,102,Garden Room 102,garden,269,299,395,39.1,75%,False,4th of July Celebrations,1.175,379.17,4.2,"58d out → rack rate, monitoring occ | Events: 4th of July Celebrations (×1.18)"
2026-07-02,Thursday,58,103,Garden Room 103,garden,279,299,400,38.4,75%,False,4th of July Celebrations,1.175,379.17,5.5,"58d out → rack rate, monitoring occ | Events: 4th of July Celebrations (×1.18)"
2026-07-02,Thursday,58,104,Garden Room 104,garden,269,289,385,38.0,75%,False,4th of July Celebrations,1.175,379.17,1.5,"58d out → rack rate, monitoring occ | Events: 4th of July Celebrations (×1.18)"
2026-07-02,Thursday,58,cottage,Private Cottage,cottage,489,549,720,38.7,75%,False,4th of July Celebrations,1.175,379.17,89.9,"58d out → rack rate, monitoring occ | Events: 4th of July Celebrations (×1.18)"
2026-07-03,Friday,59,201,Waterfront 201,waterfront,389,459,775,82.8,75%,True,4th of July Celebrations; Black Boses Freedom Festival; First Friday Art Walk; Parris Island USMC Graduation,1.35,418.33,85.3,"59d out → rack rate, monitoring occ | Events: 4th of July Celebrations, Black Boses Freedom Festival, First Friday Art Walk, Parris Island USMC Graduation (×1.35) | Weekend +15% (Fri/Sat)"
2026-07-03,Friday,59,202,Waterfront 202,waterfront,389,459,775,82.8,75%,True,4th of July Celebrations; Black Boses Freedom Festival; First Friday Art Walk; Parris Island USMC Graduation,1.35,418.33,85.3,"59d out → rack rate, monitoring occ | Events: 4th of July Celebrations, Black Boses Freedom Festival, First Friday Art Walk, Parris Island USMC Graduation (×1.35) | Weekend +15% (Fri/Sat)"
2026-07-03,Friday,59,203,Waterfront 203,waterfront,399,459,785,83.0,75%,True,4th of July Celebrations; Black Boses Freedom Festival; First Friday Art Walk; Parris Island USMC Graduation,1.35,418.33,87.6,"59d out → rack rate, monitoring occ | Events: 4th of July Celebrations, Black Boses Freedom Festival, First Friday Art Walk, Parris Island USMC Graduation (×1.35) | Weekend +15% (Fri/Sat)"
2026-07-03,Friday,59,204,Waterfront 204,waterfront,409,459,795,83.2,75%,True,4th of July Celebrations; Black Boses Freedom Festival; First Friday Art Walk; Parris Island USMC Graduation,1.35,418.33,90.0,"59d out → rack rate, monitoring occ | Events: 4th of July Celebrations, Black Boses Freedom Festival, First Friday Art Walk, Parris Island USMC Graduation (×1.35) | Weekend +15% (Fri/Sat)"
2026-07-03,Friday,59,301,Water View 301,water_view,319,369,630,83.1,75%,True,4th of July Celebrations; Black Boses Freedom Festival; First Friday Art Walk; Parris Island USMC Graduation,1.35,418.33,50.6,"59d out → rack rate, monitoring occ | Events: 4th of July Celebrations, Black Boses Freedom Festival, First Friday Art Walk, Parris Island USMC Graduation (×1.35) | Weekend +15% (Fri/Sat)"
2026-07-03,Friday,59,302,Water View 302,water_view,319,369,630,83.1,75%,True,4th of July Celebrations; Black Boses Freedom Festival; First Friday Art Walk; Parris Island USMC Graduation,1.35,418.33,50.6,"59d out → rack rate, monitoring occ | Events: 4th of July Celebrations, Black Boses Freedom Festival, First Friday Art Walk, Parris Island USMC Graduation (×1.35) | Weekend +15% (Fri/Sat)"
2026-07-03,Friday,59,303,Water View 303,water_view,329,369,640,83.4,75%,True,4th of July Celebrations; Black Boses Freedom Festival; First Friday Art Walk; Parris Island USMC Graduation,1.35,418.33,53.0,"59d out → rack rate, monitoring occ | Events: 4th of July Celebrations, Black Boses Freedom Festival, First Friday Art Walk, Parris Island USMC Graduation (×1.35) | Weekend +15% (Fri/Sat)"
2026-07-03,Friday,59,304,Water View 304,water_view,319,359,620,82.9,75%,True,4th of July Celebrations; Black Boses Freedom Festival; First Friday Art Walk; Parris Island USMC Graduation,1.35,418.33,48.2,"59d out → rack rate, monitoring occ | Events: 4th of July Celebrations, Black Boses Freedom Festival, First Friday Art Walk, Parris Island USMC Graduation (×1.35) | Weekend +15% (Fri/Sat)"
2026-07-03,Friday,59,305,Water View 305,water_view,329,369,640,83.4,75%,True,4th of July Celebrations; Black Boses Freedom Festival; First Friday Art Walk; Parris Island USMC Graduation,1.35,418.33,53.0,"59d out → rack rate, monitoring occ | Events: 4th of July Celebrations, Black Boses Freedom Festival, First Friday Art Walk, Parris Island USMC Graduation (×1.35) | Weekend +15% (Fri/Sat)"
2026-07-03,Friday,59,101,Garden Room 101,garden,269,299,520,83.1,75%,True,4th of July Celebrations; Black Boses Freedom Festival; First Friday Art Walk; Parris Island USMC Graduation,1.35,418.33,24.3,"59d out → rack rate, monitoring occ | Events: 4th of July Celebrations, Black Boses Freedom Festival, First Friday Art Walk, Parris Island USMC Graduation (×1.35) | Weekend +15% (Fri/Sat)"
2026-07-03,Friday,59,102,Garden Room 102,garden,269,299,520,83.1,75%,True,4th of July Celebrations; Black Boses Freedom Festival; First Friday Art Walk; Parris Island USMC Graduation,1.35,418.33,24.3,"59d out → rack rate, monitoring occ | Events: 4th of July Celebrations, Black Boses Freedom Festival, First Friday Art Walk, Parris Island USMC Graduation (×1.35) | Weekend +15% (Fri/Sat)"
2026-07-03,Friday,59,103,Garden Room 103,garden,279,299,530,83.4,75%,True,4th of July Celebrations; Black Boses Freedom Festival; First Friday Art Walk; Parris Island USMC Graduation,1.35,418.33,26.7,"59d out → rack rate, monitoring occ | Events: 4th of July Celebrations, Black Boses Freedom Festival, First Friday Art Walk, Parris Island USMC Graduation (×1.35) | Weekend +15% (Fri/Sat)"
2026-07-03,Friday,59,104,Garden Room 104,garden,269,289,510,82.8,75%,True,4th of July Celebrations; Black Boses Freedom Festival; First Friday Art Walk; Parris Island USMC Graduation,1.35,418.33,21.9,"59d out → rack rate, monitoring occ | Events: 4th of July Celebrations, Black Boses Freedom Festival, First Friday Art Walk, Parris Island USMC Graduation (×1.35) | Weekend +15% (Fri/Sat)"
2026-07-03,Friday,59,cottage,Private Cottage,cottage,489,549,950,83.0,75%,True,4th of July Celebrations; Black Boses Freedom Festival; First Friday Art Walk; Parris Island USMC Graduation,1.35,418.33,127.1,"59d out → rack rate, monitoring occ | Events: 4th of July Celebrations, Black Boses Freedom Festival, First Friday Art Walk, Parris Island USMC Graduation (×1.35) | Weekend +15% (Fri/Sat)"
2026-07-04,Saturday,60,201,Waterfront 201,waterfront,389,459,775,82.8,75%,True,4th of July Celebrations; Black Boses Freedom Festival; Downtown Farmers Market,1.35,419.17,84.9,"60d out → rack rate | Events: 4th of July Celebrations, Black Boses Freedom Festival, Downtown Farmers Market (×1.35) | Weekend +15% (Fri/Sat)"
2026-07-04,Saturday,60,202,Waterfront 202,waterfront,389,459,775,82.8,75%,True,4th of July Celebrations; Black Boses Freedom Festival; Downtown Farmers Market,1.35,419.17,84.9,"60d out → rack rate | Events: 4th of July Celebrations, Black Boses Freedom Festival, Downtown Farmers Market (×1.35) | Weekend +15% (Fri/Sat)"
2026-07-04,Saturday,60,203,Waterfront 203,waterfront,399,459,785,83.0,75%,True,4th of July Celebrations; Black Boses Freedom Festival; Downtown Farmers Market,1.35,419.17,87.3,"60d out → rack rate | Events: 4th of July Celebrations, Black Boses Freedom Festival, Downtown Farmers Market (×1.35) | Weekend +15% (Fri/Sat)"
2026-07-04,Saturday,60,204,Waterfront 204,waterfront,409,459,795,83.2,75%,True,4th of July Celebrations; Black Boses Freedom Festival; Downtown Farmers Market,1.35,419.17,89.7,"60d out → rack rate | Events: 4th of July Celebrations, Black Boses Freedom Festival, Downtown Farmers Market (×1.35) | Weekend +15% (Fri/Sat)"
2026-07-04,Saturday,60,301,Water View 301,water_view,319,369,630,83.1,75%,True,4th of July Celebrations; Black Boses Freedom Festival; Downtown Farmers Market,1.35,419.17,50.3,"60d out → rack rate | Events: 4th of July Celebrations, Black Boses Freedom Festival, Downtown Farmers Market (×1.35) | Weekend +15% (Fri/Sat)"
2026-07-04,Saturday,60,302,Water View 302,water_view,319,369,630,83.1,75%,True,4th of July Celebrations; Black Boses Freedom Festival; Downtown Farmers Market,1.35,419.17,50.3,"60d out → rack rate | Events: 4th of July Celebrations, Black Boses Freedom Festival, Downtown Farmers Market (×1.35) | Weekend +15% (Fri/Sat)"
2026-07-04,Saturday,60,303,Water View 303,water_view,329,369,640,83.4,75%,True,4th of July Celebrations; Black Boses Freedom Festival; Downtown Farmers Market,1.35,419.17,52.7,"60d out → rack rate | Events: 4th of July Celebrations, Black Boses Freedom Festival, Downtown Farmers Market (×1.35) | Weekend +15% (Fri/Sat)"
2026-07-04,Saturday,60,304,Water View 304,water_view,319,359,620,82.9,75%,True,4th of July Celebrations; Black Boses Freedom Festival; Downtown Farmers Market,1.35,419.17,47.9,"60d out → rack rate | Events: 4th of July Celebrations, Black Boses Freedom Festival, Downtown Farmers Market (×1.35) | Weekend +15% (Fri/Sat)"
2026-07-04,Saturday,60,305,Water View 305,water_view,329,369,640,83.4,75%,True,4th of July Celebrations; Black Boses Freedom Festival; Downtown Farmers Market,1.35,419.17,52.7,"60d out → rack rate | Events: 4th of July Celebrations, Black Boses Freedom Festival, Downtown Farmers Market (×1.35) | Weekend +15% (Fri/Sat)"
2026-07-04,Saturday,60,101,Garden Room 101,garden,269,299,520,83.1,75%,True,4th of July Celebrations; Black Boses Freedom Festival; Downtown Farmers Market,1.35,419.17,24.1,"60d out → rack rate | Events: 4th of July Celebrations, Black Boses Freedom Festival, Downtown Farmers Market (×1.35) | Weekend +15% (Fri/Sat)"
2026-07-04,Saturday,60,102,Garden Room 102,garden,269,299,520,83.1,75%,True,4th of July Celebrations; Black Boses Freedom Festival; Downtown Farmers Market,1.35,419.17,24.1,"60d out → rack rate | Events: 4th of July Celebrations, Black Boses Freedom Festival, Downtown Farmers Market (×1.35) | Weekend +15% (Fri/Sat)"
2026-07-04,Saturday,60,103,Garden Room 103,garden,279,299,530,83.4,75%,True,4th of July Celebrations; Black Boses Freedom Festival; Downtown Farmers Market,1.35,419.17,26.4,"60d out → rack rate | Events: 4th of July Celebrations, Black Boses Freedom Festival, Downtown Farmers Market (×1.35) | Weekend +15% (Fri/Sat)"
2026-07-04,Saturday,60,104,Garden Room 104,garden,269,289,510,82.8,75%,True,4th of July Celebrations; Black Boses Freedom Festival; Downtown Farmers Market,1.35,419.17,21.7,"60d out → rack rate | Events: 4th of July Celebrations, Black Boses Freedom Festival, Downtown Farmers Market (×1.35) | Weekend +15% (Fri/Sat)"
2026-07-04,Saturday,60,cottage,Private Cottage,cottage,489,549,950,83.0,75%,True,4th of July Celebrations; Black Boses Freedom Festival; Downtown Farmers Market,1.35,419.17,126.6,"60d out → rack rate | Events: 4th of July Celebrations, Black Boses Freedom Festival, Downtown Farmers Market (×1.35) | Weekend +15% (Fri/Sat)"
2026-07-05,Sunday,61,201,Waterfront 201,waterfront,389,459,675,59.2,75%,False,4th of July Celebrations; Black Boses Freedom Festival,1.35,420.83,60.4,"61d out → rack rate | Events: 4th of July Celebrations, Black Boses Freedom Festival (×1.35)"
2026-07-05,Sunday,61,202,Waterfront 202,waterfront,389,459,675,59.2,75%,False,4th of July Celebrations; Black Boses Freedom Festival,1.35,420.83,60.4,"61d out → rack rate | Events: 4th of July Celebrations, Black Boses Freedom Festival (×1.35)"
2026-07-05,Sunday,61,203,Waterfront 203,waterfront,399,459,685,59.7,75%,False,4th of July Celebrations; Black Boses Freedom Festival,1.35,420.83,62.8,"61d out → rack rate | Events: 4th of July Celebrations, Black Boses Freedom Festival (×1.35)"
2026-07-05,Sunday,61,204,Waterfront 204,waterfront,409,459,690,59.0,75%,False,4th of July Celebrations; Black Boses Freedom Festival,1.35,420.83,64.0,"61d out → rack rate | Events: 4th of July Celebrations, Black Boses Freedom Festival (×1.35)"
2026-07-05,Sunday,61,301,Water View 301,water_view,319,369,550,59.9,75%,False,4th of July Celebrations; Black Boses Freedom Festival,1.35,420.83,30.7,"61d out → rack rate | Events: 4th of July Celebrations, Black Boses Freedom Festival (×1.35)"
2026-07-05,Sunday,61,302,Water View 302,water_view,319,369,550,59.9,75%,False,4th of July Celebrations; Black Boses Freedom Festival,1.35,420.83,30.7,"61d out → rack rate | Events: 4th of July Celebrations, Black Boses Freedom Festival (×1.35)"
2026-07-05,Sunday,61,303,Water View 303,water_view,329,369,555,59.0,75%,False,4th of July Celebrations; Black Boses Freedom Festival,1.35,420.83,31.9,"61d out → rack rate | Events: 4th of July Celebrations, Black Boses Freedom Festival (×1.35)"
2026-07-05,Sunday,61,304,Water View 304,water_view,319,359,540,59.3,75%,False,4th of July Celebrations; Black Boses Freedom Festival,1.35,420.83,28.3,"61d out → rack rate | Events: 4th of July Celebrations, Black Boses Freedom Festival (×1.35)"
2026-07-05,Sunday,61,305,Water View 305,water_view,329,369,555,59.0,75%,False,4th of July Celebrations; Black Boses Freedom Festival,1.35,420.83,31.9,"61d out → rack rate | Events: 4th of July Celebrations, Black Boses Freedom Festival (×1.35)"
2026-07-05,Sunday,61,101,Garden Room 101,garden,269,299,450,58.5,75%,False,4th of July Celebrations; Black Boses Freedom Festival,1.35,420.83,6.9,"61d out → rack rate | Events: 4th of July Celebrations, Black Boses Freedom Festival (×1.35)"
2026-07-05,Sunday,61,102,Garden Room 102,garden,269,299,450,58.5,75%,False,4th of July Celebrations; Black Boses Freedom Festival,1.35,420.83,6.9,"61d out → rack rate | Events: 4th of July Celebrations, Black Boses Freedom Festival (×1.35)"
2026-07-05,Sunday,61,103,Garden Room 103,garden,279,299,460,59.2,75%,False,4th of July Celebrations; Black Boses Freedom Festival,1.35,420.83,9.3,"61d out → rack rate | Events: 4th of July Celebrations, Black Boses Freedom Festival (×1.35)"
2026-07-05,Sunday,61,104,Garden Room 104,garden,269,289,445,59.5,75%,False,4th of July Celebrations; Black Boses Freedom Festival,1.35,420.83,5.7,"61d out → rack rate | Events: 4th of July Celebrations, Black Boses Freedom Festival (×1.35)"
2026-07-05,Sunday,61,cottage,Private Cottage,cottage,489,549,825,59.0,75%,False,4th of July Celebrations; Black Boses Freedom Festival,1.35,420.83,96.0,"61d out → rack rate | Events: 4th of July Celebrations, Black Boses Freedom Festival (×1.35)"
2026-07-06,Monday,62,201,Waterfront 201,waterfront,389,459,675,59.2,75%,False,4th of July Celebrations; Black Boses Freedom Festival,1.35,415.0,62.7,"62d out → rack rate | Events: 4th of July Celebrations, Black Boses Freedom Festival (×1.35)"
2026-07-06,Monday,62,202,Waterfront 202,waterfront,389,459,675,59.2,75%,False,4th of July Celebrations; Black Boses Freedom Festival,1.35,415.0,62.7,"62d out → rack rate | Events: 4th of July Celebrations, Black Boses Freedom Festival (×1.35)"
2026-07-06,Monday,62,203,Waterfront 203,waterfront,399,459,685,59.7,75%,False,4th of July Celebrations; Black Boses Freedom Festival,1.35,415.0,65.1,"62d out → rack rate | Events: 4th of July Celebrations, Black Boses Freedom Festival (×1.35)"
2026-07-06,Monday,62,204,Waterfront 204,waterfront,409,459,690,59.0,75%,False,4th of July Celebrations; Black Boses Freedom Festival,1.35,415.0,66.3,"62d out → rack rate | Events: 4th of July Celebrations, Black Boses Freedom Festival (×1.35)"
2026-07-06,Monday,62,301,Water View 301,water_view,319,369,550,59.9,75%,False,4th of July Celebrations; Black Boses Freedom Festival,1.35,415.0,32.5,"62d out → rack rate | Events: 4th of July Celebrations, Black Boses Freedom Festival (×1.35)"
2026-07-06,Monday,62,302,Water View 302,water_view,319,369,550,59.9,75%,False,4th of July Celebrations; Black Boses Freedom Festival,1.35,415.0,32.5,"62d out → rack rate | Events: 4th of July Celebrations, Black Boses Freedom Festival (×1.35)"
2026-07-06,Monday,62,303,Water View 303,water_view,329,369,555,59.0,75%,False,4th of July Celebrations; Black Boses Freedom Festival,1.35,415.0,33.7,"62d out → rack rate | Events: 4th of July Celebrations, Black Boses Freedom Festival (×1.35)"
2026-07-06,Monday,62,304,Water View 304,water_view,319,359,540,59.3,75%,False,4th of July Celebrations; Black Boses Freedom Festival,1.35,415.0,30.1,"62d out → rack rate | Events: 4th of July Celebrations, Black Boses Freedom Festival (×1.35)"
2026-07-06,Monday,62,305,Water View 305,water_view,329,369,555,59.0,75%,False,4th of July Celebrations; Black Boses Freedom Festival,1.35,415.0,33.7,"62d out → rack rate | Events: 4th of July Celebrations, Black Boses Freedom Festival (×1.35)"
2026-07-06,Monday,62,101,Garden Room 101,garden,269,299,450,58.5,75%,False,4th of July Celebrations; Black Boses Freedom Festival,1.35,415.0,8.4,"62d out → rack rate | Events: 4th of July Celebrations, Black Boses Freedom Festival (×1.35)"
2026-07-06,Monday,62,102,Garden Room 102,garden,269,299,450,58.5,75%,False,4th of July Celebrations; Black Boses Freedom Festival,1.35,415.0,8.4,"62d out → rack rate | Events: 4th of July Celebrations, Black Boses Freedom Festival (×1.35)"
2026-07-06,Monday,62,103,Garden Room 103,garden,279,299,460,59.2,75%,False,4th of July Celebrations; Black Boses Freedom Festival,1.35,415.0,10.8,"62d out → rack rate | Events: 4th of July Celebrations, Black Boses Freedom Festival (×1.35)"
2026-07-06,Monday,62,104,Garden Room 104,garden,269,289,445,59.5,75%,False,4th of July Celebrations; Black Boses Freedom Festival,1.35,415.0,7.2,"62d out → rack rate | Events: 4th of July Celebrations, Black Boses Freedom Festival (×1.35)"
2026-07-06,Monday,62,cottage,Private Cottage,cottage,489,549,825,59.0,75%,False,4th of July Celebrations; Black Boses Freedom Festival,1.35,415.0,98.8,"62d out → rack rate | Events: 4th of July Celebrations, Black Boses Freedom Festival (×1.35)"
2026-07-07,Tuesday,63,201,Waterfront 201,waterfront,389,459,500,17.9,75%,False,,1.0,331.67,50.8,63d out → rack rate
2026-07-07,Tuesday,63,202,Waterfront 202,waterfront,389,459,500,17.9,75%,False,,1.0,331.67,50.8,63d out → rack rate
2026-07-07,Tuesday,63,203,Waterfront 203,waterfront,399,459,505,17.7,75%,False,,1.0,331.67,52.3,63d out → rack rate
2026-07-07,Tuesday,63,204,Waterfront 204,waterfront,409,459,510,17.5,75%,False,,1.0,331.67,53.8,63d out → rack rate
2026-07-07,Tuesday,63,301,Water View 301,water_view,319,369,405,17.7,75%,False,,1.0,331.67,22.1,63d out → rack rate
2026-07-07,Tuesday,63,302,Water View 302,water_view,319,369,405,17.7,75%,False,,1.0,331.67,22.1,63d out → rack rate
2026-07-07,Tuesday,63,303,Water View 303,water_view,329,369,410,17.5,75%,False,,1.0,331.67,23.6,63d out → rack rate
2026-07-07,Tuesday,63,304,Water View 304,water_view,319,359,400,18.0,75%,False,,1.0,331.67,20.6,63d out → rack rate
2026-07-07,Tuesday,63,305,Water View 305,water_view,329,369,410,17.5,75%,False,,1.0,331.67,23.6,63d out → rack rate
2026-07-07,Tuesday,63,101,Garden Room 101,garden,269,299,335,18.0,75%,False,,1.0,331.67,1.0,63d out → rack rate
2026-07-07,Tuesday,63,102,Garden Room 102,garden,269,299,335,18.0,75%,False,,1.0,331.67,1.0,63d out → rack rate
2026-07-07,Tuesday,63,103,Garden Room 103,garden,279,299,340,17.6,75%,False,,1.0,331.67,2.5,63d out → rack rate
2026-07-07,Tuesday,63,104,Garden Room 104,garden,269,289,330,18.3,75%,False,,1.0,331.67,-0.5,63d out → rack rate
2026-07-07,Tuesday,63,cottage,Private Cottage,cottage,489,549,610,17.5,75%,False,,1.0,331.67,83.9,63d out → rack rate
2026-07-08,Wednesday,64,201,Waterfront 201,waterfront,389,459,500,17.9,75%,False,,1.0,329.17,51.9,64d out → rack rate
2026-07-08,Wednesday,64,202,Waterfront 202,waterfront,389,459,500,17.9,75%,False,,1.0,329.17,51.9,64d out → rack rate
2026-07-08,Wednesday,64,203,Waterfront 203,waterfront,399,459,505,17.7,75%,False,,1.0,329.17,53.4,64d out → rack rate
2026-07-08,Wednesday,64,204,Waterfront 204,waterfront,409,459,510,17.5,75%,False,,1.0,329.17,54.9,64d out → rack rate
2026-07-08,Wednesday,64,301,Water View 301,water_view,319,369,405,17.7,75%,False,,1.0,329.17,23.0,64d out → rack rate
2026-07-08,Wednesday,64,302,Water View 302,water_view,319,369,405,17.7,75%,False,,1.0,329.17,23.0,64d out → rack rate
2026-07-08,Wednesday,64,303,Water View 303,water_view,329,369,410,17.5,75%,False,,1.0,329.17,24.6,64d out → rack rate
2026-07-08,Wednesday,64,304,Water View 304,water_view,319,359,400,18.0,75%,False,,1.0,329.17,21.5,64d out → rack rate
2026-07-08,Wednesday,64,305,Water View 305,water_view,329,369,410,17.5,75%,False,,1.0,329.17,24.6,64d out → rack rate
2026-07-08,Wednesday,64,101,Garden Room 101,garden,269,299,335,18.0,75%,False,,1.0,329.17,1.8,64d out → rack rate
2026-07-08,Wednesday,64,102,Garden Room 102,garden,269,299,335,18.0,75%,False,,1.0,329.17,1.8,64d out → rack rate
2026-07-08,Wednesday,64,103,Garden Room 103,garden,279,299,340,17.6,75%,False,,1.0,329.17,3.3,64d out → rack rate
2026-07-08,Wednesday,64,104,Garden Room 104,garden,269,289,330,18.3,75%,False,,1.0,329.17,0.3,64d out → rack rate
2026-07-08,Wednesday,64,cottage,Private Cottage,cottage,489,549,610,17.5,75%,False,,1.0,329.17,85.3,64d out → rack rate
2026-07-09,Thursday,65,201,Waterfront 201,waterfront,389,459,500,17.9,75%,False,,1.0,330.0,51.5,65d out → rack rate
2026-07-09,Thursday,65,202,Waterfront 202,waterfront,389,459,500,17.9,75%,False,,1.0,330.0,51.5,65d out → rack rate
2026-07-09,Thursday,65,203,Waterfront 203,waterfront,399,459,505,17.7,75%,False,,1.0,330.0,53.0,65d out → rack rate
2026-07-09,Thursday,65,204,Waterfront 204,waterfront,409,459,510,17.5,75%,False,,1.0,330.0,54.5,65d out → rack rate
2026-07-09,Thursday,65,301,Water View 301,water_view,319,369,405,17.7,75%,False,,1.0,330.0,22.7,65d out → rack rate
2026-07-09,Thursday,65,302,Water View 302,water_view,319,369,405,17.7,75%,False,,1.0,330.0,22.7,65d out → rack rate
2026-07-09,Thursday,65,303,Water View 303,water_view,329,369,410,17.5,75%,False,,1.0,330.0,24.2,65d out → rack rate
2026-07-09,Thursday,65,304,Water View 304,water_view,319,359,400,18.0,75%,False,,1.0,330.0,21.2,65d out → rack rate
2026-07-09,Thursday,65,305,Water View 305,water_view,329,369,410,17.5,75%,False,,1.0,330.0,24.2,65d out → rack rate
2026-07-09,Thursday,65,101,Garden Room 101,garden,269,299,335,18.0,75%,False,,1.0,330.0,1.5,65d out → rack rate
2026-07-09,Thursday,65,102,Garden Room 102,garden,269,299,335,18.0,75%,False,,1.0,330.0,1.5,65d out → rack rate
2026-07-09,Thursday,65,103,Garden Room 103,garden,279,299,340,17.6,75%,False,,1.0,330.0,3.0,65d out → rack rate
2026-07-09,Thursday,65,104,Garden Room 104,garden,269,289,330,18.3,75%,False,,1.0,330.0,0.0,65d out → rack rate
2026-07-09,Thursday,65,cottage,Private Cottage,cottage,489,549,610,17.5,75%,False,,1.0,330.0,84.8,65d out → rack rate
2026-07-10,Friday,66,201,Waterfront 201,waterfront,389,459,575,35.6,75%,True,,1.0,381.67,50.7,66d out → rack rate | Weekend +15% (Fri/Sat)
2026-07-10,Friday,66,202,Waterfront 202,waterfront,389,459,575,35.6,75%,True,,1.0,381.67,50.7,66d out → rack rate | Weekend +15% (Fri/Sat)
2026-07-10,Friday,66,203,Waterfront 203,waterfront,399,459,580,35.2,75%,True,,1.0,381.67,52.0,66d out → rack rate | Weekend +15% (Fri/Sat)
2026-07-10,Friday,66,204,Waterfront 204,waterfront,409,459,590,35.9,75%,True,,1.0,381.67,54.6,66d out → rack rate | Weekend +15% (Fri/Sat)
2026-07-10,Friday,66,301,Water View 301,water_view,319,369,465,35.2,75%,True,,1.0,381.67,21.8,66d out → rack rate | Weekend +15% (Fri/Sat)
2026-07-10,Friday,66,302,Water View 302,water_view,319,369,465,35.2,75%,True,,1.0,381.67,21.8,66d out → rack rate | Weekend +15% (Fri/Sat)
2026-07-10,Friday,66,303,Water View 303,water_view,329,369,475,36.1,75%,True,,1.0,381.67,24.5,66d out → rack rate | Weekend +15% (Fri/Sat)
2026-07-10,Friday,66,304,Water View 304,water_view,319,359,460,35.7,75%,True,,1.0,381.67,20.5,66d out → rack rate | Weekend +15% (Fri/Sat)
2026-07-10,Friday,66,305,Water View 305,water_view,329,369,475,36.1,75%,True,,1.0,381.67,24.5,66d out → rack rate | Weekend +15% (Fri/Sat)
2026-07-10,Friday,66,101,Garden Room 101,garden,269,299,385,35.6,75%,True,,1.0,381.67,0.9,66d out → rack rate | Weekend +15% (Fri/Sat)
2026-07-10,Friday,66,102,Garden Room 102,garden,269,299,385,35.6,75%,True,,1.0,381.67,0.9,66d out → rack rate | Weekend +15% (Fri/Sat)
2026-07-10,Friday,66,103,Garden Room 103,garden,279,299,390,34.9,75%,True,,1.0,381.67,2.2,66d out → rack rate | Weekend +15% (Fri/Sat)
2026-07-10,Friday,66,104,Garden Room 104,garden,269,289,380,36.2,75%,True,,1.0,381.67,-0.4,66d out → rack rate | Weekend +15% (Fri/Sat)
2026-07-10,Friday,66,cottage,Private Cottage,cottage,489,549,705,35.8,75%,True,,1.0,381.67,84.7,66d out → rack rate | Weekend +15% (Fri/Sat)
2026-07-11,Saturday,67,201,Waterfront 201,waterfront,389,459,620,46.2,75%,True,Downtown Farmers Market,1.08,383.33,61.7,67d out → rack rate | Events: Downtown Farmers Market (×1.08) | Weekend +15% (Fri/Sat)
2026-07-11,Saturday,67,202,Waterfront 202,waterfront,389,459,620,46.2,75%,True,Downtown Farmers Market,1.08,383.33,61.7,67d out → rack rate | Events: Downtown Farmers Market (×1.08) | Weekend +15% (Fri/Sat)
2026-07-11,Saturday,67,203,Waterfront 203,waterfront,399,459,630,46.9,75%,True,Downtown Farmers Market,1.08,383.33,64.3,67d out → rack rate | Events: Downtown Farmers Market (×1.08) | Weekend +15% (Fri/Sat)
2026-07-11,Saturday,67,204,Waterfront 204,waterfront,409,459,635,46.3,75%,True,Downtown Farmers Market,1.08,383.33,65.7,67d out → rack rate | Events: Downtown Farmers Market (×1.08) | Weekend +15% (Fri/Sat)
2026-07-11,Saturday,67,301,Water View 301,water_view,319,369,505,46.8,75%,True,Downtown Farmers Market,1.08,383.33,31.7,67d out → rack rate | Events: Downtown Farmers Market (×1.08) | Weekend +15% (Fri/Sat)
2026-07-11,Saturday,67,302,Water View 302,water_view,319,369,505,46.8,75%,True,Downtown Farmers Market,1.08,383.33,31.7,67d out → rack rate | Events: Downtown Farmers Market (×1.08) | Weekend +15% (Fri/Sat)
2026-07-11,Saturday,67,303,Water View 303,water_view,329,369,510,46.1,75%,True,Downtown Farmers Market,1.08,383.33,33.0,67d out → rack rate | Events: Downtown Farmers Market (×1.08) | Weekend +15% (Fri/Sat)
2026-07-11,Saturday,67,304,Water View 304,water_view,319,359,495,46.0,75%,True,Downtown Farmers Market,1.08,383.33,29.1,67d out → rack rate | Events: Downtown Farmers Market (×1.08) | Weekend +15% (Fri/Sat)
2026-07-11,Saturday,67,305,Water View 305,water_view,329,369,510,46.1,75%,True,Downtown Farmers Market,1.08,383.33,33.0,67d out → rack rate | Events: Downtown Farmers Market (×1.08) | Weekend +15% (Fri/Sat)
2026-07-11,Saturday,67,101,Garden Room 101,garden,269,299,415,46.1,75%,True,Downtown Farmers Market,1.08,383.33,8.3,67d out → rack rate | Events: Downtown Farmers Market (×1.08) | Weekend +15% (Fri/Sat)
2026-07-11,Saturday,67,102,Garden Room 102,garden,269,299,415,46.1,75%,True,Downtown Farmers Market,1.08,383.33,8.3,67d out → rack rate | Events: Downtown Farmers Market (×1.08) | Weekend +15% (Fri/Sat)
2026-07-11,Saturday,67,103,Garden Room 103,garden,279,299,425,47.1,75%,True,Downtown Farmers Market,1.08,383.33,10.9,67d out → rack rate | Events: Downtown Farmers Market (×1.08) | Weekend +15% (Fri/Sat)
2026-07-11,Saturday,67,104,Garden Room 104,garden,269,289,410,47.0,75%,True,Downtown Farmers Market,1.08,383.33,7.0,67d out → rack rate | Events: Downtown Farmers Market (×1.08) | Weekend +15% (Fri/Sat)
2026-07-11,Saturday,67,cottage,Private Cottage,cottage,489,549,760,46.4,75%,True,Downtown Farmers Market,1.08,383.33,98.3,67d out → rack rate | Events: Downtown Farmers Market (×1.08) | Weekend +15% (Fri/Sat)
2026-07-12,Sunday,68,201,Waterfront 201,waterfront,389,459,500,17.9,75%,False,,1.0,334.17,49.6,68d out → rack rate
2026-07-12,Sunday,68,202,Waterfront 202,waterfront,389,459,500,17.9,75%,False,,1.0,334.17,49.6,68d out → rack rate
2026-07-12,Sunday,68,203,Waterfront 203,waterfront,399,459,505,17.7,75%,False,,1.0,334.17,51.1,68d out → rack rate
2026-07-12,Sunday,68,204,Waterfront 204,waterfront,409,459,510,17.5,75%,False,,1.0,334.17,52.6,68d out → rack rate
2026-07-12,Sunday,68,301,Water View 301,water_view,319,369,405,17.7,75%,False,,1.0,334.17,21.2,68d out → rack rate
2026-07-12,Sunday,68,302,Water View 302,water_view,319,369,405,17.7,75%,False,,1.0,334.17,21.2,68d out → rack rate
2026-07-12,Sunday,68,303,Water View 303,water_view,329,369,410,17.5,75%,False,,1.0,334.17,22.7,68d out → rack rate
2026-07-12,Sunday,68,304,Water View 304,water_view,319,359,400,18.0,75%,False,,1.0,334.17,19.7,68d out → rack rate
2026-07-12,Sunday,68,305,Water View 305,water_view,329,369,410,17.5,75%,False,,1.0,334.17,22.7,68d out → rack rate
2026-07-12,Sunday,68,101,Garden Room 101,garden,269,299,335,18.0,75%,False,,1.0,334.17,0.2,68d out → rack rate
2026-07-12,Sunday,68,102,Garden Room 102,garden,269,299,335,18.0,75%,False,,1.0,334.17,0.2,68d out → rack rate
2026-07-12,Sunday,68,103,Garden Room 103,garden,279,299,340,17.6,75%,False,,1.0,334.17,1.7,68d out → rack rate
2026-07-12,Sunday,68,104,Garden Room 104,garden,269,289,330,18.3,75%,False,,1.0,334.17,-1.2,68d out → rack rate
2026-07-12,Sunday,68,cottage,Private Cottage,cottage,489,549,610,17.5,75%,False,,1.0,334.17,82.5,68d out → rack rate
2026-07-13,Monday,69,201,Waterfront 201,waterfront,389,459,500,17.9,75%,False,,1.0,336.67,48.5,69d out → rack rate
2026-07-13,Monday,69,202,Waterfront 202,waterfront,389,459,500,17.9,75%,False,,1.0,336.67,48.5,69d out → rack rate
2026-07-13,Monday,69,203,Waterfront 203,waterfront,399,459,505,17.7,75%,False,,1.0,336.67,50.0,69d out → rack rate
2026-07-13,Monday,69,204,Waterfront 204,waterfront,409,459,510,17.5,75%,False,,1.0,336.67,51.5,69d out → rack rate
2026-07-13,Monday,69,301,Water View 301,water_view,319,369,405,17.7,75%,False,,1.0,336.67,20.3,69d out → rack rate
2026-07-13,Monday,69,302,Water View 302,water_view,319,369,405,17.7,75%,False,,1.0,336.67,20.3,69d out → rack rate
2026-07-13,Monday,69,303,Water View 303,water_view,329,369,410,17.5,75%,False,,1.0,336.67,21.8,69d out → rack rate
2026-07-13,Monday,69,304,Water View 304,water_view,319,359,400,18.0,75%,False,,1.0,336.67,18.8,69d out → rack rate
2026-07-13,Monday,69,305,Water View 305,water_view,329,369,410,17.5,75%,False,,1.0,336.67,21.8,69d out → rack rate
2026-07-13,Monday,69,101,Garden Room 101,garden,269,299,335,18.0,75%,False,,1.0,336.67,-0.5,69d out → rack rate
2026-07-13,Monday,69,102,Garden Room 102,garden,269,299,335,18.0,75%,False,,1.0,336.67,-0.5,69d out → rack rate
2026-07-13,Monday,69,103,Garden Room 103,garden,279,299,340,17.6,75%,False,,1.0,336.67,1.0,69d out → rack rate
2026-07-13,Monday,69,104,Garden Room 104,garden,269,289,330,18.3,75%,False,,1.0,336.67,-2.0,69d out → rack rate
2026-07-13,Monday,69,cottage,Private Cottage,cottage,489,549,610,17.5,75%,False,,1.0,336.67,81.2,69d out → rack rate
2026-07-14,Tuesday,70,201,Waterfront 201,waterfront,389,459,500,17.9,75%,False,,1.0,337.5,48.1,70d out → rack rate
2026-07-14,Tuesday,70,202,Waterfront 202,waterfront,389,459,500,17.9,75%,False,,1.0,337.5,48.1,70d out → rack rate
2026-07-14,Tuesday,70,203,Waterfront 203,waterfront,399,459,505,17.7,75%,False,,1.0,337.5,49.6,70d out → rack rate
2026-07-14,Tuesday,70,204,Waterfront 204,waterfront,409,459,510,17.5,75%,False,,1.0,337.5,51.1,70d out → rack rate
2026-07-14,Tuesday,70,301,Water View 301,water_view,319,369,405,17.7,75%,False,,1.0,337.5,20.0,70d out → rack rate
2026-07-14,Tuesday,70,302,Water View 302,water_view,319,369,405,17.7,75%,False,,1.0,337.5,20.0,70d out → rack rate
2026-07-14,Tuesday,70,303,Water View 303,water_view,329,369,410,17.5,75%,False,,1.0,337.5,21.5,70d out → rack rate
2026-07-14,Tuesday,70,304,Water View 304,water_view,319,359,400,18.0,75%,False,,1.0,337.5,18.5,70d out → rack rate
2026-07-14,Tuesday,70,305,Water View 305,water_view,329,369,410,17.5,75%,False,,1.0,337.5,21.5,70d out → rack rate
2026-07-14,Tuesday,70,101,Garden Room 101,garden,269,299,335,18.0,75%,False,,1.0,337.5,-0.7,70d out → rack rate
2026-07-14,Tuesday,70,102,Garden Room 102,garden,269,299,335,18.0,75%,False,,1.0,337.5,-0.7,70d out → rack rate
2026-07-14,Tuesday,70,103,Garden Room 103,garden,279,299,340,17.6,75%,False,,1.0,337.5,0.7,70d out → rack rate
2026-07-14,Tuesday,70,104,Garden Room 104,garden,269,289,330,18.3,75%,False,,1.0,337.5,-2.2,70d out → rack rate
2026-07-14,Tuesday,70,cottage,Private Cottage,cottage,489,549,610,17.5,75%,False,,1.0,337.5,80.7,70d out → rack rate
2026-07-15,Wednesday,71,201,Waterfront 201,waterfront,389,459,575,35.6,75%,False,Annual Beaufort Water Festival,1.15,374.17,53.7,71d out → rack rate | Events: Annual Beaufort Water Festival (×1.15)
2026-07-15,Wednesday,71,202,Waterfront 202,waterfront,389,459,575,35.6,75%,False,Annual Beaufort Water Festival,1.15,374.17,53.7,71d out → rack rate | Events: Annual Beaufort Water Festival (×1.15)
2026-07-15,Wednesday,71,203,Waterfront 203,waterfront,399,459,580,35.2,75%,False,Annual Beaufort Water Festival,1.15,374.17,55.0,71d out → rack rate | Events: Annual Beaufort Water Festival (×1.15)
2026-07-15,Wednesday,71,204,Waterfront 204,waterfront,409,459,590,35.9,75%,False,Annual Beaufort Water Festival,1.15,374.17,57.7,71d out → rack rate | Events: Annual Beaufort Water Festival (×1.15)
2026-07-15,Wednesday,71,301,Water View 301,water_view,319,369,465,35.2,75%,False,Annual Beaufort Water Festival,1.15,374.17,24.3,71d out → rack rate | Events: Annual Beaufort Water Festival (×1.15)
2026-07-15,Wednesday,71,302,Water View 302,water_view,319,369,465,35.2,75%,False,Annual Beaufort Water Festival,1.15,374.17,24.3,71d out → rack rate | Events: Annual Beaufort Water Festival (×1.15)
2026-07-15,Wednesday,71,303,Water View 303,water_view,329,369,475,36.1,75%,False,Annual Beaufort Water Festival,1.15,374.17,26.9,71d out → rack rate | Events: Annual Beaufort Water Festival (×1.15)
2026-07-15,Wednesday,71,304,Water View 304,water_view,319,359,460,35.7,75%,False,Annual Beaufort Water Festival,1.15,374.17,22.9,71d out → rack rate | Events: Annual Beaufort Water Festival (×1.15)
2026-07-15,Wednesday,71,305,Water View 305,water_view,329,369,475,36.1,75%,False,Annual Beaufort Water Festival,1.15,374.17,26.9,71d out → rack rate | Events: Annual Beaufort Water Festival (×1.15)
2026-07-15,Wednesday,71,101,Garden Room 101,garden,269,299,385,35.6,75%,False,Annual Beaufort Water Festival,1.15,374.17,2.9,71d out → rack rate | Events: Annual Beaufort Water Festival (×1.15)
2026-07-15,Wednesday,71,102,Garden Room 102,garden,269,299,385,35.6,75%,False,Annual Beaufort Water Festival,1.15,374.17,2.9,71d out → rack rate | Events: Annual Beaufort Water Festival (×1.15)
2026-07-15,Wednesday,71,103,Garden Room 103,garden,279,299,390,34.9,75%,False,Annual Beaufort Water Festival,1.15,374.17,4.2,71d out → rack rate | Events: Annual Beaufort Water Festival (×1.15)
2026-07-15,Wednesday,71,104,Garden Room 104,garden,269,289,380,36.2,75%,False,Annual Beaufort Water Festival,1.15,374.17,1.6,71d out → rack rate | Events: Annual Beaufort Water Festival (×1.15)
2026-07-15,Wednesday,71,cottage,Private Cottage,cottage,489,549,705,35.8,75%,False,Annual Beaufort Water Festival,1.15,374.17,88.4,71d out → rack rate | Events: Annual Beaufort Water Festival (×1.15)
2026-07-16,Thursday,72,201,Waterfront 201,waterfront,389,459,575,35.6,75%,False,Annual Beaufort Water Festival,1.15,373.33,54.0,72d out → rack rate | Events: Annual Beaufort Water Festival (×1.15)
2026-07-16,Thursday,72,202,Waterfront 202,waterfront,389,459,575,35.6,75%,False,Annual Beaufort Water Festival,1.15,373.33,54.0,72d out → rack rate | Events: Annual Beaufort Water Festival (×1.15)
2026-07-16,Thursday,72,203,Waterfront 203,waterfront,399,459,580,35.2,75%,False,Annual Beaufort Water Festival,1.15,373.33,55.4,72d out → rack rate | Events: Annual Beaufort Water Festival (×1.15)
2026-07-16,Thursday,72,204,Waterfront 204,waterfront,409,459,590,35.9,75%,False,Annual Beaufort Water Festival,1.15,373.33,58.0,72d out → rack rate | Events: Annual Beaufort Water Festival (×1.15)
2026-07-16,Thursday,72,301,Water View 301,water_view,319,369,465,35.2,75%,False,Annual Beaufort Water Festival,1.15,373.33,24.6,72d out → rack rate | Events: Annual Beaufort Water Festival (×1.15)
2026-07-16,Thursday,72,302,Water View 302,water_view,319,369,465,35.2,75%,False,Annual Beaufort Water Festival,1.15,373.33,24.6,72d out → rack rate | Events: Annual Beaufort Water Festival (×1.15)
2026-07-16,Thursday,72,303,Water View 303,water_view,329,369,475,36.1,75%,False,Annual Beaufort Water Festival,1.15,373.33,27.2,72d out → rack rate | Events: Annual Beaufort Water Festival (×1.15)
2026-07-16,Thursday,72,304,Water View 304,water_view,319,359,460,35.7,75%,False,Annual Beaufort Water Festival,1.15,373.33,23.2,72d out → rack rate | Events: Annual Beaufort Water Festival (×1.15)
2026-07-16,Thursday,72,305,Water View 305,water_view,329,369,475,36.1,75%,False,Annual Beaufort Water Festival,1.15,373.33,27.2,72d out → rack rate | Events: Annual Beaufort Water Festival (×1.15)
2026-07-16,Thursday,72,101,Garden Room 101,garden,269,299,385,35.6,75%,False,Annual Beaufort Water Festival,1.15,373.33,3.1,72d out → rack rate | Events: Annual Beaufort Water Festival (×1.15)
2026-07-16,Thursday,72,102,Garden Room 102,garden,269,299,385,35.6,75%,False,Annual Beaufort Water Festival,1.15,373.33,3.1,72d out → rack rate | Events: Annual Beaufort Water Festival (×1.15)
2026-07-16,Thursday,72,103,Garden Room 103,garden,279,299,390,34.9,75%,False,Annual Beaufort Water Festival,1.15,373.33,4.5,72d out → rack rate | Events: Annual Beaufort Water Festival (×1.15)
2026-07-16,Thursday,72,104,Garden Room 104,garden,269,289,380,36.2,75%,False,Annual Beaufort Water Festival,1.15,373.33,1.8,72d out → rack rate | Events: Annual Beaufort Water Festival (×1.15)
2026-07-16,Thursday,72,cottage,Private Cottage,cottage,489,549,705,35.8,75%,False,Annual Beaufort Water Festival,1.15,373.33,88.8,72d out → rack rate | Events: Annual Beaufort Water Festival (×1.15)
2026-07-17,Friday,73,201,Waterfront 201,waterfront,389,459,690,62.7,75%,True,Annual Beaufort Water Festival; Parris Island USMC Graduation,1.2,385.0,79.2,"73d out → rack rate | Events: Annual Beaufort Water Festival, Parris Island USMC Graduation (×1.20) | Weekend +15% (Fri/Sat)"
2026-07-17,Friday,73,202,Waterfront 202,waterfront,389,459,690,62.7,75%,True,Annual Beaufort Water Festival; Parris Island USMC Graduation,1.2,385.0,79.2,"73d out → rack rate | Events: Annual Beaufort Water Festival, Parris Island USMC Graduation (×1.20) | Weekend +15% (Fri/Sat)"
2026-07-17,Friday,73,203,Waterfront 203,waterfront,399,459,700,63.2,75%,True,Annual Beaufort Water Festival; Parris Island USMC Graduation,1.2,385.0,81.8,"73d out → rack rate | Events: Annual Beaufort Water Festival, Parris Island USMC Graduation (×1.20) | Weekend +15% (Fri/Sat)"
2026-07-17,Friday,73,204,Waterfront 204,waterfront,409,459,705,62.4,75%,True,Annual Beaufort Water Festival; Parris Island USMC Graduation,1.2,385.0,83.1,"73d out → rack rate | Events: Annual Beaufort Water Festival, Parris Island USMC Graduation (×1.20) | Weekend +15% (Fri/Sat)"
2026-07-17,Friday,73,301,Water View 301,water_view,319,369,560,62.8,75%,True,Annual Beaufort Water Festival; Parris Island USMC Graduation,1.2,385.0,45.5,"73d out → rack rate | Events: Annual Beaufort Water Festival, Parris Island USMC Graduation (×1.20) | Weekend +15% (Fri/Sat)"
2026-07-17,Friday,73,302,Water View 302,water_view,319,369,560,62.8,75%,True,Annual Beaufort Water Festival; Parris Island USMC Graduation,1.2,385.0,45.5,"73d out → rack rate | Events: Annual Beaufort Water Festival, Parris Island USMC Graduation (×1.20) | Weekend +15% (Fri/Sat)"
2026-07-17,Friday,73,303,Water View 303,water_view,329,369,570,63.3,75%,True,Annual Beaufort Water Festival; Parris Island USMC Graduation,1.2,385.0,48.1,"73d out → rack rate | Events: Annual Beaufort Water Festival, Parris Island USMC Graduation (×1.20) | Weekend +15% (Fri/Sat)"
2026-07-17,Friday,73,304,Water View 304,water_view,319,359,550,62.2,75%,True,Annual Beaufort Water Festival; Parris Island USMC Graduation,1.2,385.0,42.9,"73d out → rack rate | Events: Annual Beaufort Water Festival, Parris Island USMC Graduation (×1.20) | Weekend +15% (Fri/Sat)"
2026-07-17,Friday,73,305,Water View 305,water_view,329,369,570,63.3,75%,True,Annual Beaufort Water Festival; Parris Island USMC Graduation,1.2,385.0,48.1,"73d out → rack rate | Events: Annual Beaufort Water Festival, Parris Island USMC Graduation (×1.20) | Weekend +15% (Fri/Sat)"
2026-07-17,Friday,73,101,Garden Room 101,garden,269,299,460,62.0,75%,True,Annual Beaufort Water Festival; Parris Island USMC Graduation,1.2,385.0,19.5,"73d out → rack rate | Events: Annual Beaufort Water Festival, Parris Island USMC Graduation (×1.20) | Weekend +15% (Fri/Sat)"
2026-07-17,Friday,73,102,Garden Room 102,garden,269,299,460,62.0,75%,True,Annual Beaufort Water Festival; Parris Island USMC Graduation,1.2,385.0,19.5,"73d out → rack rate | Events: Annual Beaufort Water Festival, Parris Island USMC Graduation (×1.20) | Weekend +15% (Fri/Sat)"
2026-07-17,Friday,73,103,Garden Room 103,garden,279,299,470,62.6,75%,True,Annual Beaufort Water Festival; Parris Island USMC Graduation,1.2,385.0,22.1,"73d out → rack rate | Events: Annual Beaufort Water Festival, Parris Island USMC Graduation (×1.20) | Weekend +15% (Fri/Sat)"
2026-07-17,Friday,73,104,Garden Room 104,garden,269,289,455,63.1,75%,True,Annual Beaufort Water Festival; Parris Island USMC Graduation,1.2,385.0,18.2,"73d out → rack rate | Events: Annual Beaufort Water Festival, Parris Island USMC Graduation (×1.20) | Weekend +15% (Fri/Sat)"
2026-07-17,Friday,73,cottage,Private Cottage,cottage,489,549,845,62.8,75%,True,Annual Beaufort Water Festival; Parris Island USMC Graduation,1.2,385.0,119.5,"73d out → rack rate | Events: Annual Beaufort Water Festival, Parris Island USMC Graduation (×1.20) | Weekend +15% (Fri/Sat)"
2026-07-18,Saturday,74,201,Waterfront 201,waterfront,389,459,750,76.9,75%,True,Annual Beaufort Water Festival; Downtown Farmers Market,1.3,407.5,84.0,"74d out → rack rate | Events: Annual Beaufort Water Festival, Downtown Farmers Market (×1.30) | Weekend +15% (Fri/Sat)"
2026-07-18,Saturday,74,202,Waterfront 202,waterfront,389,459,750,76.9,75%,True,Annual Beaufort Water Festival; Downtown Farmers Market,1.3,407.5,84.0,"74d out → rack rate | Events: Annual Beaufort Water Festival, Downtown Farmers Market (×1.30) | Weekend +15% (Fri/Sat)"
2026-07-18,Saturday,74,203,Waterfront 203,waterfront,399,459,755,76.0,75%,True,Annual Beaufort Water Festival; Downtown Farmers Market,1.3,407.5,85.3,"74d out → rack rate | Events: Annual Beaufort Water Festival, Downtown Farmers Market (×1.30) | Weekend +15% (Fri/Sat)"
2026-07-18,Saturday,74,204,Waterfront 204,waterfront,409,459,765,76.3,75%,True,Annual Beaufort Water Festival; Downtown Farmers Market,1.3,407.5,87.7,"74d out → rack rate | Events: Annual Beaufort Water Festival, Downtown Farmers Market (×1.30) | Weekend +15% (Fri/Sat)"
2026-07-18,Saturday,74,301,Water View 301,water_view,319,369,605,75.9,75%,True,Annual Beaufort Water Festival; Downtown Farmers Market,1.3,407.5,48.5,"74d out → rack rate | Events: Annual Beaufort Water Festival, Downtown Farmers Market (×1.30) | Weekend +15% (Fri/Sat)"
2026-07-18,Saturday,74,302,Water View 302,water_view,319,369,605,75.9,75%,True,Annual Beaufort Water Festival; Downtown Farmers Market,1.3,407.5,48.5,"74d out → rack rate | Events: Annual Beaufort Water Festival, Downtown Farmers Market (×1.30) | Weekend +15% (Fri/Sat)"
2026-07-18,Saturday,74,303,Water View 303,water_view,329,369,615,76.2,75%,True,Annual Beaufort Water Festival; Downtown Farmers Market,1.3,407.5,50.9,"74d out → rack rate | Events: Annual Beaufort Water Festival, Downtown Farmers Market (×1.30) | Weekend +15% (Fri/Sat)"
2026-07-18,Saturday,74,304,Water View 304,water_view,319,359,600,77.0,75%,True,Annual Beaufort Water Festival; Downtown Farmers Market,1.3,407.5,47.2,"74d out → rack rate | Events: Annual Beaufort Water Festival, Downtown Farmers Market (×1.30) | Weekend +15% (Fri/Sat)"
2026-07-18,Saturday,74,305,Water View 305,water_view,329,369,615,76.2,75%,True,Annual Beaufort Water Festival; Downtown Farmers Market,1.3,407.5,50.9,"74d out → rack rate | Events: Annual Beaufort Water Festival, Downtown Farmers Market (×1.30) | Weekend +15% (Fri/Sat)"
2026-07-18,Saturday,74,101,Garden Room 101,garden,269,299,500,76.1,75%,True,Annual Beaufort Water Festival; Downtown Farmers Market,1.3,407.5,22.7,"74d out → rack rate | Events: Annual Beaufort Water Festival, Downtown Farmers Market (×1.30) | Weekend +15% (Fri/Sat)"
2026-07-18,Saturday,74,102,Garden Room 102,garden,269,299,500,76.1,75%,True,Annual Beaufort Water Festival; Downtown Farmers Market,1.3,407.5,22.7,"74d out → rack rate | Events: Annual Beaufort Water Festival, Downtown Farmers Market (×1.30) | Weekend +15% (Fri/Sat)"
2026-07-18,Saturday,74,103,Garden Room 103,garden,279,299,510,76.5,75%,True,Annual Beaufort Water Festival; Downtown Farmers Market,1.3,407.5,25.2,"74d out → rack rate | Events: Annual Beaufort Water Festival, Downtown Farmers Market (×1.30) | Weekend +15% (Fri/Sat)"
2026-07-18,Saturday,74,104,Garden Room 104,garden,269,289,490,75.6,75%,True,Annual Beaufort Water Festival; Downtown Farmers Market,1.3,407.5,20.2,"74d out → rack rate | Events: Annual Beaufort Water Festival, Downtown Farmers Market (×1.30) | Weekend +15% (Fri/Sat)"
2026-07-18,Saturday,74,cottage,Private Cottage,cottage,489,549,915,76.3,75%,True,Annual Beaufort Water Festival; Downtown Farmers Market,1.3,407.5,124.5,"74d out → rack rate | Events: Annual Beaufort Water Festival, Downtown Farmers Market (×1.30) | Weekend +15% (Fri/Sat)"
2026-07-19,Sunday,75,201,Waterfront 201,waterfront,389,459,650,53.3,75%,False,Annual Beaufort Water Festival,1.3,409.17,58.9,75d out → rack rate | Events: Annual Beaufort Water Festival (×1.30)
2026-07-19,Sunday,75,202,Waterfront 202,waterfront,389,459,650,53.3,75%,False,Annual Beaufort Water Festival,1.3,409.17,58.9,75d out → rack rate | Events: Annual Beaufort Water Festival (×1.30)
2026-07-19,Sunday,75,203,Waterfront 203,waterfront,399,459,660,53.8,75%,False,Annual Beaufort Water Festival,1.3,409.17,61.3,75d out → rack rate | Events: Annual Beaufort Water Festival (×1.30)
2026-07-19,Sunday,75,204,Waterfront 204,waterfront,409,459,665,53.2,75%,False,Annual Beaufort Water Festival,1.3,409.17,62.5,75d out → rack rate | Events: Annual Beaufort Water Festival (×1.30)
2026-07-19,Sunday,75,301,Water View 301,water_view,319,369,530,54.1,75%,False,Annual Beaufort Water Festival,1.3,409.17,29.5,75d out → rack rate | Events: Annual Beaufort Water Festival (×1.30)
2026-07-19,Sunday,75,302,Water View 302,water_view,319,369,530,54.1,75%,False,Annual Beaufort Water Festival,1.3,409.17,29.5,75d out → rack rate | Events: Annual Beaufort Water Festival (×1.30)
2026-07-19,Sunday,75,303,Water View 303,water_view,329,369,535,53.3,75%,False,Annual Beaufort Water Festival,1.3,409.17,30.8,75d out → rack rate | Events: Annual Beaufort Water Festival (×1.30)
2026-07-19,Sunday,75,304,Water View 304,water_view,319,359,520,53.4,75%,False,Annual Beaufort Water Festival,1.3,409.17,27.1,75d out → rack rate | Events: Annual Beaufort Water Festival (×1.30)
2026-07-19,Sunday,75,305,Water View 305,water_view,329,369,535,53.3,75%,False,Annual Beaufort Water Festival,1.3,409.17,30.8,75d out → rack rate | Events: Annual Beaufort Water Festival (×1.30)
2026-07-19,Sunday,75,101,Garden Room 101,garden,269,299,435,53.2,75%,False,Annual Beaufort Water Festival,1.3,409.17,6.3,75d out → rack rate | Events: Annual Beaufort Water Festival (×1.30)
2026-07-19,Sunday,75,102,Garden Room 102,garden,269,299,435,53.2,75%,False,Annual Beaufort Water Festival,1.3,409.17,6.3,75d out → rack rate | Events: Annual Beaufort Water Festival (×1.30)
2026-07-19,Sunday,75,103,Garden Room 103,garden,279,299,445,54.0,75%,False,Annual Beaufort Water Festival,1.3,409.17,8.8,75d out → rack rate | Events: Annual Beaufort Water Festival (×1.30)
2026-07-19,Sunday,75,104,Garden Room 104,garden,269,289,430,54.1,75%,False,Annual Beaufort Water Festival,1.3,409.17,5.1,75d out → rack rate | Events: Annual Beaufort Water Festival (×1.30)
2026-07-19,Sunday,75,cottage,Private Cottage,cottage,489,549,795,53.2,75%,False,Annual Beaufort Water Festival,1.3,409.17,94.3,75d out → rack rate | Events: Annual Beaufort Water Festival (×1.30)
2026-07-20,Monday,76,201,Waterfront 201,waterfront,389,459,650,53.3,75%,False,Annual Beaufort Water Festival,1.3,403.33,61.2,76d out → rack rate | Events: Annual Beaufort Water Festival (×1.30)
2026-07-20,Monday,76,202,Waterfront 202,waterfront,389,459,650,53.3,75%,False,Annual Beaufort Water Festival,1.3,403.33,61.2,76d out → rack rate | Events: Annual Beaufort Water Festival (×1.30)
2026-07-20,Monday,76,203,Waterfront 203,waterfront,399,459,660,53.8,75%,False,Annual Beaufort Water Festival,1.3,403.33,63.6,76d out → rack rate | Events: Annual Beaufort Water Festival (×1.30)
2026-07-20,Monday,76,204,Waterfront 204,waterfront,409,459,665,53.2,75%,False,Annual Beaufort Water Festival,1.3,403.33,64.9,76d out → rack rate | Events: Annual Beaufort Water Festival (×1.30)
2026-07-20,Monday,76,301,Water View 301,water_view,319,369,530,54.1,75%,False,Annual Beaufort Water Festival,1.3,403.33,31.4,76d out → rack rate | Events: Annual Beaufort Water Festival (×1.30)
2026-07-20,Monday,76,302,Water View 302,water_view,319,369,530,54.1,75%,False,Annual Beaufort Water Festival,1.3,403.33,31.4,76d out → rack rate | Events: Annual Beaufort Water Festival (×1.30)
2026-07-20,Monday,76,303,Water View 303,water_view,329,369,535,53.3,75%,False,Annual Beaufort Water Festival,1.3,403.33,32.6,76d out → rack rate | Events: Annual Beaufort Water Festival (×1.30)
2026-07-20,Monday,76,304,Water View 304,water_view,319,359,520,53.4,75%,False,Annual Beaufort Water Festival,1.3,403.33,28.9,76d out → rack rate | Events: Annual Beaufort Water Festival (×1.30)
2026-07-20,Monday,76,305,Water View 305,water_view,329,369,535,53.3,75%,False,Annual Beaufort Water Festival,1.3,403.33,32.6,76d out → rack rate | Events: Annual Beaufort Water Festival (×1.30)
2026-07-20,Monday,76,101,Garden Room 101,garden,269,299,435,53.2,75%,False,Annual Beaufort Water Festival,1.3,403.33,7.9,76d out → rack rate | Events: Annual Beaufort Water Festival (×1.30)
2026-07-20,Monday,76,102,Garden Room 102,garden,269,299,435,53.2,75%,False,Annual Beaufort Water Festival,1.3,403.33,7.9,76d out → rack rate | Events: Annual Beaufort Water Festival (×1.30)
2026-07-20,Monday,76,103,Garden Room 103,garden,279,299,445,54.0,75%,False,Annual Beaufort Water Festival,1.3,403.33,10.3,76d out → rack rate | Events: Annual Beaufort Water Festival (×1.30)
2026-07-20,Monday,76,104,Garden Room 104,garden,269,289,430,54.1,75%,False,Annual Beaufort Water Festival,1.3,403.33,6.6,76d out → rack rate | Events: Annual Beaufort Water Festival (×1.30)
2026-07-20,Monday,76,cottage,Private Cottage,cottage,489,549,795,53.2,75%,False,Annual Beaufort Water Festival,1.3,403.33,97.1,76d out → rack rate | Events: Annual Beaufort Water Festival (×1.30)
2026-07-21,Tuesday,77,201,Waterfront 201,waterfront,389,459,650,53.3,75%,False,Annual Beaufort Water Festival,1.3,400.83,62.2,77d out → rack rate | Events: Annual Beaufort Water Festival (×1.30)
2026-07-21,Tuesday,77,202,Waterfront 202,waterfront,389,459,650,53.3,75%,False,Annual Beaufort Water Festival,1.3,400.83,62.2,77d out → rack rate | Events: Annual Beaufort Water Festival (×1.30)
2026-07-21,Tuesday,77,203,Waterfront 203,waterfront,399,459,660,53.8,75%,False,Annual Beaufort Water Festival,1.3,400.83,64.7,77d out → rack rate | Events: Annual Beaufort Water Festival (×1.30)
2026-07-21,Tuesday,77,204,Waterfront 204,waterfront,409,459,665,53.2,75%,False,Annual Beaufort Water Festival,1.3,400.83,65.9,77d out → rack rate | Events: Annual Beaufort Water Festival (×1.30)
2026-07-21,Tuesday,77,301,Water View 301,water_view,319,369,530,54.1,75%,False,Annual Beaufort Water Festival,1.3,400.83,32.2,77d out → rack rate | Events: Annual Beaufort Water Festival (×1.30)
2026-07-21,Tuesday,77,302,Water View 302,water_view,319,369,530,54.1,75%,False,Annual Beaufort Water Festival,1.3,400.83,32.2,77d out → rack rate | Events: Annual Beaufort Water Festival (×1.30)
2026-07-21,Tuesday,77,303,Water View 303,water_view,329,369,535,53.3,75%,False,Annual Beaufort Water Festival,1.3,400.83,33.5,77d out → rack rate | Events: Annual Beaufort Water Festival (×1.30)
2026-07-21,Tuesday,77,304,Water View 304,water_view,319,359,520,53.4,75%,False,Annual Beaufort Water Festival,1.3,400.83,29.7,77d out → rack rate | Events: Annual Beaufort Water Festival (×1.30)
2026-07-21,Tuesday,77,305,Water View 305,water_view,329,369,535,53.3,75%,False,Annual Beaufort Water Festival,1.3,400.83,33.5,77d out → rack rate | Events: Annual Beaufort Water Festival (×1.30)
2026-07-21,Tuesday,77,101,Garden Room 101,garden,269,299,435,53.2,75%,False,Annual Beaufort Water Festival,1.3,400.83,8.5,77d out → rack rate | Events: Annual Beaufort Water Festival (×1.30)
2026-07-21,Tuesday,77,102,Garden Room 102,garden,269,299,435,53.2,75%,False,Annual Beaufort Water Festival,1.3,400.83,8.5,77d out → rack rate | Events: Annual Beaufort Water Festival (×1.30)
2026-07-21,Tuesday,77,103,Garden Room 103,garden,279,299,445,54.0,75%,False,Annual Beaufort Water Festival,1.3,400.83,11.0,77d out → rack rate | Events: Annual Beaufort Water Festival (×1.30)
2026-07-21,Tuesday,77,104,Garden Room 104,garden,269,289,430,54.1,75%,False,Annual Beaufort Water Festival,1.3,400.83,7.3,77d out → rack rate | Events: Annual Beaufort Water Festival (×1.30)
2026-07-21,Tuesday,77,cottage,Private Cottage,cottage,489,549,795,53.2,75%,False,Annual Beaufort Water Festival,1.3,400.83,98.3,77d out → rack rate | Events: Annual Beaufort Water Festival (×1.30)
2026-07-22,Wednesday,78,201,Waterfront 201,waterfront,389,459,650,53.3,75%,False,Annual Beaufort Water Festival,1.3,396.67,63.9,78d out → rack rate | Events: Annual Beaufort Water Festival (×1.30)
2026-07-22,Wednesday,78,202,Waterfront 202,waterfront,389,459,650,53.3,75%,False,Annual Beaufort Water Festival,1.3,396.67,63.9,78d out → rack rate | Events: Annual Beaufort Water Festival (×1.30)
2026-07-22,Wednesday,78,203,Waterfront 203,waterfront,399,459,660,53.8,75%,False,Annual Beaufort Water Festival,1.3,396.67,66.4,78d out → rack rate | Events: Annual Beaufort Water Festival (×1.30)
2026-07-22,Wednesday,78,204,Waterfront 204,waterfront,409,459,665,53.2,75%,False,Annual Beaufort Water Festival,1.3,396.67,67.6,78d out → rack rate | Events: Annual Beaufort Water Festival (×1.30)
2026-07-22,Wednesday,78,301,Water View 301,water_view,319,369,530,54.1,75%,False,Annual Beaufort Water Festival,1.3,396.67,33.6,78d out → rack rate | Events: Annual Beaufort Water Festival (×1.30)
2026-07-22,Wednesday,78,302,Water View 302,water_view,319,369,530,54.1,75%,False,Annual Beaufort Water Festival,1.3,396.67,33.6,78d out → rack rate | Events: Annual Beaufort Water Festival (×1.30)
2026-07-22,Wednesday,78,303,Water View 303,water_view,329,369,535,53.3,75%,False,Annual Beaufort Water Festival,1.3,396.67,34.9,78d out → rack rate | Events: Annual Beaufort Water Festival (×1.30)
2026-07-22,Wednesday,78,304,Water View 304,water_view,319,359,520,53.4,75%,False,Annual Beaufort Water Festival,1.3,396.67,31.1,78d out → rack rate | Events: Annual Beaufort Water Festival (×1.30)
2026-07-22,Wednesday,78,305,Water View 305,water_view,329,369,535,53.3,75%,False,Annual Beaufort Water Festival,1.3,396.67,34.9,78d out → rack rate | Events: Annual Beaufort Water Festival (×1.30)
2026-07-22,Wednesday,78,101,Garden Room 101,garden,269,299,435,53.2,75%,False,Annual Beaufort Water Festival,1.3,396.67,9.7,78d out → rack rate | Events: Annual Beaufort Water Festival (×1.30)
2026-07-22,Wednesday,78,102,Garden Room 102,garden,269,299,435,53.2,75%,False,Annual Beaufort Water Festival,1.3,396.67,9.7,78d out → rack rate | Events: Annual Beaufort Water Festival (×1.30)
2026-07-22,Wednesday,78,103,Garden Room 103,garden,279,299,445,54.0,75%,False,Annual Beaufort Water Festival,1.3,396.67,12.2,78d out → rack rate | Events: Annual Beaufort Water Festival (×1.30)
2026-07-22,Wednesday,78,104,Garden Room 104,garden,269,289,430,54.1,75%,False,Annual Beaufort Water Festival,1.3,396.67,8.4,78d out → rack rate | Events: Annual Beaufort Water Festival (×1.30)
2026-07-22,Wednesday,78,cottage,Private Cottage,cottage,489,549,795,53.2,75%,False,Annual Beaufort Water Festival,1.3,396.67,100.4,78d out → rack rate | Events: Annual Beaufort Water Festival (×1.30)
2026-07-23,Thursday,79,201,Waterfront 201,waterfront,389,459,650,53.3,75%,False,Annual Beaufort Water Festival,1.3,399.17,62.8,79d out → rack rate | Events: Annual Beaufort Water Festival (×1.30)
2026-07-23,Thursday,79,202,Waterfront 202,waterfront,389,459,650,53.3,75%,False,Annual Beaufort Water Festival,1.3,399.17,62.8,79d out → rack rate | Events: Annual Beaufort Water Festival (×1.30)
2026-07-23,Thursday,79,203,Waterfront 203,waterfront,399,459,660,53.8,75%,False,Annual Beaufort Water Festival,1.3,399.17,65.3,79d out → rack rate | Events: Annual Beaufort Water Festival (×1.30)
2026-07-23,Thursday,79,204,Waterfront 204,waterfront,409,459,665,53.2,75%,False,Annual Beaufort Water Festival,1.3,399.17,66.6,79d out → rack rate | Events: Annual Beaufort Water Festival (×1.30)
2026-07-23,Thursday,79,301,Water View 301,water_view,319,369,530,54.1,75%,False,Annual Beaufort Water Festival,1.3,399.17,32.8,79d out → rack rate | Events: Annual Beaufort Water Festival (×1.30)
2026-07-23,Thursday,79,302,Water View 302,water_view,319,369,530,54.1,75%,False,Annual Beaufort Water Festival,1.3,399.17,32.8,79d out → rack rate | Events: Annual Beaufort Water Festival (×1.30)
2026-07-23,Thursday,79,303,Water View 303,water_view,329,369,535,53.3,75%,False,Annual Beaufort Water Festival,1.3,399.17,34.0,79d out → rack rate | Events: Annual Beaufort Water Festival (×1.30)
2026-07-23,Thursday,79,304,Water View 304,water_view,319,359,520,53.4,75%,False,Annual Beaufort Water Festival,1.3,399.17,30.3,79d out → rack rate | Events: Annual Beaufort Water Festival (×1.30)
2026-07-23,Thursday,79,305,Water View 305,water_view,329,369,535,53.3,75%,False,Annual Beaufort Water Festival,1.3,399.17,34.0,79d out → rack rate | Events: Annual Beaufort Water Festival (×1.30)
2026-07-23,Thursday,79,101,Garden Room 101,garden,269,299,435,53.2,75%,False,Annual Beaufort Water Festival,1.3,399.17,9.0,79d out → rack rate | Events: Annual Beaufort Water Festival (×1.30)
2026-07-23,Thursday,79,102,Garden Room 102,garden,269,299,435,53.2,75%,False,Annual Beaufort Water Festival,1.3,399.17,9.0,79d out → rack rate | Events: Annual Beaufort Water Festival (×1.30)
2026-07-23,Thursday,79,103,Garden Room 103,garden,279,299,445,54.0,75%,False,Annual Beaufort Water Festival,1.3,399.17,11.5,79d out → rack rate | Events: Annual Beaufort Water Festival (×1.30)
2026-07-23,Thursday,79,104,Garden Room 104,garden,269,289,430,54.1,75%,False,Annual Beaufort Water Festival,1.3,399.17,7.7,79d out → rack rate | Events: Annual Beaufort Water Festival (×1.30)
2026-07-23,Thursday,79,cottage,Private Cottage,cottage,489,549,795,53.2,75%,False,Annual Beaufort Water Festival,1.3,399.17,99.2,79d out → rack rate | Events: Annual Beaufort Water Festival (×1.30)
2026-07-24,Friday,80,201,Waterfront 201,waterfront,389,459,750,76.9,75%,True,Annual Beaufort Water Festival,1.3,401.67,86.7,80d out → rack rate | Events: Annual Beaufort Water Festival (×1.30) | Weekend +15% (Fri/Sat)
2026-07-24,Friday,80,202,Waterfront 202,waterfront,389,459,750,76.9,75%,True,Annual Beaufort Water Festival,1.3,401.67,86.7,80d out → rack rate | Events: Annual Beaufort Water Festival (×1.30) | Weekend +15% (Fri/Sat)
2026-07-24,Friday,80,203,Waterfront 203,waterfront,399,459,755,76.0,75%,True,Annual Beaufort Water Festival,1.3,401.67,88.0,80d out → rack rate | Events: Annual Beaufort Water Festival (×1.30) | Weekend +15% (Fri/Sat)
2026-07-24,Friday,80,204,Waterfront 204,waterfront,409,459,765,76.3,75%,True,Annual Beaufort Water Festival,1.3,401.67,90.5,80d out → rack rate | Events: Annual Beaufort Water Festival (×1.30) | Weekend +15% (Fri/Sat)
2026-07-24,Friday,80,301,Water View 301,water_view,319,369,605,75.9,75%,True,Annual Beaufort Water Festival,1.3,401.67,50.6,80d out → rack rate | Events: Annual Beaufort Water Festival (×1.30) | Weekend +15% (Fri/Sat)
2026-07-24,Friday,80,302,Water View 302,water_view,319,369,605,75.9,75%,True,Annual Beaufort Water Festival,1.3,401.67,50.6,80d out → rack rate | Events: Annual Beaufort Water Festival (×1.30) | Weekend +15% (Fri/Sat)
2026-07-24,Friday,80,303,Water View 303,water_view,329,369,615,76.2,75%,True,Annual Beaufort Water Festival,1.3,401.67,53.1,80d out → rack rate | Events: Annual Beaufort Water Festival (×1.30) | Weekend +15% (Fri/Sat)
2026-07-24,Friday,80,304,Water View 304,water_view,319,359,600,77.0,75%,True,Annual Beaufort Water Festival,1.3,401.67,49.4,80d out → rack rate | Events: Annual Beaufort Water Festival (×1.30) | Weekend +15% (Fri/Sat)
2026-07-24,Friday,80,305,Water View 305,water_view,329,369,615,76.2,75%,True,Annual Beaufort Water Festival,1.3,401.67,53.1,80d out → rack rate | Events: Annual Beaufort Water Festival (×1.30) | Weekend +15% (Fri/Sat)
2026-07-24,Friday,80,101,Garden Room 101,garden,269,299,500,76.1,75%,True,Annual Beaufort Water Festival,1.3,401.67,24.5,80d out → rack rate | Events: Annual Beaufort Water Festival (×1.30) | Weekend +15% (Fri/Sat)
2026-07-24,Friday,80,102,Garden Room 102,garden,269,299,500,76.1,75%,True,Annual Beaufort Water Festival,1.3,401.67,24.5,80d out → rack rate | Events: Annual Beaufort Water Festival (×1.30) | Weekend +15% (Fri/Sat)
2026-07-24,Friday,80,103,Garden Room 103,garden,279,299,510,76.5,75%,True,Annual Beaufort Water Festival,1.3,401.67,27.0,80d out → rack rate | Events: Annual Beaufort Water Festival (×1.30) | Weekend +15% (Fri/Sat)
2026-07-24,Friday,80,104,Garden Room 104,garden,269,289,490,75.6,75%,True,Annual Beaufort Water Festival,1.3,401.67,22.0,80d out → rack rate | Events: Annual Beaufort Water Festival (×1.30) | Weekend +15% (Fri/Sat)
2026-07-24,Friday,80,cottage,Private Cottage,cottage,489,549,915,76.3,75%,True,Annual Beaufort Water Festival,1.3,401.67,127.8,80d out → rack rate | Events: Annual Beaufort Water Festival (×1.30) | Weekend +15% (Fri/Sat)
2026-07-25,Saturday,81,201,Waterfront 201,waterfront,389,459,750,76.9,75%,True,Annual Beaufort Water Festival; Downtown Farmers Market,1.3,402.5,86.3,"81d out → rack rate | Events: Annual Beaufort Water Festival, Downtown Farmers Market (×1.30) | Weekend +15% (Fri/Sat)"
2026-07-25,Saturday,81,202,Waterfront 202,waterfront,389,459,750,76.9,75%,True,Annual Beaufort Water Festival; Downtown Farmers Market,1.3,402.5,86.3,"81d out → rack rate | Events: Annual Beaufort Water Festival, Downtown Farmers Market (×1.30) | Weekend +15% (Fri/Sat)"
2026-07-25,Saturday,81,203,Waterfront 203,waterfront,399,459,755,76.0,75%,True,Annual Beaufort Water Festival; Downtown Farmers Market,1.3,402.5,87.6,"81d out → rack rate | Events: Annual Beaufort Water Festival, Downtown Farmers Market (×1.30) | Weekend +15% (Fri/Sat)"
2026-07-25,Saturday,81,204,Waterfront 204,waterfront,409,459,765,76.3,75%,True,Annual Beaufort Water Festival; Downtown Farmers Market,1.3,402.5,90.1,"81d out → rack rate | Events: Annual Beaufort Water Festival, Downtown Farmers Market (×1.30) | Weekend +15% (Fri/Sat)"
2026-07-25,Saturday,81,301,Water View 301,water_view,319,369,605,75.9,75%,True,Annual Beaufort Water Festival; Downtown Farmers Market,1.3,402.5,50.3,"81d out → rack rate | Events: Annual Beaufort Water Festival, Downtown Farmers Market (×1.30) | Weekend +15% (Fri/Sat)"
2026-07-25,Saturday,81,302,Water View 302,water_view,319,369,605,75.9,75%,True,Annual Beaufort Water Festival; Downtown Farmers Market,1.3,402.5,50.3,"81d out → rack rate | Events: Annual Beaufort Water Festival, Downtown Farmers Market (×1.30) | Weekend +15% (Fri/Sat)"
2026-07-25,Saturday,81,303,Water View 303,water_view,329,369,615,76.2,75%,True,Annual Beaufort Water Festival; Downtown Farmers Market,1.3,402.5,52.8,"81d out → rack rate | Events: Annual Beaufort Water Festival, Downtown Farmers Market (×1.30) | Weekend +15% (Fri/Sat)"
2026-07-25,Saturday,81,304,Water View 304,water_view,319,359,600,77.0,75%,True,Annual Beaufort Water Festival; Downtown Farmers Market,1.3,402.5,49.1,"81d out → rack rate | Events: Annual Beaufort Water Festival, Downtown Farmers Market (×1.30) | Weekend +15% (Fri/Sat)"
2026-07-25,Saturday,81,305,Water View 305,water_view,329,369,615,76.2,75%,True,Annual Beaufort Water Festival; Downtown Farmers Market,1.3,402.5,52.8,"81d out → rack rate | Events: Annual Beaufort Water Festival, Downtown Farmers Market (×1.30) | Weekend +15% (Fri/Sat)"
2026-07-25,Saturday,81,101,Garden Room 101,garden,269,299,500,76.1,75%,True,Annual Beaufort Water Festival; Downtown Farmers Market,1.3,402.5,24.2,"81d out → rack rate | Events: Annual Beaufort Water Festival, Downtown Farmers Market (×1.30) | Weekend +15% (Fri/Sat)"
2026-07-25,Saturday,81,102,Garden Room 102,garden,269,299,500,76.1,75%,True,Annual Beaufort Water Festival; Downtown Farmers Market,1.3,402.5,24.2,"81d out → rack rate | Events: Annual Beaufort Water Festival, Downtown Farmers Market (×1.30) | Weekend +15% (Fri/Sat)"
2026-07-25,Saturday,81,103,Garden Room 103,garden,279,299,510,76.5,75%,True,Annual Beaufort Water Festival; Downtown Farmers Market,1.3,402.5,26.7,"81d out → rack rate | Events: Annual Beaufort Water Festival, Downtown Farmers Market (×1.30) | Weekend +15% (Fri/Sat)"
2026-07-25,Saturday,81,104,Garden Room 104,garden,269,289,490,75.6,75%,True,Annual Beaufort Water Festival; Downtown Farmers Market,1.3,402.5,21.7,"81d out → rack rate | Events: Annual Beaufort Water Festival, Downtown Farmers Market (×1.30) | Weekend +15% (Fri/Sat)"
2026-07-25,Saturday,81,cottage,Private Cottage,cottage,489,549,915,76.3,75%,True,Annual Beaufort Water Festival; Downtown Farmers Market,1.3,402.5,127.3,"81d out → rack rate | Events: Annual Beaufort Water Festival, Downtown Farmers Market (×1.30) | Weekend +15% (Fri/Sat)"
2026-07-26,Sunday,82,201,Waterfront 201,waterfront,389,459,650,53.3,75%,False,Annual Beaufort Water Festival,1.3,403.33,61.2,82d out → rack rate | Events: Annual Beaufort Water Festival (×1.30)
2026-07-26,Sunday,82,202,Waterfront 202,waterfront,389,459,650,53.3,75%,False,Annual Beaufort Water Festival,1.3,403.33,61.2,82d out → rack rate | Events: Annual Beaufort Water Festival (×1.30)
2026-07-26,Sunday,82,203,Waterfront 203,waterfront,399,459,660,53.8,75%,False,Annual Beaufort Water Festival,1.3,403.33,63.6,82d out → rack rate | Events: Annual Beaufort Water Festival (×1.30)
2026-07-26,Sunday,82,204,Waterfront 204,waterfront,409,459,665,53.2,75%,False,Annual Beaufort Water Festival,1.3,403.33,64.9,82d out → rack rate | Events: Annual Beaufort Water Festival (×1.30)
2026-07-26,Sunday,82,301,Water View 301,water_view,319,369,530,54.1,75%,False,Annual Beaufort Water Festival,1.3,403.33,31.4,82d out → rack rate | Events: Annual Beaufort Water Festival (×1.30)
2026-07-26,Sunday,82,302,Water View 302,water_view,319,369,530,54.1,75%,False,Annual Beaufort Water Festival,1.3,403.33,31.4,82d out → rack rate | Events: Annual Beaufort Water Festival (×1.30)
2026-07-26,Sunday,82,303,Water View 303,water_view,329,369,535,53.3,75%,False,Annual Beaufort Water Festival,1.3,403.33,32.6,82d out → rack rate | Events: Annual Beaufort Water Festival (×1.30)
2026-07-26,Sunday,82,304,Water View 304,water_view,319,359,520,53.4,75%,False,Annual Beaufort Water Festival,1.3,403.33,28.9,82d out → rack rate | Events: Annual Beaufort Water Festival (×1.30)
2026-07-26,Sunday,82,305,Water View 305,water_view,329,369,535,53.3,75%,False,Annual Beaufort Water Festival,1.3,403.33,32.6,82d out → rack rate | Events: Annual Beaufort Water Festival (×1.30)
2026-07-26,Sunday,82,101,Garden Room 101,garden,269,299,435,53.2,75%,False,Annual Beaufort Water Festival,1.3,403.33,7.9,82d out → rack rate | Events: Annual Beaufort Water Festival (×1.30)
2026-07-26,Sunday,82,102,Garden Room 102,garden,269,299,435,53.2,75%,False,Annual Beaufort Water Festival,1.3,403.33,7.9,82d out → rack rate | Events: Annual Beaufort Water Festival (×1.30)
2026-07-26,Sunday,82,103,Garden Room 103,garden,279,299,445,54.0,75%,False,Annual Beaufort Water Festival,1.3,403.33,10.3,82d out → rack rate | Events: Annual Beaufort Water Festival (×1.30)
2026-07-26,Sunday,82,104,Garden Room 104,garden,269,289,430,54.1,75%,False,Annual Beaufort Water Festival,1.3,403.33,6.6,82d out → rack rate | Events: Annual Beaufort Water Festival (×1.30)
2026-07-26,Sunday,82,cottage,Private Cottage,cottage,489,549,795,53.2,75%,False,Annual Beaufort Water Festival,1.3,403.33,97.1,82d out → rack rate | Events: Annual Beaufort Water Festival (×1.30)
2026-07-27,Monday,83,201,Waterfront 201,waterfront,389,459,650,53.3,75%,False,Annual Beaufort Water Festival,1.3,405.83,60.2,83d out → rack rate | Events: Annual Beaufort Water Festival (×1.30)
2026-07-27,Monday,83,202,Waterfront 202,waterfront,389,459,650,53.3,75%,False,Annual Beaufort Water Festival,1.3,405.83,60.2,83d out → rack rate | Events: Annual Beaufort Water Festival (×1.30)
2026-07-27,Monday,83,203,Waterfront 203,waterfront,399,459,660,53.8,75%,False,Annual Beaufort Water Festival,1.3,405.83,62.6,83d out → rack rate | Events: Annual Beaufort Water Festival (×1.30)
2026-07-27,Monday,83,204,Waterfront 204,waterfront,409,459,665,53.2,75%,False,Annual Beaufort Water Festival,1.3,405.83,63.9,83d out → rack rate | Events: Annual Beaufort Water Festival (×1.30)
2026-07-27,Monday,83,301,Water View 301,water_view,319,369,530,54.1,75%,False,Annual Beaufort Water Festival,1.3,405.83,30.6,83d out → rack rate | Events: Annual Beaufort Water Festival (×1.30)
2026-07-27,Monday,83,302,Water View 302,water_view,319,369,530,54.1,75%,False,Annual Beaufort Water Festival,1.3,405.83,30.6,83d out → rack rate | Events: Annual Beaufort Water Festival (×1.30)
2026-07-27,Monday,83,303,Water View 303,water_view,329,369,535,53.3,75%,False,Annual Beaufort Water Festival,1.3,405.83,31.8,83d out → rack rate | Events: Annual Beaufort Water Festival (×1.30)
2026-07-27,Monday,83,304,Water View 304,water_view,319,359,520,53.4,75%,False,Annual Beaufort Water Festival,1.3,405.83,28.1,83d out → rack rate | Events: Annual Beaufort Water Festival (×1.30)
2026-07-27,Monday,83,305,Water View 305,water_view,329,369,535,53.3,75%,False,Annual Beaufort Water Festival,1.3,405.83,31.8,83d out → rack rate | Events: Annual Beaufort Water Festival (×1.30)
2026-07-27,Monday,83,101,Garden Room 101,garden,269,299,435,53.2,75%,False,Annual Beaufort Water Festival,1.3,405.83,7.2,83d out → rack rate | Events: Annual Beaufort Water Festival (×1.30)
2026-07-27,Monday,83,102,Garden Room 102,garden,269,299,435,53.2,75%,False,Annual Beaufort Water Festival,1.3,405.83,7.2,83d out → rack rate | Events: Annual Beaufort Water Festival (×1.30)
2026-07-27,Monday,83,103,Garden Room 103,garden,279,299,445,54.0,75%,False,Annual Beaufort Water Festival,1.3,405.83,9.7,83d out → rack rate | Events: Annual Beaufort Water Festival (×1.30)
2026-07-27,Monday,83,104,Garden Room 104,garden,269,289,430,54.1,75%,False,Annual Beaufort Water Festival,1.3,405.83,6.0,83d out → rack rate | Events: Annual Beaufort Water Festival (×1.30)
2026-07-27,Monday,83,cottage,Private Cottage,cottage,489,549,795,53.2,75%,False,Annual Beaufort Water Festival,1.3,405.83,95.9,83d out → rack rate | Events: Annual Beaufort Water Festival (×1.30)
2026-07-28,Tuesday,84,201,Waterfront 201,waterfront,389,459,500,17.9,75%,False,,1.0,337.5,48.1,84d out → rack rate
2026-07-28,Tuesday,84,202,Waterfront 202,waterfront,389,459,500,17.9,75%,False,,1.0,337.5,48.1,84d out → rack rate
2026-07-28,Tuesday,84,203,Waterfront 203,waterfront,399,459,505,17.7,75%,False,,1.0,337.5,49.6,84d out → rack rate
2026-07-28,Tuesday,84,204,Waterfront 204,waterfront,409,459,510,17.5,75%,False,,1.0,337.5,51.1,84d out → rack rate
2026-07-28,Tuesday,84,301,Water View 301,water_view,319,369,405,17.7,75%,False,,1.0,337.5,20.0,84d out → rack rate
2026-07-28,Tuesday,84,302,Water View 302,water_view,319,369,405,17.7,75%,False,,1.0,337.5,20.0,84d out → rack rate
2026-07-28,Tuesday,84,303,Water View 303,water_view,329,369,410,17.5,75%,False,,1.0,337.5,21.5,84d out → rack rate
2026-07-28,Tuesday,84,304,Water View 304,water_view,319,359,400,18.0,75%,False,,1.0,337.5,18.5,84d out → rack rate
2026-07-28,Tuesday,84,305,Water View 305,water_view,329,369,410,17.5,75%,False,,1.0,337.5,21.5,84d out → rack rate
2026-07-28,Tuesday,84,101,Garden Room 101,garden,269,299,335,18.0,75%,False,,1.0,337.5,-0.7,84d out → rack rate
2026-07-28,Tuesday,84,102,Garden Room 102,garden,269,299,335,18.0,75%,False,,1.0,337.5,-0.7,84d out → rack rate
2026-07-28,Tuesday,84,103,Garden Room 103,garden,279,299,340,17.6,75%,False,,1.0,337.5,0.7,84d out → rack rate
2026-07-28,Tuesday,84,104,Garden Room 104,garden,269,289,330,18.3,75%,False,,1.0,337.5,-2.2,84d out → rack rate
2026-07-28,Tuesday,84,cottage,Private Cottage,cottage,489,549,610,17.5,75%,False,,1.0,337.5,80.7,84d out → rack rate
2026-07-29,Wednesday,85,201,Waterfront 201,waterfront,389,459,500,17.9,75%,False,,1.0,337.5,48.1,85d out → rack rate
2026-07-29,Wednesday,85,202,Waterfront 202,waterfront,389,459,500,17.9,75%,False,,1.0,337.5,48.1,85d out → rack rate
2026-07-29,Wednesday,85,203,Waterfront 203,waterfront,399,459,505,17.7,75%,False,,1.0,337.5,49.6,85d out → rack rate
2026-07-29,Wednesday,85,204,Waterfront 204,waterfront,409,459,510,17.5,75%,False,,1.0,337.5,51.1,85d out → rack rate
2026-07-29,Wednesday,85,301,Water View 301,water_view,319,369,405,17.7,75%,False,,1.0,337.5,20.0,85d out → rack rate
2026-07-29,Wednesday,85,302,Water View 302,water_view,319,369,405,17.7,75%,False,,1.0,337.5,20.0,85d out → rack rate
2026-07-29,Wednesday,85,303,Water View 303,water_view,329,369,410,17.5,75%,False,,1.0,337.5,21.5,85d out → rack rate
2026-07-29,Wednesday,85,304,Water View 304,water_view,319,359,400,18.0,75%,False,,1.0,337.5,18.5,85d out → rack rate
2026-07-29,Wednesday,85,305,Water View 305,water_view,329,369,410,17.5,75%,False,,1.0,337.5,21.5,85d out → rack rate
2026-07-29,Wednesday,85,101,Garden Room 101,garden,269,299,335,18.0,75%,False,,1.0,337.5,-0.7,85d out → rack rate
2026-07-29,Wednesday,85,102,Garden Room 102,garden,269,299,335,18.0,75%,False,,1.0,337.5,-0.7,85d out → rack rate
2026-07-29,Wednesday,85,103,Garden Room 103,garden,279,299,340,17.6,75%,False,,1.0,337.5,0.7,85d out → rack rate
2026-07-29,Wednesday,85,104,Garden Room 104,garden,269,289,330,18.3,75%,False,,1.0,337.5,-2.2,85d out → rack rate
2026-07-29,Wednesday,85,cottage,Private Cottage,cottage,489,549,610,17.5,75%,False,,1.0,337.5,80.7,85d out → rack rate
2026-07-30,Thursday,86,201,Waterfront 201,waterfront,389,459,500,17.9,75%,False,,1.0,338.33,47.8,86d out → rack rate
2026-07-30,Thursday,86,202,Waterfront 202,waterfront,389,459,500,17.9,75%,False,,1.0,338.33,47.8,86d out → rack rate
2026-07-30,Thursday,86,203,Waterfront 203,waterfront,399,459,505,17.7,75%,False,,1.0,338.33,49.3,86d out → rack rate
2026-07-30,Thursday,86,204,Waterfront 204,waterfront,409,459,510,17.5,75%,False,,1.0,338.33,50.7,86d out → rack rate
2026-07-30,Thursday,86,301,Water View 301,water_view,319,369,405,17.7,75%,False,,1.0,338.33,19.7,86d out → rack rate
2026-07-30,Thursday,86,302,Water View 302,water_view,319,369,405,17.7,75%,False,,1.0,338.33,19.7,86d out → rack rate
2026-07-30,Thursday,86,303,Water View 303,water_view,329,369,410,17.5,75%,False,,1.0,338.33,21.2,86d out → rack rate
2026-07-30,Thursday,86,304,Water View 304,water_view,319,359,400,18.0,75%,False,,1.0,338.33,18.2,86d out → rack rate
2026-07-30,Thursday,86,305,Water View 305,water_view,329,369,410,17.5,75%,False,,1.0,338.33,21.2,86d out → rack rate
2026-07-30,Thursday,86,101,Garden Room 101,garden,269,299,335,18.0,75%,False,,1.0,338.33,-1.0,86d out → rack rate
2026-07-30,Thursday,86,102,Garden Room 102,garden,269,299,335,18.0,75%,False,,1.0,338.33,-1.0,86d out → rack rate
2026-07-30,Thursday,86,103,Garden Room 103,garden,279,299,340,17.6,75%,False,,1.0,338.33,0.5,86d out → rack rate
2026-07-30,Thursday,86,104,Garden Room 104,garden,269,289,330,18.3,75%,False,,1.0,338.33,-2.5,86d out → rack rate
2026-07-30,Thursday,86,cottage,Private Cottage,cottage,489,549,610,17.5,75%,False,,1.0,338.33,80.3,86d out → rack rate
2026-07-31,Friday,87,201,Waterfront 201,waterfront,389,459,690,62.7,75%,True,Parris Island USMC Graduation,1.2,388.33,77.7,87d out → rack rate | Events: Parris Island USMC Graduation (×1.20) | Weekend +15% (Fri/Sat)
2026-07-31,Friday,87,202,Waterfront 202,waterfront,389,459,690,62.7,75%,True,Parris Island USMC Graduation,1.2,388.33,77.7,87d out → rack rate | Events: Parris Island USMC Graduation (×1.20) | Weekend +15% (Fri/Sat)
2026-07-31,Friday,87,203,Waterfront 203,waterfront,399,459,700,63.2,75%,True,Parris Island USMC Graduation,1.2,388.33,80.3,87d out → rack rate | Events: Parris Island USMC Graduation (×1.20) | Weekend +15% (Fri/Sat)
2026-07-31,Friday,87,204,Waterfront 204,waterfront,409,459,705,62.4,75%,True,Parris Island USMC Graduation,1.2,388.33,81.5,87d out → rack rate | Events: Parris Island USMC Graduation (×1.20) | Weekend +15% (Fri/Sat)
2026-07-31,Friday,87,301,Water View 301,water_view,319,369,560,62.8,75%,True,Parris Island USMC Graduation,1.2,388.33,44.2,87d out → rack rate | Events: Parris Island USMC Graduation (×1.20) | Weekend +15% (Fri/Sat)
2026-07-31,Friday,87,302,Water View 302,water_view,319,369,560,62.8,75%,True,Parris Island USMC Graduation,1.2,388.33,44.2,87d out → rack rate | Events: Parris Island USMC Graduation (×1.20) | Weekend +15% (Fri/Sat)
2026-07-31,Friday,87,303,Water View 303,water_view,329,369,570,63.3,75%,True,Parris Island USMC Graduation,1.2,388.33,46.8,87d out → rack rate | Events: Parris Island USMC Graduation (×1.20) | Weekend +15% (Fri/Sat)
2026-07-31,Friday,87,304,Water View 304,water_view,319,359,550,62.2,75%,True,Parris Island USMC Graduation,1.2,388.33,41.6,87d out → rack rate | Events: Parris Island USMC Graduation (×1.20) | Weekend +15% (Fri/Sat)
2026-07-31,Friday,87,305,Water View 305,water_view,329,369,570,63.3,75%,True,Parris Island USMC Graduation,1.2,388.33,46.8,87d out → rack rate | Events: Parris Island USMC Graduation (×1.20) | Weekend +15% (Fri/Sat)
2026-07-31,Friday,87,101,Garden Room 101,garden,269,299,460,62.0,75%,True,Parris Island USMC Graduation,1.2,388.33,18.5,87d out → rack rate | Events: Parris Island USMC Graduation (×1.20) | Weekend +15% (Fri/Sat)
2026-07-31,Friday,87,102,Garden Room 102,garden,269,299,460,62.0,75%,True,Parris Island USMC Graduation,1.2,388.33,18.5,87d out → rack rate | Events: Parris Island USMC Graduation (×1.20) | Weekend +15% (Fri/Sat)
2026-07-31,Friday,87,103,Garden Room 103,garden,279,299,470,62.6,75%,True,Parris Island USMC Graduation,1.2,388.33,21.0,87d out → rack rate | Events: Parris Island USMC Graduation (×1.20) | Weekend +15% (Fri/Sat)
2026-07-31,Friday,87,104,Garden Room 104,garden,269,289,455,63.1,75%,True,Parris Island USMC Graduation,1.2,388.33,17.2,87d out → rack rate | Events: Parris Island USMC Graduation (×1.20) | Weekend +15% (Fri/Sat)
2026-07-31,Friday,87,cottage,Private Cottage,cottage,489,549,845,62.8,75%,True,Parris Island USMC Graduation,1.2,388.33,117.6,87d out → rack rate | Events: Parris Island USMC Graduation (×1.20) | Weekend +15% (Fri/Sat)
2026-08-01,Saturday,88,201,Waterfront 201,waterfront,389,459,560,32.1,75%,True,Downtown Farmers Market,1.08,346.67,61.5,88d out → rack rate | Events: Downtown Farmers Market (×1.08) | Weekend +15% (Fri/Sat)
2026-08-01,Saturday,88,202,Waterfront 202,waterfront,389,459,560,32.1,75%,True,Downtown Farmers Market,1.08,346.67,61.5,88d out → rack rate | Events: Downtown Farmers Market (×1.08) | Weekend +15% (Fri/Sat)
2026-08-01,Saturday,88,203,Waterfront 203,waterfront,399,459,565,31.7,75%,True,Downtown Farmers Market,1.08,346.67,63.0,88d out → rack rate | Events: Downtown Farmers Market (×1.08) | Weekend +15% (Fri/Sat)
2026-08-01,Saturday,88,204,Waterfront 204,waterfront,409,459,570,31.3,75%,True,Downtown Farmers Market,1.08,346.67,64.4,88d out → rack rate | Events: Downtown Farmers Market (×1.08) | Weekend +15% (Fri/Sat)
2026-08-01,Saturday,88,301,Water View 301,water_view,319,369,455,32.3,75%,True,Downtown Farmers Market,1.08,346.67,31.2,88d out → rack rate | Events: Downtown Farmers Market (×1.08) | Weekend +15% (Fri/Sat)
2026-08-01,Saturday,88,302,Water View 302,water_view,319,369,455,32.3,75%,True,Downtown Farmers Market,1.08,346.67,31.2,88d out → rack rate | Events: Downtown Farmers Market (×1.08) | Weekend +15% (Fri/Sat)
2026-08-01,Saturday,88,303,Water View 303,water_view,329,369,460,31.8,75%,True,Downtown Farmers Market,1.08,346.67,32.7,88d out → rack rate | Events: Downtown Farmers Market (×1.08) | Weekend +15% (Fri/Sat)
2026-08-01,Saturday,88,304,Water View 304,water_view,319,359,445,31.3,75%,True,Downtown Farmers Market,1.08,346.67,28.4,88d out → rack rate | Events: Downtown Farmers Market (×1.08) | Weekend +15% (Fri/Sat)
2026-08-01,Saturday,88,305,Water View 305,water_view,329,369,460,31.8,75%,True,Downtown Farmers Market,1.08,346.67,32.7,88d out → rack rate | Events: Downtown Farmers Market (×1.08) | Weekend +15% (Fri/Sat)
2026-08-01,Saturday,88,101,Garden Room 101,garden,269,299,375,32.0,75%,True,Downtown Farmers Market,1.08,346.67,8.2,88d out → rack rate | Events: Downtown Farmers Market (×1.08) | Weekend +15% (Fri/Sat)
2026-08-01,Saturday,88,102,Garden Room 102,garden,269,299,375,32.0,75%,True,Downtown Farmers Market,1.08,346.67,8.2,88d out → rack rate | Events: Downtown Farmers Market (×1.08) | Weekend +15% (Fri/Sat)
2026-08-01,Saturday,88,103,Garden Room 103,garden,279,299,380,31.5,75%,True,Downtown Farmers Market,1.08,346.67,9.6,88d out → rack rate | Events: Downtown Farmers Market (×1.08) | Weekend +15% (Fri/Sat)
2026-08-01,Saturday,88,104,Garden Room 104,garden,269,289,365,30.8,75%,True,Downtown Farmers Market,1.08,346.67,5.3,88d out → rack rate | Events: Downtown Farmers Market (×1.08) | Weekend +15% (Fri/Sat)
2026-08-01,Saturday,88,cottage,Private Cottage,cottage,489,549,685,32.0,75%,True,Downtown Farmers Market,1.08,346.67,97.6,88d out → rack rate | Events: Downtown Farmers Market (×1.08) | Weekend +15% (Fri/Sat)
2026-08-02,Sunday,89,201,Waterfront 201,waterfront,389,459,450,6.1,75%,False,,1.0,302.5,48.8,89d out → rack rate
2026-08-02,Sunday,89,202,Waterfront 202,waterfront,389,459,450,6.1,75%,False,,1.0,302.5,48.8,89d out → rack rate
2026-08-02,Sunday,89,203,Waterfront 203,waterfront,399,459,455,6.1,75%,False,,1.0,302.5,50.4,89d out → rack rate
2026-08-02,Sunday,89,204,Waterfront 204,waterfront,409,459,460,6.0,75%,False,,1.0,302.5,52.1,89d out → rack rate
2026-08-02,Sunday,89,301,Water View 301,water_view,319,369,365,6.1,75%,False,,1.0,302.5,20.7,89d out → rack rate
2026-08-02,Sunday,89,302,Water View 302,water_view,319,369,365,6.1,75%,False,,1.0,302.5,20.7,89d out → rack rate
2026-08-02,Sunday,89,303,Water View 303,water_view,329,369,370,6.0,75%,False,,1.0,302.5,22.3,89d out → rack rate
2026-08-02,Sunday,89,304,Water View 304,water_view,319,359,360,6.2,75%,False,,1.0,302.5,19.0,89d out → rack rate
2026-08-02,Sunday,89,305,Water View 305,water_view,329,369,370,6.0,75%,False,,1.0,302.5,22.3,89d out → rack rate
2026-08-02,Sunday,89,101,Garden Room 101,garden,269,299,300,5.6,75%,False,,1.0,302.5,-0.8,89d out → rack rate
2026-08-02,Sunday,89,102,Garden Room 102,garden,269,299,300,5.6,75%,False,,1.0,302.5,-0.8,89d out → rack rate
2026-08-02,Sunday,89,103,Garden Room 103,garden,279,299,305,5.5,75%,False,,1.0,302.5,0.8,89d out → rack rate
2026-08-02,Sunday,89,104,Garden Room 104,garden,269,289,295,5.7,75%,False,,1.0,302.5,-2.5,89d out → rack rate
2026-08-02,Sunday,89,cottage,Private Cottage,cottage,489,549,550,6.0,75%,False,,1.0,302.5,81.8,89d out → rack rate
