date,day_of_week,days_out,room_id,room_name,tier,rack_low,rack_high,recommended_rate,rate_vs_rack_pct,occupancy_assumed,is_weekend,active_events,event_multiplier,competitor_avg,rate_vs_comp_pct,reasoning
2026-05-17,Sunday,0,201,Waterfront 201,waterfront,389,459,450,6.1,75%,False,,1.0,311.67,44.4,"Last-minute (0d), slight −3% to close"
2026-05-17,Sunday,0,202,Waterfront 202,waterfront,389,459,450,6.1,75%,False,,1.0,311.67,44.4,"Last-minute (0d), slight −3% to close"
2026-05-17,Sunday,0,203,Waterfront 203,waterfront,399,459,460,7.2,75%,False,,1.0,311.67,47.6,"Last-minute (0d), slight −3% to close"
2026-05-17,Sunday,0,204,Waterfront 204,waterfront,409,459,465,7.1,75%,False,,1.0,311.67,49.2,"Last-minute (0d), slight −3% to close"
2026-05-17,Sunday,0,301,Water View 301,water_view,319,369,365,6.1,75%,False,,1.0,311.67,17.1,"Last-minute (0d), slight −3% to close"
2026-05-17,Sunday,0,302,Water View 302,water_view,319,369,365,6.1,75%,False,,1.0,311.67,17.1,"Last-minute (0d), slight −3% to close"
2026-05-17,Sunday,0,303,Water View 303,water_view,329,369,370,6.0,75%,False,,1.0,311.67,18.7,"Last-minute (0d), slight −3% to close"
2026-05-17,Sunday,0,304,Water View 304,water_view,319,359,360,6.2,75%,False,,1.0,311.67,15.5,"Last-minute (0d), slight −3% to close"
2026-05-17,Sunday,0,305,Water View 305,water_view,329,369,370,6.0,75%,False,,1.0,311.67,18.7,"Last-minute (0d), slight −3% to close"
2026-05-17,Sunday,0,101,Garden Room 101,garden,269,299,305,7.4,75%,False,,1.0,311.67,-2.1,"Last-minute (0d), slight −3% to close"
2026-05-17,Sunday,0,102,Garden Room 102,garden,269,299,305,7.4,75%,False,,1.0,311.67,-2.1,"Last-minute (0d), slight −3% to close"
2026-05-17,Sunday,0,103,Garden Room 103,garden,279,299,310,7.3,75%,False,,1.0,311.67,-0.5,"Last-minute (0d), slight −3% to close"
2026-05-17,Sunday,0,104,Garden Room 104,garden,269,289,300,7.5,75%,False,,1.0,311.67,-3.7,"Last-minute (0d), slight −3% to close"
2026-05-17,Sunday,0,cottage,Private Cottage,cottage,489,549,555,6.9,75%,False,,1.0,311.67,78.1,"Last-minute (0d), slight −3% to close"
2026-05-18,Monday,1,201,Waterfront 201,waterfront,389,459,450,6.1,75%,False,,1.0,310.0,45.2,"Last-minute (1d), slight −3% to close"
2026-05-18,Monday,1,202,Waterfront 202,waterfront,389,459,450,6.1,75%,False,,1.0,310.0,45.2,"Last-minute (1d), slight −3% to close"
2026-05-18,Monday,1,203,Waterfront 203,waterfront,399,459,460,7.2,75%,False,,1.0,310.0,48.4,"Last-minute (1d), slight −3% to close"
2026-05-18,Monday,1,204,Waterfront 204,waterfront,409,459,465,7.1,75%,False,,1.0,310.0,50.0,"Last-minute (1d), slight −3% to close"
2026-05-18,Monday,1,301,Water View 301,water_view,319,369,365,6.1,75%,False,,1.0,310.0,17.7,"Last-minute (1d), slight −3% to close"
2026-05-18,Monday,1,302,Water View 302,water_view,319,369,365,6.1,75%,False,,1.0,310.0,17.7,"Last-minute (1d), slight −3% to close"
2026-05-18,Monday,1,303,Water View 303,water_view,329,369,370,6.0,75%,False,,1.0,310.0,19.4,"Last-minute (1d), slight −3% to close"
2026-05-18,Monday,1,304,Water View 304,water_view,319,359,360,6.2,75%,False,,1.0,310.0,16.1,"Last-minute (1d), slight −3% to close"
2026-05-18,Monday,1,305,Water View 305,water_view,329,369,370,6.0,75%,False,,1.0,310.0,19.4,"Last-minute (1d), slight −3% to close"
2026-05-18,Monday,1,101,Garden Room 101,garden,269,299,305,7.4,75%,False,,1.0,310.0,-1.6,"Last-minute (1d), slight −3% to close"
2026-05-18,Monday,1,102,Garden Room 102,garden,269,299,305,7.4,75%,False,,1.0,310.0,-1.6,"Last-minute (1d), slight −3% to close"
2026-05-18,Monday,1,103,Garden Room 103,garden,279,299,310,7.3,75%,False,,1.0,310.0,0.0,"Last-minute (1d), slight −3% to close"
2026-05-18,Monday,1,104,Garden Room 104,garden,269,289,300,7.5,75%,False,,1.0,310.0,-3.2,"Last-minute (1d), slight −3% to close"
2026-05-18,Monday,1,cottage,Private Cottage,cottage,489,549,555,6.9,75%,False,,1.0,310.0,79.0,"Last-minute (1d), slight −3% to close"
2026-05-19,Tuesday,2,201,Waterfront 201,waterfront,389,459,450,6.1,75%,False,,1.0,312.5,44.0,"Last-minute (2d), slight −3% to close"
2026-05-19,Tuesday,2,202,Waterfront 202,waterfront,389,459,450,6.1,75%,False,,1.0,312.5,44.0,"Last-minute (2d), slight −3% to close"
2026-05-19,Tuesday,2,203,Waterfront 203,waterfront,399,459,460,7.2,75%,False,,1.0,312.5,47.2,"Last-minute (2d), slight −3% to close"
2026-05-19,Tuesday,2,204,Waterfront 204,waterfront,409,459,465,7.1,75%,False,,1.0,312.5,48.8,"Last-minute (2d), slight −3% to close"
2026-05-19,Tuesday,2,301,Water View 301,water_view,319,369,365,6.1,75%,False,,1.0,312.5,16.8,"Last-minute (2d), slight −3% to close"
2026-05-19,Tuesday,2,302,Water View 302,water_view,319,369,365,6.1,75%,False,,1.0,312.5,16.8,"Last-minute (2d), slight −3% to close"
2026-05-19,Tuesday,2,303,Water View 303,water_view,329,369,370,6.0,75%,False,,1.0,312.5,18.4,"Last-minute (2d), slight −3% to close"
2026-05-19,Tuesday,2,304,Water View 304,water_view,319,359,360,6.2,75%,False,,1.0,312.5,15.2,"Last-minute (2d), slight −3% to close"
2026-05-19,Tuesday,2,305,Water View 305,water_view,329,369,370,6.0,75%,False,,1.0,312.5,18.4,"Last-minute (2d), slight −3% to close"
2026-05-19,Tuesday,2,101,Garden Room 101,garden,269,299,305,7.4,75%,False,,1.0,312.5,-2.4,"Last-minute (2d), slight −3% to close"
2026-05-19,Tuesday,2,102,Garden Room 102,garden,269,299,305,7.4,75%,False,,1.0,312.5,-2.4,"Last-minute (2d), slight −3% to close"
2026-05-19,Tuesday,2,103,Garden Room 103,garden,279,299,310,7.3,75%,False,,1.0,312.5,-0.8,"Last-minute (2d), slight −3% to close"
2026-05-19,Tuesday,2,104,Garden Room 104,garden,269,289,300,7.5,75%,False,,1.0,312.5,-4.0,"Last-minute (2d), slight −3% to close"
2026-05-19,Tuesday,2,cottage,Private Cottage,cottage,489,549,555,6.9,75%,False,,1.0,312.5,77.6,"Last-minute (2d), slight −3% to close"
2026-05-20,Wednesday,3,201,Waterfront 201,waterfront,389,459,550,29.7,75%,False,Original Gullah Festival,1.175,347.5,58.3,"3d out, occ 75% ≥ 65% → rack | Events: Original Gullah Festival (×1.18)"
2026-05-20,Wednesday,3,202,Waterfront 202,waterfront,389,459,550,29.7,75%,False,Original Gullah Festival,1.175,347.5,58.3,"3d out, occ 75% ≥ 65% → rack | Events: Original Gullah Festival (×1.18)"
2026-05-20,Wednesday,3,203,Waterfront 203,waterfront,399,459,555,29.4,75%,False,Original Gullah Festival,1.175,347.5,59.7,"3d out, occ 75% ≥ 65% → rack | Events: Original Gullah Festival (×1.18)"
2026-05-20,Wednesday,3,204,Waterfront 204,waterfront,409,459,560,29.0,75%,False,Original Gullah Festival,1.175,347.5,61.2,"3d out, occ 75% ≥ 65% → rack | Events: Original Gullah Festival (×1.18)"
2026-05-20,Wednesday,3,301,Water View 301,water_view,319,369,445,29.4,75%,False,Original Gullah Festival,1.175,347.5,28.1,"3d out, occ 75% ≥ 65% → rack | Events: Original Gullah Festival (×1.18)"
2026-05-20,Wednesday,3,302,Water View 302,water_view,319,369,445,29.4,75%,False,Original Gullah Festival,1.175,347.5,28.1,"3d out, occ 75% ≥ 65% → rack | Events: Original Gullah Festival (×1.18)"
2026-05-20,Wednesday,3,303,Water View 303,water_view,329,369,450,28.9,75%,False,Original Gullah Festival,1.175,347.5,29.5,"3d out, occ 75% ≥ 65% → rack | Events: Original Gullah Festival (×1.18)"
2026-05-20,Wednesday,3,304,Water View 304,water_view,319,359,440,29.8,75%,False,Original Gullah Festival,1.175,347.5,26.6,"3d out, occ 75% ≥ 65% → rack | Events: Original Gullah Festival (×1.18)"
2026-05-20,Wednesday,3,305,Water View 305,water_view,329,369,450,28.9,75%,False,Original Gullah Festival,1.175,347.5,29.5,"3d out, occ 75% ≥ 65% → rack | Events: Original Gullah Festival (×1.18)"
2026-05-20,Wednesday,3,101,Garden Room 101,garden,269,299,365,28.5,75%,False,Original Gullah Festival,1.175,347.5,5.0,"3d out, occ 75% ≥ 65% → rack | Events: Original Gullah Festival (×1.18)"
2026-05-20,Wednesday,3,102,Garden Room 102,garden,269,299,365,28.5,75%,False,Original Gullah Festival,1.175,347.5,5.0,"3d out, occ 75% ≥ 65% → rack | Events: Original Gullah Festival (×1.18)"
2026-05-20,Wednesday,3,103,Garden Room 103,garden,279,299,375,29.8,75%,False,Original Gullah Festival,1.175,347.5,7.9,"3d out, occ 75% ≥ 65% → rack | Events: Original Gullah Festival (×1.18)"
2026-05-20,Wednesday,3,104,Garden Room 104,garden,269,289,360,29.0,75%,False,Original Gullah Festival,1.175,347.5,3.6,"3d out, occ 75% ≥ 65% → rack | Events: Original Gullah Festival (×1.18)"
2026-05-20,Wednesday,3,cottage,Private Cottage,cottage,489,549,670,29.1,75%,False,Original Gullah Festival,1.175,347.5,92.8,"3d out, occ 75% ≥ 65% → rack | Events: Original Gullah Festival (×1.18)"
2026-05-21,Thursday,4,201,Waterfront 201,waterfront,389,459,550,29.7,75%,False,Original Gullah Festival,1.175,348.33,57.9,"4d out, occ 75% ≥ 65% → rack | Events: Original Gullah Festival (×1.18)"
2026-05-21,Thursday,4,202,Waterfront 202,waterfront,389,459,550,29.7,75%,False,Original Gullah Festival,1.175,348.33,57.9,"4d out, occ 75% ≥ 65% → rack | Events: Original Gullah Festival (×1.18)"
2026-05-21,Thursday,4,203,Waterfront 203,waterfront,399,459,555,29.4,75%,False,Original Gullah Festival,1.175,348.33,59.3,"4d out, occ 75% ≥ 65% → rack | Events: Original Gullah Festival (×1.18)"
2026-05-21,Thursday,4,204,Waterfront 204,waterfront,409,459,560,29.0,75%,False,Original Gullah Festival,1.175,348.33,60.8,"4d out, occ 75% ≥ 65% → rack | Events: Original Gullah Festival (×1.18)"
2026-05-21,Thursday,4,301,Water View 301,water_view,319,369,445,29.4,75%,False,Original Gullah Festival,1.175,348.33,27.8,"4d out, occ 75% ≥ 65% → rack | Events: Original Gullah Festival (×1.18)"
2026-05-21,Thursday,4,302,Water View 302,water_view,319,369,445,29.4,75%,False,Original Gullah Festival,1.175,348.33,27.8,"4d out, occ 75% ≥ 65% → rack | Events: Original Gullah Festival (×1.18)"
2026-05-21,Thursday,4,303,Water View 303,water_view,329,369,450,28.9,75%,False,Original Gullah Festival,1.175,348.33,29.2,"4d out, occ 75% ≥ 65% → rack | Events: Original Gullah Festival (×1.18)"
2026-05-21,Thursday,4,304,Water View 304,water_view,319,359,440,29.8,75%,False,Original Gullah Festival,1.175,348.33,26.3,"4d out, occ 75% ≥ 65% → rack | Events: Original Gullah Festival (×1.18)"
2026-05-21,Thursday,4,305,Water View 305,water_view,329,369,450,28.9,75%,False,Original Gullah Festival,1.175,348.33,29.2,"4d out, occ 75% ≥ 65% → rack | Events: Original Gullah Festival (×1.18)"
2026-05-21,Thursday,4,101,Garden Room 101,garden,269,299,365,28.5,75%,False,Original Gullah Festival,1.175,348.33,4.8,"4d out, occ 75% ≥ 65% → rack | Events: Original Gullah Festival (×1.18)"
2026-05-21,Thursday,4,102,Garden Room 102,garden,269,299,365,28.5,75%,False,Original Gullah Festival,1.175,348.33,4.8,"4d out, occ 75% ≥ 65% → rack | Events: Original Gullah Festival (×1.18)"
2026-05-21,Thursday,4,103,Garden Room 103,garden,279,299,375,29.8,75%,False,Original Gullah Festival,1.175,348.33,7.7,"4d out, occ 75% ≥ 65% → rack | Events: Original Gullah Festival (×1.18)"
2026-05-21,Thursday,4,104,Garden Room 104,garden,269,289,360,29.0,75%,False,Original Gullah Festival,1.175,348.33,3.3,"4d out, occ 75% ≥ 65% → rack | Events: Original Gullah Festival (×1.18)"
2026-05-21,Thursday,4,cottage,Private Cottage,cottage,489,549,670,29.1,75%,False,Original Gullah Festival,1.175,348.33,92.3,"4d out, occ 75% ≥ 65% → rack | Events: Original Gullah Festival (×1.18)"
2026-05-22,Friday,5,201,Waterfront 201,waterfront,389,459,645,52.1,75%,True,Original Gullah Festival; Parris Island USMC Graduation,1.2,359.17,79.6,"5d out, occ 75% ≥ 65% → rack | Events: Original Gullah Festival, Parris Island USMC Graduation (×1.20) | Weekend +15% (Fri/Sat)"
2026-05-22,Friday,5,202,Waterfront 202,waterfront,389,459,645,52.1,75%,True,Original Gullah Festival; Parris Island USMC Graduation,1.2,359.17,79.6,"5d out, occ 75% ≥ 65% → rack | Events: Original Gullah Festival, Parris Island USMC Graduation (×1.20) | Weekend +15% (Fri/Sat)"
2026-05-22,Friday,5,203,Waterfront 203,waterfront,399,459,650,51.5,75%,True,Original Gullah Festival; Parris Island USMC Graduation,1.2,359.17,81.0,"5d out, occ 75% ≥ 65% → rack | Events: Original Gullah Festival, Parris Island USMC Graduation (×1.20) | Weekend +15% (Fri/Sat)"
2026-05-22,Friday,5,204,Waterfront 204,waterfront,409,459,660,52.1,75%,True,Original Gullah Festival; Parris Island USMC Graduation,1.2,359.17,83.8,"5d out, occ 75% ≥ 65% → rack | Events: Original Gullah Festival, Parris Island USMC Graduation (×1.20) | Weekend +15% (Fri/Sat)"
2026-05-22,Friday,5,301,Water View 301,water_view,319,369,520,51.2,75%,True,Original Gullah Festival; Parris Island USMC Graduation,1.2,359.17,44.8,"5d out, occ 75% ≥ 65% → rack | Events: Original Gullah Festival, Parris Island USMC Graduation (×1.20) | Weekend +15% (Fri/Sat)"
2026-05-22,Friday,5,302,Water View 302,water_view,319,369,520,51.2,75%,True,Original Gullah Festival; Parris Island USMC Graduation,1.2,359.17,44.8,"5d out, occ 75% ≥ 65% → rack | Events: Original Gullah Festival, Parris Island USMC Graduation (×1.20) | Weekend +15% (Fri/Sat)"
2026-05-22,Friday,5,303,Water View 303,water_view,329,369,530,51.9,75%,True,Original Gullah Festival; Parris Island USMC Graduation,1.2,359.17,47.6,"5d out, occ 75% ≥ 65% → rack | Events: Original Gullah Festival, Parris Island USMC Graduation (×1.20) | Weekend +15% (Fri/Sat)"
2026-05-22,Friday,5,304,Water View 304,water_view,319,359,515,51.9,75%,True,Original Gullah Festival; Parris Island USMC Graduation,1.2,359.17,43.4,"5d out, occ 75% ≥ 65% → rack | Events: Original Gullah Festival, Parris Island USMC Graduation (×1.20) | Weekend +15% (Fri/Sat)"
2026-05-22,Friday,5,305,Water View 305,water_view,329,369,530,51.9,75%,True,Original Gullah Festival; Parris Island USMC Graduation,1.2,359.17,47.6,"5d out, occ 75% ≥ 65% → rack | Events: Original Gullah Festival, Parris Island USMC Graduation (×1.20) | Weekend +15% (Fri/Sat)"
2026-05-22,Friday,5,101,Garden Room 101,garden,269,299,430,51.4,75%,True,Original Gullah Festival; Parris Island USMC Graduation,1.2,359.17,19.7,"5d out, occ 75% ≥ 65% → rack | Events: Original Gullah Festival, Parris Island USMC Graduation (×1.20) | Weekend +15% (Fri/Sat)"
2026-05-22,Friday,5,102,Garden Room 102,garden,269,299,430,51.4,75%,True,Original Gullah Festival; Parris Island USMC Graduation,1.2,359.17,19.7,"5d out, occ 75% ≥ 65% → rack | Events: Original Gullah Festival, Parris Island USMC Graduation (×1.20) | Weekend +15% (Fri/Sat)"
2026-05-22,Friday,5,103,Garden Room 103,garden,279,299,440,52.2,75%,True,Original Gullah Festival; Parris Island USMC Graduation,1.2,359.17,22.5,"5d out, occ 75% ≥ 65% → rack | Events: Original Gullah Festival, Parris Island USMC Graduation (×1.20) | Weekend +15% (Fri/Sat)"
2026-05-22,Friday,5,104,Garden Room 104,garden,269,289,425,52.3,75%,True,Original Gullah Festival; Parris Island USMC Graduation,1.2,359.17,18.3,"5d out, occ 75% ≥ 65% → rack | Events: Original Gullah Festival, Parris Island USMC Graduation (×1.20) | Weekend +15% (Fri/Sat)"
2026-05-22,Friday,5,cottage,Private Cottage,cottage,489,549,790,52.2,75%,True,Original Gullah Festival; Parris Island USMC Graduation,1.2,359.17,120.0,"5d out, occ 75% ≥ 65% → rack | Events: Original Gullah Festival, Parris Island USMC Graduation (×1.20) | Weekend +15% (Fri/Sat)"
2026-05-23,Saturday,6,201,Waterfront 201,waterfront,389,459,725,71.0,75%,True,Original Gullah Festival; Downtown Farmers Market,1.35,390.0,85.9,"6d out, occ 75% ≥ 65% → rack | Events: Original Gullah Festival, Downtown Farmers Market (×1.35) | Weekend +15% (Fri/Sat)"
2026-05-23,Saturday,6,202,Waterfront 202,waterfront,389,459,725,71.0,75%,True,Original Gullah Festival; Downtown Farmers Market,1.35,390.0,85.9,"6d out, occ 75% ≥ 65% → rack | Events: Original Gullah Festival, Downtown Farmers Market (×1.35) | Weekend +15% (Fri/Sat)"
2026-05-23,Saturday,6,203,Waterfront 203,waterfront,399,459,735,71.3,75%,True,Original Gullah Festival; Downtown Farmers Market,1.35,390.0,88.5,"6d out, occ 75% ≥ 65% → rack | Events: Original Gullah Festival, Downtown Farmers Market (×1.35) | Weekend +15% (Fri/Sat)"
2026-05-23,Saturday,6,204,Waterfront 204,waterfront,409,459,740,70.5,75%,True,Original Gullah Festival; Downtown Farmers Market,1.35,390.0,89.7,"6d out, occ 75% ≥ 65% → rack | Events: Original Gullah Festival, Downtown Farmers Market (×1.35) | Weekend +15% (Fri/Sat)"
2026-05-23,Saturday,6,301,Water View 301,water_view,319,369,585,70.1,75%,True,Original Gullah Festival; Downtown Farmers Market,1.35,390.0,50.0,"6d out, occ 75% ≥ 65% → rack | Events: Original Gullah Festival, Downtown Farmers Market (×1.35) | Weekend +15% (Fri/Sat)"
2026-05-23,Saturday,6,302,Water View 302,water_view,319,369,585,70.1,75%,True,Original Gullah Festival; Downtown Farmers Market,1.35,390.0,50.0,"6d out, occ 75% ≥ 65% → rack | Events: Original Gullah Festival, Downtown Farmers Market (×1.35) | Weekend +15% (Fri/Sat)"
2026-05-23,Saturday,6,303,Water View 303,water_view,329,369,595,70.5,75%,True,Original Gullah Festival; Downtown Farmers Market,1.35,390.0,52.6,"6d out, occ 75% ≥ 65% → rack | Events: Original Gullah Festival, Downtown Farmers Market (×1.35) | Weekend +15% (Fri/Sat)"
2026-05-23,Saturday,6,304,Water View 304,water_view,319,359,580,71.1,75%,True,Original Gullah Festival; Downtown Farmers Market,1.35,390.0,48.7,"6d out, occ 75% ≥ 65% → rack | Events: Original Gullah Festival, Downtown Farmers Market (×1.35) | Weekend +15% (Fri/Sat)"
2026-05-23,Saturday,6,305,Water View 305,water_view,329,369,595,70.5,75%,True,Original Gullah Festival; Downtown Farmers Market,1.35,390.0,52.6,"6d out, occ 75% ≥ 65% → rack | Events: Original Gullah Festival, Downtown Farmers Market (×1.35) | Weekend +15% (Fri/Sat)"
2026-05-23,Saturday,6,101,Garden Room 101,garden,269,299,485,70.8,75%,True,Original Gullah Festival; Downtown Farmers Market,1.35,390.0,24.4,"6d out, occ 75% ≥ 65% → rack | Events: Original Gullah Festival, Downtown Farmers Market (×1.35) | Weekend +15% (Fri/Sat)"
2026-05-23,Saturday,6,102,Garden Room 102,garden,269,299,485,70.8,75%,True,Original Gullah Festival; Downtown Farmers Market,1.35,390.0,24.4,"6d out, occ 75% ≥ 65% → rack | Events: Original Gullah Festival, Downtown Farmers Market (×1.35) | Weekend +15% (Fri/Sat)"
2026-05-23,Saturday,6,103,Garden Room 103,garden,279,299,495,71.3,75%,True,Original Gullah Festival; Downtown Farmers Market,1.35,390.0,26.9,"6d out, occ 75% ≥ 65% → rack | Events: Original Gullah Festival, Downtown Farmers Market (×1.35) | Weekend +15% (Fri/Sat)"
2026-05-23,Saturday,6,104,Garden Room 104,garden,269,289,475,70.3,75%,True,Original Gullah Festival; Downtown Farmers Market,1.35,390.0,21.8,"6d out, occ 75% ≥ 65% → rack | Events: Original Gullah Festival, Downtown Farmers Market (×1.35) | Weekend +15% (Fri/Sat)"
2026-05-23,Saturday,6,cottage,Private Cottage,cottage,489,549,885,70.5,75%,True,Original Gullah Festival; Downtown Farmers Market,1.35,390.0,126.9,"6d out, occ 75% ≥ 65% → rack | Events: Original Gullah Festival, Downtown Farmers Market (×1.35) | Weekend +15% (Fri/Sat)"
2026-05-24,Sunday,7,201,Waterfront 201,waterfront,389,459,630,48.6,75%,False,Original Gullah Festival,1.35,388.33,62.2,"7d out, occ 75% ≥ 70% → rack | Events: Original Gullah Festival (×1.35)"
2026-05-24,Sunday,7,202,Waterfront 202,waterfront,389,459,630,48.6,75%,False,Original Gullah Festival,1.35,388.33,62.2,"7d out, occ 75% ≥ 70% → rack | Events: Original Gullah Festival (×1.35)"
2026-05-24,Sunday,7,203,Waterfront 203,waterfront,399,459,635,48.0,75%,False,Original Gullah Festival,1.35,388.33,63.5,"7d out, occ 75% ≥ 70% → rack | Events: Original Gullah Festival (×1.35)"
2026-05-24,Sunday,7,204,Waterfront 204,waterfront,409,459,645,48.6,75%,False,Original Gullah Festival,1.35,388.33,66.1,"7d out, occ 75% ≥ 70% → rack | Events: Original Gullah Festival (×1.35)"
2026-05-24,Sunday,7,301,Water View 301,water_view,319,369,510,48.3,75%,False,Original Gullah Festival,1.35,388.33,31.3,"7d out, occ 75% ≥ 70% → rack | Events: Original Gullah Festival (×1.35)"
2026-05-24,Sunday,7,302,Water View 302,water_view,319,369,510,48.3,75%,False,Original Gullah Festival,1.35,388.33,31.3,"7d out, occ 75% ≥ 70% → rack | Events: Original Gullah Festival (×1.35)"
2026-05-24,Sunday,7,303,Water View 303,water_view,329,369,520,49.0,75%,False,Original Gullah Festival,1.35,388.33,33.9,"7d out, occ 75% ≥ 70% → rack | Events: Original Gullah Festival (×1.35)"
2026-05-24,Sunday,7,304,Water View 304,water_view,319,359,505,49.0,75%,False,Original Gullah Festival,1.35,388.33,30.0,"7d out, occ 75% ≥ 70% → rack | Events: Original Gullah Festival (×1.35)"
2026-05-24,Sunday,7,305,Water View 305,water_view,329,369,520,49.0,75%,False,Original Gullah Festival,1.35,388.33,33.9,"7d out, occ 75% ≥ 70% → rack | Events: Original Gullah Festival (×1.35)"
2026-05-24,Sunday,7,101,Garden Room 101,garden,269,299,420,47.9,75%,False,Original Gullah Festival,1.35,388.33,8.2,"7d out, occ 75% ≥ 70% → rack | Events: Original Gullah Festival (×1.35)"
2026-05-24,Sunday,7,102,Garden Room 102,garden,269,299,420,47.9,75%,False,Original Gullah Festival,1.35,388.33,8.2,"7d out, occ 75% ≥ 70% → rack | Events: Original Gullah Festival (×1.35)"
2026-05-24,Sunday,7,103,Garden Room 103,garden,279,299,430,48.8,75%,False,Original Gullah Festival,1.35,388.33,10.7,"7d out, occ 75% ≥ 70% → rack | Events: Original Gullah Festival (×1.35)"
2026-05-24,Sunday,7,104,Garden Room 104,garden,269,289,415,48.7,75%,False,Original Gullah Festival,1.35,388.33,6.9,"7d out, occ 75% ≥ 70% → rack | Events: Original Gullah Festival (×1.35)"
2026-05-24,Sunday,7,cottage,Private Cottage,cottage,489,549,770,48.4,75%,False,Original Gullah Festival,1.35,388.33,98.3,"7d out, occ 75% ≥ 70% → rack | Events: Original Gullah Festival (×1.35)"
2026-05-25,Monday,8,201,Waterfront 201,waterfront,389,459,630,48.6,75%,False,Original Gullah Festival,1.35,387.5,62.6,"8d out, occ 75% ≥ 70% → rack | Events: Original Gullah Festival (×1.35)"
2026-05-25,Monday,8,202,Waterfront 202,waterfront,389,459,630,48.6,75%,False,Original Gullah Festival,1.35,387.5,62.6,"8d out, occ 75% ≥ 70% → rack | Events: Original Gullah Festival (×1.35)"
2026-05-25,Monday,8,203,Waterfront 203,waterfront,399,459,635,48.0,75%,False,Original Gullah Festival,1.35,387.5,63.9,"8d out, occ 75% ≥ 70% → rack | Events: Original Gullah Festival (×1.35)"
2026-05-25,Monday,8,204,Waterfront 204,waterfront,409,459,645,48.6,75%,False,Original Gullah Festival,1.35,387.5,66.5,"8d out, occ 75% ≥ 70% → rack | Events: Original Gullah Festival (×1.35)"
2026-05-25,Monday,8,301,Water View 301,water_view,319,369,510,48.3,75%,False,Original Gullah Festival,1.35,387.5,31.6,"8d out, occ 75% ≥ 70% → rack | Events: Original Gullah Festival (×1.35)"
2026-05-25,Monday,8,302,Water View 302,water_view,319,369,510,48.3,75%,False,Original Gullah Festival,1.35,387.5,31.6,"8d out, occ 75% ≥ 70% → rack | Events: Original Gullah Festival (×1.35)"
2026-05-25,Monday,8,303,Water View 303,water_view,329,369,520,49.0,75%,False,Original Gullah Festival,1.35,387.5,34.2,"8d out, occ 75% ≥ 70% → rack | Events: Original Gullah Festival (×1.35)"
2026-05-25,Monday,8,304,Water View 304,water_view,319,359,505,49.0,75%,False,Original Gullah Festival,1.35,387.5,30.3,"8d out, occ 75% ≥ 70% → rack | Events: Original Gullah Festival (×1.35)"
2026-05-25,Monday,8,305,Water View 305,water_view,329,369,520,49.0,75%,False,Original Gullah Festival,1.35,387.5,34.2,"8d out, occ 75% ≥ 70% → rack | Events: Original Gullah Festival (×1.35)"
2026-05-25,Monday,8,101,Garden Room 101,garden,269,299,420,47.9,75%,False,Original Gullah Festival,1.35,387.5,8.4,"8d out, occ 75% ≥ 70% → rack | Events: Original Gullah Festival (×1.35)"
2026-05-25,Monday,8,102,Garden Room 102,garden,269,299,420,47.9,75%,False,Original Gullah Festival,1.35,387.5,8.4,"8d out, occ 75% ≥ 70% → rack | Events: Original Gullah Festival (×1.35)"
2026-05-25,Monday,8,103,Garden Room 103,garden,279,299,430,48.8,75%,False,Original Gullah Festival,1.35,387.5,11.0,"8d out, occ 75% ≥ 70% → rack | Events: Original Gullah Festival (×1.35)"
2026-05-25,Monday,8,104,Garden Room 104,garden,269,289,415,48.7,75%,False,Original Gullah Festival,1.35,387.5,7.1,"8d out, occ 75% ≥ 70% → rack | Events: Original Gullah Festival (×1.35)"
2026-05-25,Monday,8,cottage,Private Cottage,cottage,489,549,770,48.4,75%,False,Original Gullah Festival,1.35,387.5,98.7,"8d out, occ 75% ≥ 70% → rack | Events: Original Gullah Festival (×1.35)"
2026-05-26,Tuesday,9,201,Waterfront 201,waterfront,389,459,630,48.6,75%,False,Original Gullah Festival,1.35,387.5,62.6,"9d out, occ 75% ≥ 70% → rack | Events: Original Gullah Festival (×1.35)"
2026-05-26,Tuesday,9,202,Waterfront 202,waterfront,389,459,630,48.6,75%,False,Original Gullah Festival,1.35,387.5,62.6,"9d out, occ 75% ≥ 70% → rack | Events: Original Gullah Festival (×1.35)"
2026-05-26,Tuesday,9,203,Waterfront 203,waterfront,399,459,635,48.0,75%,False,Original Gullah Festival,1.35,387.5,63.9,"9d out, occ 75% ≥ 70% → rack | Events: Original Gullah Festival (×1.35)"
2026-05-26,Tuesday,9,204,Waterfront 204,waterfront,409,459,645,48.6,75%,False,Original Gullah Festival,1.35,387.5,66.5,"9d out, occ 75% ≥ 70% → rack | Events: Original Gullah Festival (×1.35)"
2026-05-26,Tuesday,9,301,Water View 301,water_view,319,369,510,48.3,75%,False,Original Gullah Festival,1.35,387.5,31.6,"9d out, occ 75% ≥ 70% → rack | Events: Original Gullah Festival (×1.35)"
2026-05-26,Tuesday,9,302,Water View 302,water_view,319,369,510,48.3,75%,False,Original Gullah Festival,1.35,387.5,31.6,"9d out, occ 75% ≥ 70% → rack | Events: Original Gullah Festival (×1.35)"
2026-05-26,Tuesday,9,303,Water View 303,water_view,329,369,520,49.0,75%,False,Original Gullah Festival,1.35,387.5,34.2,"9d out, occ 75% ≥ 70% → rack | Events: Original Gullah Festival (×1.35)"
2026-05-26,Tuesday,9,304,Water View 304,water_view,319,359,505,49.0,75%,False,Original Gullah Festival,1.35,387.5,30.3,"9d out, occ 75% ≥ 70% → rack | Events: Original Gullah Festival (×1.35)"
2026-05-26,Tuesday,9,305,Water View 305,water_view,329,369,520,49.0,75%,False,Original Gullah Festival,1.35,387.5,34.2,"9d out, occ 75% ≥ 70% → rack | Events: Original Gullah Festival (×1.35)"
2026-05-26,Tuesday,9,101,Garden Room 101,garden,269,299,420,47.9,75%,False,Original Gullah Festival,1.35,387.5,8.4,"9d out, occ 75% ≥ 70% → rack | Events: Original Gullah Festival (×1.35)"
2026-05-26,Tuesday,9,102,Garden Room 102,garden,269,299,420,47.9,75%,False,Original Gullah Festival,1.35,387.5,8.4,"9d out, occ 75% ≥ 70% → rack | Events: Original Gullah Festival (×1.35)"
2026-05-26,Tuesday,9,103,Garden Room 103,garden,279,299,430,48.8,75%,False,Original Gullah Festival,1.35,387.5,11.0,"9d out, occ 75% ≥ 70% → rack | Events: Original Gullah Festival (×1.35)"
2026-05-26,Tuesday,9,104,Garden Room 104,garden,269,289,415,48.7,75%,False,Original Gullah Festival,1.35,387.5,7.1,"9d out, occ 75% ≥ 70% → rack | Events: Original Gullah Festival (×1.35)"
2026-05-26,Tuesday,9,cottage,Private Cottage,cottage,489,549,770,48.4,75%,False,Original Gullah Festival,1.35,387.5,98.7,"9d out, occ 75% ≥ 70% → rack | Events: Original Gullah Festival (×1.35)"
2026-05-27,Wednesday,10,201,Waterfront 201,waterfront,389,459,465,9.7,75%,False,,1.0,312.5,48.8,"10d out, occ 75% ≥ 70% → rack"
2026-05-27,Wednesday,10,202,Waterfront 202,waterfront,389,459,465,9.7,75%,False,,1.0,312.5,48.8,"10d out, occ 75% ≥ 70% → rack"
2026-05-27,Wednesday,10,203,Waterfront 203,waterfront,399,459,470,9.6,75%,False,,1.0,312.5,50.4,"10d out, occ 75% ≥ 70% → rack"
2026-05-27,Wednesday,10,204,Waterfront 204,waterfront,409,459,475,9.4,75%,False,,1.0,312.5,52.0,"10d out, occ 75% ≥ 70% → rack"
2026-05-27,Wednesday,10,301,Water View 301,water_view,319,369,380,10.5,75%,False,,1.0,312.5,21.6,"10d out, occ 75% ≥ 70% → rack"
2026-05-27,Wednesday,10,302,Water View 302,water_view,319,369,380,10.5,75%,False,,1.0,312.5,21.6,"10d out, occ 75% ≥ 70% → rack"
2026-05-27,Wednesday,10,303,Water View 303,water_view,329,369,385,10.3,75%,False,,1.0,312.5,23.2,"10d out, occ 75% ≥ 70% → rack"
2026-05-27,Wednesday,10,304,Water View 304,water_view,319,359,375,10.6,75%,False,,1.0,312.5,20.0,"10d out, occ 75% ≥ 70% → rack"
2026-05-27,Wednesday,10,305,Water View 305,water_view,329,369,385,10.3,75%,False,,1.0,312.5,23.2,"10d out, occ 75% ≥ 70% → rack"
2026-05-27,Wednesday,10,101,Garden Room 101,garden,269,299,310,9.2,75%,False,,1.0,312.5,-0.8,"10d out, occ 75% ≥ 70% → rack"
2026-05-27,Wednesday,10,102,Garden Room 102,garden,269,299,310,9.2,75%,False,,1.0,312.5,-0.8,"10d out, occ 75% ≥ 70% → rack"
2026-05-27,Wednesday,10,103,Garden Room 103,garden,279,299,320,10.7,75%,False,,1.0,312.5,2.4,"10d out, occ 75% ≥ 70% → rack"
2026-05-27,Wednesday,10,104,Garden Room 104,garden,269,289,305,9.3,75%,False,,1.0,312.5,-2.4,"10d out, occ 75% ≥ 70% → rack"
2026-05-27,Wednesday,10,cottage,Private Cottage,cottage,489,549,570,9.8,75%,False,,1.0,312.5,82.4,"10d out, occ 75% ≥ 70% → rack"
2026-05-28,Thursday,11,201,Waterfront 201,waterfront,389,459,465,9.7,75%,False,,1.0,310.83,49.6,"11d out, occ 75% ≥ 70% → rack"
2026-05-28,Thursday,11,202,Waterfront 202,waterfront,389,459,465,9.7,75%,False,,1.0,310.83,49.6,"11d out, occ 75% ≥ 70% → rack"
2026-05-28,Thursday,11,203,Waterfront 203,waterfront,399,459,470,9.6,75%,False,,1.0,310.83,51.2,"11d out, occ 75% ≥ 70% → rack"
2026-05-28,Thursday,11,204,Waterfront 204,waterfront,409,459,475,9.4,75%,False,,1.0,310.83,52.8,"11d out, occ 75% ≥ 70% → rack"
2026-05-28,Thursday,11,301,Water View 301,water_view,319,369,380,10.5,75%,False,,1.0,310.83,22.3,"11d out, occ 75% ≥ 70% → rack"
2026-05-28,Thursday,11,302,Water View 302,water_view,319,369,380,10.5,75%,False,,1.0,310.83,22.3,"11d out, occ 75% ≥ 70% → rack"
2026-05-28,Thursday,11,303,Water View 303,water_view,329,369,385,10.3,75%,False,,1.0,310.83,23.9,"11d out, occ 75% ≥ 70% → rack"
2026-05-28,Thursday,11,304,Water View 304,water_view,319,359,375,10.6,75%,False,,1.0,310.83,20.6,"11d out, occ 75% ≥ 70% → rack"
2026-05-28,Thursday,11,305,Water View 305,water_view,329,369,385,10.3,75%,False,,1.0,310.83,23.9,"11d out, occ 75% ≥ 70% → rack"
2026-05-28,Thursday,11,101,Garden Room 101,garden,269,299,310,9.2,75%,False,,1.0,310.83,-0.3,"11d out, occ 75% ≥ 70% → rack"
2026-05-28,Thursday,11,102,Garden Room 102,garden,269,299,310,9.2,75%,False,,1.0,310.83,-0.3,"11d out, occ 75% ≥ 70% → rack"
2026-05-28,Thursday,11,103,Garden Room 103,garden,279,299,320,10.7,75%,False,,1.0,310.83,2.9,"11d out, occ 75% ≥ 70% → rack"
2026-05-28,Thursday,11,104,Garden Room 104,garden,269,289,305,9.3,75%,False,,1.0,310.83,-1.9,"11d out, occ 75% ≥ 70% → rack"
2026-05-28,Thursday,11,cottage,Private Cottage,cottage,489,549,570,9.8,75%,False,,1.0,310.83,83.4,"11d out, occ 75% ≥ 70% → rack"
2026-05-29,Friday,12,201,Waterfront 201,waterfront,389,459,535,26.2,75%,True,,1.0,355.0,50.7,"12d out, occ 75% ≥ 70% → rack | Weekend +15% (Fri/Sat)"
2026-05-29,Friday,12,202,Waterfront 202,waterfront,389,459,535,26.2,75%,True,,1.0,355.0,50.7,"12d out, occ 75% ≥ 70% → rack | Weekend +15% (Fri/Sat)"
2026-05-29,Friday,12,203,Waterfront 203,waterfront,399,459,545,27.0,75%,True,,1.0,355.0,53.5,"12d out, occ 75% ≥ 70% → rack | Weekend +15% (Fri/Sat)"
2026-05-29,Friday,12,204,Waterfront 204,waterfront,409,459,550,26.7,75%,True,,1.0,355.0,54.9,"12d out, occ 75% ≥ 70% → rack | Weekend +15% (Fri/Sat)"
2026-05-29,Friday,12,301,Water View 301,water_view,319,369,435,26.5,75%,True,,1.0,355.0,22.5,"12d out, occ 75% ≥ 70% → rack | Weekend +15% (Fri/Sat)"
2026-05-29,Friday,12,302,Water View 302,water_view,319,369,435,26.5,75%,True,,1.0,355.0,22.5,"12d out, occ 75% ≥ 70% → rack | Weekend +15% (Fri/Sat)"
2026-05-29,Friday,12,303,Water View 303,water_view,329,369,440,26.1,75%,True,,1.0,355.0,23.9,"12d out, occ 75% ≥ 70% → rack | Weekend +15% (Fri/Sat)"
2026-05-29,Friday,12,304,Water View 304,water_view,319,359,430,26.8,75%,True,,1.0,355.0,21.1,"12d out, occ 75% ≥ 70% → rack | Weekend +15% (Fri/Sat)"
2026-05-29,Friday,12,305,Water View 305,water_view,329,369,440,26.1,75%,True,,1.0,355.0,23.9,"12d out, occ 75% ≥ 70% → rack | Weekend +15% (Fri/Sat)"
2026-05-29,Friday,12,101,Garden Room 101,garden,269,299,360,26.8,75%,True,,1.0,355.0,1.4,"12d out, occ 75% ≥ 70% → rack | Weekend +15% (Fri/Sat)"
2026-05-29,Friday,12,102,Garden Room 102,garden,269,299,360,26.8,75%,True,,1.0,355.0,1.4,"12d out, occ 75% ≥ 70% → rack | Weekend +15% (Fri/Sat)"
2026-05-29,Friday,12,103,Garden Room 103,garden,279,299,365,26.3,75%,True,,1.0,355.0,2.8,"12d out, occ 75% ≥ 70% → rack | Weekend +15% (Fri/Sat)"
2026-05-29,Friday,12,104,Garden Room 104,garden,269,289,355,27.2,75%,True,,1.0,355.0,0.0,"12d out, occ 75% ≥ 70% → rack | Weekend +15% (Fri/Sat)"
2026-05-29,Friday,12,cottage,Private Cottage,cottage,489,549,655,26.2,75%,True,,1.0,355.0,84.5,"12d out, occ 75% ≥ 70% → rack | Weekend +15% (Fri/Sat)"
2026-05-30,Saturday,13,201,Waterfront 201,waterfront,389,459,580,36.8,75%,True,Downtown Farmers Market,1.08,357.5,62.2,"13d out, occ 75% ≥ 70% → rack | Events: Downtown Farmers Market (×1.08) | Weekend +15% (Fri/Sat)"
2026-05-30,Saturday,13,202,Waterfront 202,waterfront,389,459,580,36.8,75%,True,Downtown Farmers Market,1.08,357.5,62.2,"13d out, occ 75% ≥ 70% → rack | Events: Downtown Farmers Market (×1.08) | Weekend +15% (Fri/Sat)"
2026-05-30,Saturday,13,203,Waterfront 203,waterfront,399,459,585,36.4,75%,True,Downtown Farmers Market,1.08,357.5,63.6,"13d out, occ 75% ≥ 70% → rack | Events: Downtown Farmers Market (×1.08) | Weekend +15% (Fri/Sat)"
2026-05-30,Saturday,13,204,Waterfront 204,waterfront,409,459,595,37.1,75%,True,Downtown Farmers Market,1.08,357.5,66.4,"13d out, occ 75% ≥ 70% → rack | Events: Downtown Farmers Market (×1.08) | Weekend +15% (Fri/Sat)"
2026-05-30,Saturday,13,301,Water View 301,water_view,319,369,470,36.6,75%,True,Downtown Farmers Market,1.08,357.5,31.5,"13d out, occ 75% ≥ 70% → rack | Events: Downtown Farmers Market (×1.08) | Weekend +15% (Fri/Sat)"
2026-05-30,Saturday,13,302,Water View 302,water_view,319,369,470,36.6,75%,True,Downtown Farmers Market,1.08,357.5,31.5,"13d out, occ 75% ≥ 70% → rack | Events: Downtown Farmers Market (×1.08) | Weekend +15% (Fri/Sat)"
2026-05-30,Saturday,13,303,Water View 303,water_view,329,369,475,36.1,75%,True,Downtown Farmers Market,1.08,357.5,32.9,"13d out, occ 75% ≥ 70% → rack | Events: Downtown Farmers Market (×1.08) | Weekend +15% (Fri/Sat)"
2026-05-30,Saturday,13,304,Water View 304,water_view,319,359,465,37.2,75%,True,Downtown Farmers Market,1.08,357.5,30.1,"13d out, occ 75% ≥ 70% → rack | Events: Downtown Farmers Market (×1.08) | Weekend +15% (Fri/Sat)"
2026-05-30,Saturday,13,305,Water View 305,water_view,329,369,475,36.1,75%,True,Downtown Farmers Market,1.08,357.5,32.9,"13d out, occ 75% ≥ 70% → rack | Events: Downtown Farmers Market (×1.08) | Weekend +15% (Fri/Sat)"
2026-05-30,Saturday,13,101,Garden Room 101,garden,269,299,390,37.3,75%,True,Downtown Farmers Market,1.08,357.5,9.1,"13d out, occ 75% ≥ 70% → rack | Events: Downtown Farmers Market (×1.08) | Weekend +15% (Fri/Sat)"
2026-05-30,Saturday,13,102,Garden Room 102,garden,269,299,390,37.3,75%,True,Downtown Farmers Market,1.08,357.5,9.1,"13d out, occ 75% ≥ 70% → rack | Events: Downtown Farmers Market (×1.08) | Weekend +15% (Fri/Sat)"
2026-05-30,Saturday,13,103,Garden Room 103,garden,279,299,395,36.7,75%,True,Downtown Farmers Market,1.08,357.5,10.5,"13d out, occ 75% ≥ 70% → rack | Events: Downtown Farmers Market (×1.08) | Weekend +15% (Fri/Sat)"
2026-05-30,Saturday,13,104,Garden Room 104,garden,269,289,380,36.2,75%,True,Downtown Farmers Market,1.08,357.5,6.3,"13d out, occ 75% ≥ 70% → rack | Events: Downtown Farmers Market (×1.08) | Weekend +15% (Fri/Sat)"
2026-05-30,Saturday,13,cottage,Private Cottage,cottage,489,549,710,36.8,75%,True,Downtown Farmers Market,1.08,357.5,98.6,"13d out, occ 75% ≥ 70% → rack | Events: Downtown Farmers Market (×1.08) | Weekend +15% (Fri/Sat)"
2026-05-31,Sunday,14,201,Waterfront 201,waterfront,389,459,465,9.7,75%,False,,1.0,311.67,49.2,"14d out, occ 75% ≥ 70% → rack"
2026-05-31,Sunday,14,202,Waterfront 202,waterfront,389,459,465,9.7,75%,False,,1.0,311.67,49.2,"14d out, occ 75% ≥ 70% → rack"
2026-05-31,Sunday,14,203,Waterfront 203,waterfront,399,459,470,9.6,75%,False,,1.0,311.67,50.8,"14d out, occ 75% ≥ 70% → rack"
2026-05-31,Sunday,14,204,Waterfront 204,waterfront,409,459,475,9.4,75%,False,,1.0,311.67,52.4,"14d out, occ 75% ≥ 70% → rack"
2026-05-31,Sunday,14,301,Water View 301,water_view,319,369,380,10.5,75%,False,,1.0,311.67,21.9,"14d out, occ 75% ≥ 70% → rack"
2026-05-31,Sunday,14,302,Water View 302,water_view,319,369,380,10.5,75%,False,,1.0,311.67,21.9,"14d out, occ 75% ≥ 70% → rack"
2026-05-31,Sunday,14,303,Water View 303,water_view,329,369,385,10.3,75%,False,,1.0,311.67,23.5,"14d out, occ 75% ≥ 70% → rack"
2026-05-31,Sunday,14,304,Water View 304,water_view,319,359,375,10.6,75%,False,,1.0,311.67,20.3,"14d out, occ 75% ≥ 70% → rack"
2026-05-31,Sunday,14,305,Water View 305,water_view,329,369,385,10.3,75%,False,,1.0,311.67,23.5,"14d out, occ 75% ≥ 70% → rack"
2026-05-31,Sunday,14,101,Garden Room 101,garden,269,299,310,9.2,75%,False,,1.0,311.67,-0.5,"14d out, occ 75% ≥ 70% → rack"
2026-05-31,Sunday,14,102,Garden Room 102,garden,269,299,310,9.2,75%,False,,1.0,311.67,-0.5,"14d out, occ 75% ≥ 70% → rack"
2026-05-31,Sunday,14,103,Garden Room 103,garden,279,299,320,10.7,75%,False,,1.0,311.67,2.7,"14d out, occ 75% ≥ 70% → rack"
2026-05-31,Sunday,14,104,Garden Room 104,garden,269,289,305,9.3,75%,False,,1.0,311.67,-2.1,"14d out, occ 75% ≥ 70% → rack"
2026-05-31,Sunday,14,cottage,Private Cottage,cottage,489,549,570,9.8,75%,False,,1.0,311.67,82.9,"14d out, occ 75% ≥ 70% → rack"
2026-06-01,Monday,15,201,Waterfront 201,waterfront,389,459,455,7.3,75%,False,,1.0,305.0,49.2,"15d out, occ 75% ≥ 70% → rack"
2026-06-01,Monday,15,202,Waterfront 202,waterfront,389,459,455,7.3,75%,False,,1.0,305.0,49.2,"15d out, occ 75% ≥ 70% → rack"
2026-06-01,Monday,15,203,Waterfront 203,waterfront,399,459,460,7.2,75%,False,,1.0,305.0,50.8,"15d out, occ 75% ≥ 70% → rack"
2026-06-01,Monday,15,204,Waterfront 204,waterfront,409,459,465,7.1,75%,False,,1.0,305.0,52.5,"15d out, occ 75% ≥ 70% → rack"
2026-06-01,Monday,15,301,Water View 301,water_view,319,369,370,7.6,75%,False,,1.0,305.0,21.3,"15d out, occ 75% ≥ 70% → rack"
2026-06-01,Monday,15,302,Water View 302,water_view,319,369,370,7.6,75%,False,,1.0,305.0,21.3,"15d out, occ 75% ≥ 70% → rack"
2026-06-01,Monday,15,303,Water View 303,water_view,329,369,375,7.4,75%,False,,1.0,305.0,23.0,"15d out, occ 75% ≥ 70% → rack"
2026-06-01,Monday,15,304,Water View 304,water_view,319,359,365,7.7,75%,False,,1.0,305.0,19.7,"15d out, occ 75% ≥ 70% → rack"
2026-06-01,Monday,15,305,Water View 305,water_view,329,369,375,7.4,75%,False,,1.0,305.0,23.0,"15d out, occ 75% ≥ 70% → rack"
2026-06-01,Monday,15,101,Garden Room 101,garden,269,299,305,7.4,75%,False,,1.0,305.0,0.0,"15d out, occ 75% ≥ 70% → rack"
2026-06-01,Monday,15,102,Garden Room 102,garden,269,299,305,7.4,75%,False,,1.0,305.0,0.0,"15d out, occ 75% ≥ 70% → rack"
2026-06-01,Monday,15,103,Garden Room 103,garden,279,299,310,7.3,75%,False,,1.0,305.0,1.6,"15d out, occ 75% ≥ 70% → rack"
2026-06-01,Monday,15,104,Garden Room 104,garden,269,289,300,7.5,75%,False,,1.0,305.0,-1.6,"15d out, occ 75% ≥ 70% → rack"
2026-06-01,Monday,15,cottage,Private Cottage,cottage,489,549,555,6.9,75%,False,,1.0,305.0,82.0,"15d out, occ 75% ≥ 70% → rack"
2026-06-02,Tuesday,16,201,Waterfront 201,waterfront,389,459,455,7.3,75%,False,,1.0,303.33,50.0,"16d out, occ 75% ≥ 70% → rack"
2026-06-02,Tuesday,16,202,Waterfront 202,waterfront,389,459,455,7.3,75%,False,,1.0,303.33,50.0,"16d out, occ 75% ≥ 70% → rack"
2026-06-02,Tuesday,16,203,Waterfront 203,waterfront,399,459,460,7.2,75%,False,,1.0,303.33,51.6,"16d out, occ 75% ≥ 70% → rack"
2026-06-02,Tuesday,16,204,Waterfront 204,waterfront,409,459,465,7.1,75%,False,,1.0,303.33,53.3,"16d out, occ 75% ≥ 70% → rack"
2026-06-02,Tuesday,16,301,Water View 301,water_view,319,369,370,7.6,75%,False,,1.0,303.33,22.0,"16d out, occ 75% ≥ 70% → rack"
2026-06-02,Tuesday,16,302,Water View 302,water_view,319,369,370,7.6,75%,False,,1.0,303.33,22.0,"16d out, occ 75% ≥ 70% → rack"
2026-06-02,Tuesday,16,303,Water View 303,water_view,329,369,375,7.4,75%,False,,1.0,303.33,23.6,"16d out, occ 75% ≥ 70% → rack"
2026-06-02,Tuesday,16,304,Water View 304,water_view,319,359,365,7.7,75%,False,,1.0,303.33,20.3,"16d out, occ 75% ≥ 70% → rack"
2026-06-02,Tuesday,16,305,Water View 305,water_view,329,369,375,7.4,75%,False,,1.0,303.33,23.6,"16d out, occ 75% ≥ 70% → rack"
2026-06-02,Tuesday,16,101,Garden Room 101,garden,269,299,305,7.4,75%,False,,1.0,303.33,0.5,"16d out, occ 75% ≥ 70% → rack"
2026-06-02,Tuesday,16,102,Garden Room 102,garden,269,299,305,7.4,75%,False,,1.0,303.33,0.5,"16d out, occ 75% ≥ 70% → rack"
2026-06-02,Tuesday,16,103,Garden Room 103,garden,279,299,310,7.3,75%,False,,1.0,303.33,2.2,"16d out, occ 75% ≥ 70% → rack"
2026-06-02,Tuesday,16,104,Garden Room 104,garden,269,289,300,7.5,75%,False,,1.0,303.33,-1.1,"16d out, occ 75% ≥ 70% → rack"
2026-06-02,Tuesday,16,cottage,Private Cottage,cottage,489,549,555,6.9,75%,False,,1.0,303.33,83.0,"16d out, occ 75% ≥ 70% → rack"
2026-06-03,Wednesday,17,201,Waterfront 201,waterfront,389,459,455,7.3,75%,False,,1.0,305.0,49.2,"17d out, occ 75% ≥ 70% → rack"
2026-06-03,Wednesday,17,202,Waterfront 202,waterfront,389,459,455,7.3,75%,False,,1.0,305.0,49.2,"17d out, occ 75% ≥ 70% → rack"
2026-06-03,Wednesday,17,203,Waterfront 203,waterfront,399,459,460,7.2,75%,False,,1.0,305.0,50.8,"17d out, occ 75% ≥ 70% → rack"
2026-06-03,Wednesday,17,204,Waterfront 204,waterfront,409,459,465,7.1,75%,False,,1.0,305.0,52.5,"17d out, occ 75% ≥ 70% → rack"
2026-06-03,Wednesday,17,301,Water View 301,water_view,319,369,370,7.6,75%,False,,1.0,305.0,21.3,"17d out, occ 75% ≥ 70% → rack"
2026-06-03,Wednesday,17,302,Water View 302,water_view,319,369,370,7.6,75%,False,,1.0,305.0,21.3,"17d out, occ 75% ≥ 70% → rack"
2026-06-03,Wednesday,17,303,Water View 303,water_view,329,369,375,7.4,75%,False,,1.0,305.0,23.0,"17d out, occ 75% ≥ 70% → rack"
2026-06-03,Wednesday,17,304,Water View 304,water_view,319,359,365,7.7,75%,False,,1.0,305.0,19.7,"17d out, occ 75% ≥ 70% → rack"
2026-06-03,Wednesday,17,305,Water View 305,water_view,329,369,375,7.4,75%,False,,1.0,305.0,23.0,"17d out, occ 75% ≥ 70% → rack"
2026-06-03,Wednesday,17,101,Garden Room 101,garden,269,299,305,7.4,75%,False,,1.0,305.0,0.0,"17d out, occ 75% ≥ 70% → rack"
2026-06-03,Wednesday,17,102,Garden Room 102,garden,269,299,305,7.4,75%,False,,1.0,305.0,0.0,"17d out, occ 75% ≥ 70% → rack"
2026-06-03,Wednesday,17,103,Garden Room 103,garden,279,299,310,7.3,75%,False,,1.0,305.0,1.6,"17d out, occ 75% ≥ 70% → rack"
2026-06-03,Wednesday,17,104,Garden Room 104,garden,269,289,300,7.5,75%,False,,1.0,305.0,-1.6,"17d out, occ 75% ≥ 70% → rack"
2026-06-03,Wednesday,17,cottage,Private Cottage,cottage,489,549,555,6.9,75%,False,,1.0,305.0,82.0,"17d out, occ 75% ≥ 70% → rack"
2026-06-04,Thursday,18,201,Waterfront 201,waterfront,389,459,455,7.3,75%,False,,1.0,301.67,50.8,"18d out, occ 75% ≥ 70% → rack"
2026-06-04,Thursday,18,202,Waterfront 202,waterfront,389,459,455,7.3,75%,False,,1.0,301.67,50.8,"18d out, occ 75% ≥ 70% → rack"
2026-06-04,Thursday,18,203,Waterfront 203,waterfront,399,459,460,7.2,75%,False,,1.0,301.67,52.5,"18d out, occ 75% ≥ 70% → rack"
2026-06-04,Thursday,18,204,Waterfront 204,waterfront,409,459,465,7.1,75%,False,,1.0,301.67,54.1,"18d out, occ 75% ≥ 70% → rack"
2026-06-04,Thursday,18,301,Water View 301,water_view,319,369,370,7.6,75%,False,,1.0,301.67,22.7,"18d out, occ 75% ≥ 70% → rack"
2026-06-04,Thursday,18,302,Water View 302,water_view,319,369,370,7.6,75%,False,,1.0,301.67,22.7,"18d out, occ 75% ≥ 70% → rack"
2026-06-04,Thursday,18,303,Water View 303,water_view,329,369,375,7.4,75%,False,,1.0,301.67,24.3,"18d out, occ 75% ≥ 70% → rack"
2026-06-04,Thursday,18,304,Water View 304,water_view,319,359,365,7.7,75%,False,,1.0,301.67,21.0,"18d out, occ 75% ≥ 70% → rack"
2026-06-04,Thursday,18,305,Water View 305,water_view,329,369,375,7.4,75%,False,,1.0,301.67,24.3,"18d out, occ 75% ≥ 70% → rack"
2026-06-04,Thursday,18,101,Garden Room 101,garden,269,299,305,7.4,75%,False,,1.0,301.67,1.1,"18d out, occ 75% ≥ 70% → rack"
2026-06-04,Thursday,18,102,Garden Room 102,garden,269,299,305,7.4,75%,False,,1.0,301.67,1.1,"18d out, occ 75% ≥ 70% → rack"
2026-06-04,Thursday,18,103,Garden Room 103,garden,279,299,310,7.3,75%,False,,1.0,301.67,2.8,"18d out, occ 75% ≥ 70% → rack"
2026-06-04,Thursday,18,104,Garden Room 104,garden,269,289,300,7.5,75%,False,,1.0,301.67,-0.6,"18d out, occ 75% ≥ 70% → rack"
2026-06-04,Thursday,18,cottage,Private Cottage,cottage,489,549,555,6.9,75%,False,,1.0,301.67,84.0,"18d out, occ 75% ≥ 70% → rack"
2026-06-05,Friday,19,201,Waterfront 201,waterfront,389,459,625,47.4,75%,True,First Friday Art Walk; Parris Island USMC Graduation,1.2,348.33,79.4,"19d out, occ 75% ≥ 70% → rack | Events: First Friday Art Walk, Parris Island USMC Graduation (×1.20) | Weekend +15% (Fri/Sat)"
2026-06-05,Friday,19,202,Waterfront 202,waterfront,389,459,625,47.4,75%,True,First Friday Art Walk; Parris Island USMC Graduation,1.2,348.33,79.4,"19d out, occ 75% ≥ 70% → rack | Events: First Friday Art Walk, Parris Island USMC Graduation (×1.20) | Weekend +15% (Fri/Sat)"
2026-06-05,Friday,19,203,Waterfront 203,waterfront,399,459,635,48.0,75%,True,First Friday Art Walk; Parris Island USMC Graduation,1.2,348.33,82.3,"19d out, occ 75% ≥ 70% → rack | Events: First Friday Art Walk, Parris Island USMC Graduation (×1.20) | Weekend +15% (Fri/Sat)"
2026-06-05,Friday,19,204,Waterfront 204,waterfront,409,459,640,47.5,75%,True,First Friday Art Walk; Parris Island USMC Graduation,1.2,348.33,83.7,"19d out, occ 75% ≥ 70% → rack | Events: First Friday Art Walk, Parris Island USMC Graduation (×1.20) | Weekend +15% (Fri/Sat)"
2026-06-05,Friday,19,301,Water View 301,water_view,319,369,510,48.3,75%,True,First Friday Art Walk; Parris Island USMC Graduation,1.2,348.33,46.4,"19d out, occ 75% ≥ 70% → rack | Events: First Friday Art Walk, Parris Island USMC Graduation (×1.20) | Weekend +15% (Fri/Sat)"
2026-06-05,Friday,19,302,Water View 302,water_view,319,369,510,48.3,75%,True,First Friday Art Walk; Parris Island USMC Graduation,1.2,348.33,46.4,"19d out, occ 75% ≥ 70% → rack | Events: First Friday Art Walk, Parris Island USMC Graduation (×1.20) | Weekend +15% (Fri/Sat)"
2026-06-05,Friday,19,303,Water View 303,water_view,329,369,515,47.6,75%,True,First Friday Art Walk; Parris Island USMC Graduation,1.2,348.33,47.8,"19d out, occ 75% ≥ 70% → rack | Events: First Friday Art Walk, Parris Island USMC Graduation (×1.20) | Weekend +15% (Fri/Sat)"
2026-06-05,Friday,19,304,Water View 304,water_view,319,359,500,47.5,75%,True,First Friday Art Walk; Parris Island USMC Graduation,1.2,348.33,43.5,"19d out, occ 75% ≥ 70% → rack | Events: First Friday Art Walk, Parris Island USMC Graduation (×1.20) | Weekend +15% (Fri/Sat)"
2026-06-05,Friday,19,305,Water View 305,water_view,329,369,515,47.6,75%,True,First Friday Art Walk; Parris Island USMC Graduation,1.2,348.33,47.8,"19d out, occ 75% ≥ 70% → rack | Events: First Friday Art Walk, Parris Island USMC Graduation (×1.20) | Weekend +15% (Fri/Sat)"
2026-06-05,Friday,19,101,Garden Room 101,garden,269,299,420,47.9,75%,True,First Friday Art Walk; Parris Island USMC Graduation,1.2,348.33,20.6,"19d out, occ 75% ≥ 70% → rack | Events: First Friday Art Walk, Parris Island USMC Graduation (×1.20) | Weekend +15% (Fri/Sat)"
2026-06-05,Friday,19,102,Garden Room 102,garden,269,299,420,47.9,75%,True,First Friday Art Walk; Parris Island USMC Graduation,1.2,348.33,20.6,"19d out, occ 75% ≥ 70% → rack | Events: First Friday Art Walk, Parris Island USMC Graduation (×1.20) | Weekend +15% (Fri/Sat)"
2026-06-05,Friday,19,103,Garden Room 103,garden,279,299,425,47.1,75%,True,First Friday Art Walk; Parris Island USMC Graduation,1.2,348.33,22.0,"19d out, occ 75% ≥ 70% → rack | Events: First Friday Art Walk, Parris Island USMC Graduation (×1.20) | Weekend +15% (Fri/Sat)"
2026-06-05,Friday,19,104,Garden Room 104,garden,269,289,410,47.0,75%,True,First Friday Art Walk; Parris Island USMC Graduation,1.2,348.33,17.7,"19d out, occ 75% ≥ 70% → rack | Events: First Friday Art Walk, Parris Island USMC Graduation (×1.20) | Weekend +15% (Fri/Sat)"
2026-06-05,Friday,19,cottage,Private Cottage,cottage,489,549,765,47.4,75%,True,First Friday Art Walk; Parris Island USMC Graduation,1.2,348.33,119.6,"19d out, occ 75% ≥ 70% → rack | Events: First Friday Art Walk, Parris Island USMC Graduation (×1.20) | Weekend +15% (Fri/Sat)"
2026-06-06,Saturday,20,201,Waterfront 201,waterfront,389,459,565,33.3,75%,True,Downtown Farmers Market,1.08,350.83,61.0,"20d out, occ 75% ≥ 70% → rack | Events: Downtown Farmers Market (×1.08) | Weekend +15% (Fri/Sat)"
2026-06-06,Saturday,20,202,Waterfront 202,waterfront,389,459,565,33.3,75%,True,Downtown Farmers Market,1.08,350.83,61.0,"20d out, occ 75% ≥ 70% → rack | Events: Downtown Farmers Market (×1.08) | Weekend +15% (Fri/Sat)"
2026-06-06,Saturday,20,203,Waterfront 203,waterfront,399,459,570,32.9,75%,True,Downtown Farmers Market,1.08,350.83,62.5,"20d out, occ 75% ≥ 70% → rack | Events: Downtown Farmers Market (×1.08) | Weekend +15% (Fri/Sat)"
2026-06-06,Saturday,20,204,Waterfront 204,waterfront,409,459,575,32.5,75%,True,Downtown Farmers Market,1.08,350.83,63.9,"20d out, occ 75% ≥ 70% → rack | Events: Downtown Farmers Market (×1.08) | Weekend +15% (Fri/Sat)"
2026-06-06,Saturday,20,301,Water View 301,water_view,319,369,455,32.3,75%,True,Downtown Farmers Market,1.08,350.83,29.7,"20d out, occ 75% ≥ 70% → rack | Events: Downtown Farmers Market (×1.08) | Weekend +15% (Fri/Sat)"
2026-06-06,Saturday,20,302,Water View 302,water_view,319,369,455,32.3,75%,True,Downtown Farmers Market,1.08,350.83,29.7,"20d out, occ 75% ≥ 70% → rack | Events: Downtown Farmers Market (×1.08) | Weekend +15% (Fri/Sat)"
2026-06-06,Saturday,20,303,Water View 303,water_view,329,369,465,33.2,75%,True,Downtown Farmers Market,1.08,350.83,32.5,"20d out, occ 75% ≥ 70% → rack | Events: Downtown Farmers Market (×1.08) | Weekend +15% (Fri/Sat)"
2026-06-06,Saturday,20,304,Water View 304,water_view,319,359,450,32.7,75%,True,Downtown Farmers Market,1.08,350.83,28.3,"20d out, occ 75% ≥ 70% → rack | Events: Downtown Farmers Market (×1.08) | Weekend +15% (Fri/Sat)"
2026-06-06,Saturday,20,305,Water View 305,water_view,329,369,465,33.2,75%,True,Downtown Farmers Market,1.08,350.83,32.5,"20d out, occ 75% ≥ 70% → rack | Events: Downtown Farmers Market (×1.08) | Weekend +15% (Fri/Sat)"
2026-06-06,Saturday,20,101,Garden Room 101,garden,269,299,375,32.0,75%,True,Downtown Farmers Market,1.08,350.83,6.9,"20d out, occ 75% ≥ 70% → rack | Events: Downtown Farmers Market (×1.08) | Weekend +15% (Fri/Sat)"
2026-06-06,Saturday,20,102,Garden Room 102,garden,269,299,375,32.0,75%,True,Downtown Farmers Market,1.08,350.83,6.9,"20d out, occ 75% ≥ 70% → rack | Events: Downtown Farmers Market (×1.08) | Weekend +15% (Fri/Sat)"
2026-06-06,Saturday,20,103,Garden Room 103,garden,279,299,385,33.2,75%,True,Downtown Farmers Market,1.08,350.83,9.7,"20d out, occ 75% ≥ 70% → rack | Events: Downtown Farmers Market (×1.08) | Weekend +15% (Fri/Sat)"
2026-06-06,Saturday,20,104,Garden Room 104,garden,269,289,370,32.6,75%,True,Downtown Farmers Market,1.08,350.83,5.5,"20d out, occ 75% ≥ 70% → rack | Events: Downtown Farmers Market (×1.08) | Weekend +15% (Fri/Sat)"
2026-06-06,Saturday,20,cottage,Private Cottage,cottage,489,549,690,32.9,75%,True,Downtown Farmers Market,1.08,350.83,96.7,"20d out, occ 75% ≥ 70% → rack | Events: Downtown Farmers Market (×1.08) | Weekend +15% (Fri/Sat)"
2026-06-07,Sunday,21,201,Waterfront 201,waterfront,389,459,455,7.3,75%,False,,1.0,305.83,48.8,"21d out, occ 75% ≥ 70% → rack"
2026-06-07,Sunday,21,202,Waterfront 202,waterfront,389,459,455,7.3,75%,False,,1.0,305.83,48.8,"21d out, occ 75% ≥ 70% → rack"
2026-06-07,Sunday,21,203,Waterfront 203,waterfront,399,459,460,7.2,75%,False,,1.0,305.83,50.4,"21d out, occ 75% ≥ 70% → rack"
2026-06-07,Sunday,21,204,Waterfront 204,waterfront,409,459,465,7.1,75%,False,,1.0,305.83,52.0,"21d out, occ 75% ≥ 70% → rack"
2026-06-07,Sunday,21,301,Water View 301,water_view,319,369,370,7.6,75%,False,,1.0,305.83,21.0,"21d out, occ 75% ≥ 70% → rack"
2026-06-07,Sunday,21,302,Water View 302,water_view,319,369,370,7.6,75%,False,,1.0,305.83,21.0,"21d out, occ 75% ≥ 70% → rack"
2026-06-07,Sunday,21,303,Water View 303,water_view,329,369,375,7.4,75%,False,,1.0,305.83,22.6,"21d out, occ 75% ≥ 70% → rack"
2026-06-07,Sunday,21,304,Water View 304,water_view,319,359,365,7.7,75%,False,,1.0,305.83,19.3,"21d out, occ 75% ≥ 70% → rack"
2026-06-07,Sunday,21,305,Water View 305,water_view,329,369,375,7.4,75%,False,,1.0,305.83,22.6,"21d out, occ 75% ≥ 70% → rack"
2026-06-07,Sunday,21,101,Garden Room 101,garden,269,299,305,7.4,75%,False,,1.0,305.83,-0.3,"21d out, occ 75% ≥ 70% → rack"
2026-06-07,Sunday,21,102,Garden Room 102,garden,269,299,305,7.4,75%,False,,1.0,305.83,-0.3,"21d out, occ 75% ≥ 70% → rack"
2026-06-07,Sunday,21,103,Garden Room 103,garden,279,299,310,7.3,75%,False,,1.0,305.83,1.4,"21d out, occ 75% ≥ 70% → rack"
2026-06-07,Sunday,21,104,Garden Room 104,garden,269,289,300,7.5,75%,False,,1.0,305.83,-1.9,"21d out, occ 75% ≥ 70% → rack"
2026-06-07,Sunday,21,cottage,Private Cottage,cottage,489,549,555,6.9,75%,False,,1.0,305.83,81.5,"21d out, occ 75% ≥ 70% → rack"
2026-06-08,Monday,22,201,Waterfront 201,waterfront,389,459,455,7.3,75%,False,,1.0,301.67,50.8,"22d out, occ 75% ≥ 70% → rack"
2026-06-08,Monday,22,202,Waterfront 202,waterfront,389,459,455,7.3,75%,False,,1.0,301.67,50.8,"22d out, occ 75% ≥ 70% → rack"
2026-06-08,Monday,22,203,Waterfront 203,waterfront,399,459,460,7.2,75%,False,,1.0,301.67,52.5,"22d out, occ 75% ≥ 70% → rack"
2026-06-08,Monday,22,204,Waterfront 204,waterfront,409,459,465,7.1,75%,False,,1.0,301.67,54.1,"22d out, occ 75% ≥ 70% → rack"
2026-06-08,Monday,22,301,Water View 301,water_view,319,369,370,7.6,75%,False,,1.0,301.67,22.7,"22d out, occ 75% ≥ 70% → rack"
2026-06-08,Monday,22,302,Water View 302,water_view,319,369,370,7.6,75%,False,,1.0,301.67,22.7,"22d out, occ 75% ≥ 70% → rack"
2026-06-08,Monday,22,303,Water View 303,water_view,329,369,375,7.4,75%,False,,1.0,301.67,24.3,"22d out, occ 75% ≥ 70% → rack"
2026-06-08,Monday,22,304,Water View 304,water_view,319,359,365,7.7,75%,False,,1.0,301.67,21.0,"22d out, occ 75% ≥ 70% → rack"
2026-06-08,Monday,22,305,Water View 305,water_view,329,369,375,7.4,75%,False,,1.0,301.67,24.3,"22d out, occ 75% ≥ 70% → rack"
2026-06-08,Monday,22,101,Garden Room 101,garden,269,299,305,7.4,75%,False,,1.0,301.67,1.1,"22d out, occ 75% ≥ 70% → rack"
2026-06-08,Monday,22,102,Garden Room 102,garden,269,299,305,7.4,75%,False,,1.0,301.67,1.1,"22d out, occ 75% ≥ 70% → rack"
2026-06-08,Monday,22,103,Garden Room 103,garden,279,299,310,7.3,75%,False,,1.0,301.67,2.8,"22d out, occ 75% ≥ 70% → rack"
2026-06-08,Monday,22,104,Garden Room 104,garden,269,289,300,7.5,75%,False,,1.0,301.67,-0.6,"22d out, occ 75% ≥ 70% → rack"
2026-06-08,Monday,22,cottage,Private Cottage,cottage,489,549,555,6.9,75%,False,,1.0,301.67,84.0,"22d out, occ 75% ≥ 70% → rack"
2026-06-09,Tuesday,23,201,Waterfront 201,waterfront,389,459,455,7.3,75%,False,,1.0,302.5,50.4,"23d out, occ 75% ≥ 70% → rack"
2026-06-09,Tuesday,23,202,Waterfront 202,waterfront,389,459,455,7.3,75%,False,,1.0,302.5,50.4,"23d out, occ 75% ≥ 70% → rack"
2026-06-09,Tuesday,23,203,Waterfront 203,waterfront,399,459,460,7.2,75%,False,,1.0,302.5,52.1,"23d out, occ 75% ≥ 70% → rack"
2026-06-09,Tuesday,23,204,Waterfront 204,waterfront,409,459,465,7.1,75%,False,,1.0,302.5,53.7,"23d out, occ 75% ≥ 70% → rack"
2026-06-09,Tuesday,23,301,Water View 301,water_view,319,369,370,7.6,75%,False,,1.0,302.5,22.3,"23d out, occ 75% ≥ 70% → rack"
2026-06-09,Tuesday,23,302,Water View 302,water_view,319,369,370,7.6,75%,False,,1.0,302.5,22.3,"23d out, occ 75% ≥ 70% → rack"
2026-06-09,Tuesday,23,303,Water View 303,water_view,329,369,375,7.4,75%,False,,1.0,302.5,24.0,"23d out, occ 75% ≥ 70% → rack"
2026-06-09,Tuesday,23,304,Water View 304,water_view,319,359,365,7.7,75%,False,,1.0,302.5,20.7,"23d out, occ 75% ≥ 70% → rack"
2026-06-09,Tuesday,23,305,Water View 305,water_view,329,369,375,7.4,75%,False,,1.0,302.5,24.0,"23d out, occ 75% ≥ 70% → rack"
2026-06-09,Tuesday,23,101,Garden Room 101,garden,269,299,305,7.4,75%,False,,1.0,302.5,0.8,"23d out, occ 75% ≥ 70% → rack"
2026-06-09,Tuesday,23,102,Garden Room 102,garden,269,299,305,7.4,75%,False,,1.0,302.5,0.8,"23d out, occ 75% ≥ 70% → rack"
2026-06-09,Tuesday,23,103,Garden Room 103,garden,279,299,310,7.3,75%,False,,1.0,302.5,2.5,"23d out, occ 75% ≥ 70% → rack"
2026-06-09,Tuesday,23,104,Garden Room 104,garden,269,289,300,7.5,75%,False,,1.0,302.5,-0.8,"23d out, occ 75% ≥ 70% → rack"
2026-06-09,Tuesday,23,cottage,Private Cottage,cottage,489,549,555,6.9,75%,False,,1.0,302.5,83.5,"23d out, occ 75% ≥ 70% → rack"
2026-06-10,Wednesday,24,201,Waterfront 201,waterfront,389,459,455,7.3,75%,False,,1.0,304.17,49.6,"24d out, occ 75% ≥ 70% → rack"
2026-06-10,Wednesday,24,202,Waterfront 202,waterfront,389,459,455,7.3,75%,False,,1.0,304.17,49.6,"24d out, occ 75% ≥ 70% → rack"
2026-06-10,Wednesday,24,203,Waterfront 203,waterfront,399,459,460,7.2,75%,False,,1.0,304.17,51.2,"24d out, occ 75% ≥ 70% → rack"
2026-06-10,Wednesday,24,204,Waterfront 204,waterfront,409,459,465,7.1,75%,False,,1.0,304.17,52.9,"24d out, occ 75% ≥ 70% → rack"
2026-06-10,Wednesday,24,301,Water View 301,water_view,319,369,370,7.6,75%,False,,1.0,304.17,21.6,"24d out, occ 75% ≥ 70% → rack"
2026-06-10,Wednesday,24,302,Water View 302,water_view,319,369,370,7.6,75%,False,,1.0,304.17,21.6,"24d out, occ 75% ≥ 70% → rack"
2026-06-10,Wednesday,24,303,Water View 303,water_view,329,369,375,7.4,75%,False,,1.0,304.17,23.3,"24d out, occ 75% ≥ 70% → rack"
2026-06-10,Wednesday,24,304,Water View 304,water_view,319,359,365,7.7,75%,False,,1.0,304.17,20.0,"24d out, occ 75% ≥ 70% → rack"
2026-06-10,Wednesday,24,305,Water View 305,water_view,329,369,375,7.4,75%,False,,1.0,304.17,23.3,"24d out, occ 75% ≥ 70% → rack"
2026-06-10,Wednesday,24,101,Garden Room 101,garden,269,299,305,7.4,75%,False,,1.0,304.17,0.3,"24d out, occ 75% ≥ 70% → rack"
2026-06-10,Wednesday,24,102,Garden Room 102,garden,269,299,305,7.4,75%,False,,1.0,304.17,0.3,"24d out, occ 75% ≥ 70% → rack"
2026-06-10,Wednesday,24,103,Garden Room 103,garden,279,299,310,7.3,75%,False,,1.0,304.17,1.9,"24d out, occ 75% ≥ 70% → rack"
2026-06-10,Wednesday,24,104,Garden Room 104,garden,269,289,300,7.5,75%,False,,1.0,304.17,-1.4,"24d out, occ 75% ≥ 70% → rack"
2026-06-10,Wednesday,24,cottage,Private Cottage,cottage,489,549,555,6.9,75%,False,,1.0,304.17,82.5,"24d out, occ 75% ≥ 70% → rack"
2026-06-11,Thursday,25,201,Waterfront 201,waterfront,389,459,455,7.3,75%,False,,1.0,302.5,50.4,"25d out, occ 75% ≥ 70% → rack"
2026-06-11,Thursday,25,202,Waterfront 202,waterfront,389,459,455,7.3,75%,False,,1.0,302.5,50.4,"25d out, occ 75% ≥ 70% → rack"
2026-06-11,Thursday,25,203,Waterfront 203,waterfront,399,459,460,7.2,75%,False,,1.0,302.5,52.1,"25d out, occ 75% ≥ 70% → rack"
2026-06-11,Thursday,25,204,Waterfront 204,waterfront,409,459,465,7.1,75%,False,,1.0,302.5,53.7,"25d out, occ 75% ≥ 70% → rack"
2026-06-11,Thursday,25,301,Water View 301,water_view,319,369,370,7.6,75%,False,,1.0,302.5,22.3,"25d out, occ 75% ≥ 70% → rack"
2026-06-11,Thursday,25,302,Water View 302,water_view,319,369,370,7.6,75%,False,,1.0,302.5,22.3,"25d out, occ 75% ≥ 70% → rack"
2026-06-11,Thursday,25,303,Water View 303,water_view,329,369,375,7.4,75%,False,,1.0,302.5,24.0,"25d out, occ 75% ≥ 70% → rack"
2026-06-11,Thursday,25,304,Water View 304,water_view,319,359,365,7.7,75%,False,,1.0,302.5,20.7,"25d out, occ 75% ≥ 70% → rack"
2026-06-11,Thursday,25,305,Water View 305,water_view,329,369,375,7.4,75%,False,,1.0,302.5,24.0,"25d out, occ 75% ≥ 70% → rack"
2026-06-11,Thursday,25,101,Garden Room 101,garden,269,299,305,7.4,75%,False,,1.0,302.5,0.8,"25d out, occ 75% ≥ 70% → rack"
2026-06-11,Thursday,25,102,Garden Room 102,garden,269,299,305,7.4,75%,False,,1.0,302.5,0.8,"25d out, occ 75% ≥ 70% → rack"
2026-06-11,Thursday,25,103,Garden Room 103,garden,279,299,310,7.3,75%,False,,1.0,302.5,2.5,"25d out, occ 75% ≥ 70% → rack"
2026-06-11,Thursday,25,104,Garden Room 104,garden,269,289,300,7.5,75%,False,,1.0,302.5,-0.8,"25d out, occ 75% ≥ 70% → rack"
2026-06-11,Thursday,25,cottage,Private Cottage,cottage,489,549,555,6.9,75%,False,,1.0,302.5,83.5,"25d out, occ 75% ≥ 70% → rack"
2026-06-12,Friday,26,201,Waterfront 201,waterfront,389,459,520,22.6,75%,True,,1.0,349.17,48.9,"26d out, occ 75% ≥ 70% → rack | Weekend +15% (Fri/Sat)"
2026-06-12,Friday,26,202,Waterfront 202,waterfront,389,459,520,22.6,75%,True,,1.0,349.17,48.9,"26d out, occ 75% ≥ 70% → rack | Weekend +15% (Fri/Sat)"
2026-06-12,Friday,26,203,Waterfront 203,waterfront,399,459,530,23.5,75%,True,,1.0,349.17,51.8,"26d out, occ 75% ≥ 70% → rack | Weekend +15% (Fri/Sat)"
2026-06-12,Friday,26,204,Waterfront 204,waterfront,409,459,535,23.3,75%,True,,1.0,349.17,53.2,"26d out, occ 75% ≥ 70% → rack | Weekend +15% (Fri/Sat)"
2026-06-12,Friday,26,301,Water View 301,water_view,319,369,425,23.5,75%,True,,1.0,349.17,21.7,"26d out, occ 75% ≥ 70% → rack | Weekend +15% (Fri/Sat)"
2026-06-12,Friday,26,302,Water View 302,water_view,319,369,425,23.5,75%,True,,1.0,349.17,21.7,"26d out, occ 75% ≥ 70% → rack | Weekend +15% (Fri/Sat)"
2026-06-12,Friday,26,303,Water View 303,water_view,329,369,430,23.2,75%,True,,1.0,349.17,23.2,"26d out, occ 75% ≥ 70% → rack | Weekend +15% (Fri/Sat)"
2026-06-12,Friday,26,304,Water View 304,water_view,319,359,415,22.4,75%,True,,1.0,349.17,18.9,"26d out, occ 75% ≥ 70% → rack | Weekend +15% (Fri/Sat)"
2026-06-12,Friday,26,305,Water View 305,water_view,329,369,430,23.2,75%,True,,1.0,349.17,23.2,"26d out, occ 75% ≥ 70% → rack | Weekend +15% (Fri/Sat)"
2026-06-12,Friday,26,101,Garden Room 101,garden,269,299,350,23.2,75%,True,,1.0,349.17,0.2,"26d out, occ 75% ≥ 70% → rack | Weekend +15% (Fri/Sat)"
2026-06-12,Friday,26,102,Garden Room 102,garden,269,299,350,23.2,75%,True,,1.0,349.17,0.2,"26d out, occ 75% ≥ 70% → rack | Weekend +15% (Fri/Sat)"
2026-06-12,Friday,26,103,Garden Room 103,garden,279,299,355,22.8,75%,True,,1.0,349.17,1.7,"26d out, occ 75% ≥ 70% → rack | Weekend +15% (Fri/Sat)"
2026-06-12,Friday,26,104,Garden Room 104,garden,269,289,345,23.7,75%,True,,1.0,349.17,-1.2,"26d out, occ 75% ≥ 70% → rack | Weekend +15% (Fri/Sat)"
2026-06-12,Friday,26,cottage,Private Cottage,cottage,489,549,640,23.3,75%,True,,1.0,349.17,83.3,"26d out, occ 75% ≥ 70% → rack | Weekend +15% (Fri/Sat)"
2026-06-13,Saturday,27,201,Waterfront 201,waterfront,389,459,565,33.3,75%,True,Downtown Farmers Market,1.08,345.83,63.4,"27d out, occ 75% ≥ 70% → rack | Events: Downtown Farmers Market (×1.08) | Weekend +15% (Fri/Sat)"
2026-06-13,Saturday,27,202,Waterfront 202,waterfront,389,459,565,33.3,75%,True,Downtown Farmers Market,1.08,345.83,63.4,"27d out, occ 75% ≥ 70% → rack | Events: Downtown Farmers Market (×1.08) | Weekend +15% (Fri/Sat)"
2026-06-13,Saturday,27,203,Waterfront 203,waterfront,399,459,570,32.9,75%,True,Downtown Farmers Market,1.08,345.83,64.8,"27d out, occ 75% ≥ 70% → rack | Events: Downtown Farmers Market (×1.08) | Weekend +15% (Fri/Sat)"
2026-06-13,Saturday,27,204,Waterfront 204,waterfront,409,459,575,32.5,75%,True,Downtown Farmers Market,1.08,345.83,66.3,"27d out, occ 75% ≥ 70% → rack | Events: Downtown Farmers Market (×1.08) | Weekend +15% (Fri/Sat)"
2026-06-13,Saturday,27,301,Water View 301,water_view,319,369,455,32.3,75%,True,Downtown Farmers Market,1.08,345.83,31.6,"27d out, occ 75% ≥ 70% → rack | Events: Downtown Farmers Market (×1.08) | Weekend +15% (Fri/Sat)"
2026-06-13,Saturday,27,302,Water View 302,water_view,319,369,455,32.3,75%,True,Downtown Farmers Market,1.08,345.83,31.6,"27d out, occ 75% ≥ 70% → rack | Events: Downtown Farmers Market (×1.08) | Weekend +15% (Fri/Sat)"
2026-06-13,Saturday,27,303,Water View 303,water_view,329,369,465,33.2,75%,True,Downtown Farmers Market,1.08,345.83,34.5,"27d out, occ 75% ≥ 70% → rack | Events: Downtown Farmers Market (×1.08) | Weekend +15% (Fri/Sat)"
2026-06-13,Saturday,27,304,Water View 304,water_view,319,359,450,32.7,75%,True,Downtown Farmers Market,1.08,345.83,30.1,"27d out, occ 75% ≥ 70% → rack | Events: Downtown Farmers Market (×1.08) | Weekend +15% (Fri/Sat)"
2026-06-13,Saturday,27,305,Water View 305,water_view,329,369,465,33.2,75%,True,Downtown Farmers Market,1.08,345.83,34.5,"27d out, occ 75% ≥ 70% → rack | Events: Downtown Farmers Market (×1.08) | Weekend +15% (Fri/Sat)"
2026-06-13,Saturday,27,101,Garden Room 101,garden,269,299,375,32.0,75%,True,Downtown Farmers Market,1.08,345.83,8.4,"27d out, occ 75% ≥ 70% → rack | Events: Downtown Farmers Market (×1.08) | Weekend +15% (Fri/Sat)"
2026-06-13,Saturday,27,102,Garden Room 102,garden,269,299,375,32.0,75%,True,Downtown Farmers Market,1.08,345.83,8.4,"27d out, occ 75% ≥ 70% → rack | Events: Downtown Farmers Market (×1.08) | Weekend +15% (Fri/Sat)"
2026-06-13,Saturday,27,103,Garden Room 103,garden,279,299,385,33.2,75%,True,Downtown Farmers Market,1.08,345.83,11.3,"27d out, occ 75% ≥ 70% → rack | Events: Downtown Farmers Market (×1.08) | Weekend +15% (Fri/Sat)"
2026-06-13,Saturday,27,104,Garden Room 104,garden,269,289,370,32.6,75%,True,Downtown Farmers Market,1.08,345.83,7.0,"27d out, occ 75% ≥ 70% → rack | Events: Downtown Farmers Market (×1.08) | Weekend +15% (Fri/Sat)"
2026-06-13,Saturday,27,cottage,Private Cottage,cottage,489,549,690,32.9,75%,True,Downtown Farmers Market,1.08,345.83,99.5,"27d out, occ 75% ≥ 70% → rack | Events: Downtown Farmers Market (×1.08) | Weekend +15% (Fri/Sat)"
2026-06-14,Sunday,28,201,Waterfront 201,waterfront,389,459,455,7.3,75%,False,,1.0,303.33,50.0,"28d out, occ 75% ≥ 70% → rack"
2026-06-14,Sunday,28,202,Waterfront 202,waterfront,389,459,455,7.3,75%,False,,1.0,303.33,50.0,"28d out, occ 75% ≥ 70% → rack"
2026-06-14,Sunday,28,203,Waterfront 203,waterfront,399,459,460,7.2,75%,False,,1.0,303.33,51.6,"28d out, occ 75% ≥ 70% → rack"
2026-06-14,Sunday,28,204,Waterfront 204,waterfront,409,459,465,7.1,75%,False,,1.0,303.33,53.3,"28d out, occ 75% ≥ 70% → rack"
2026-06-14,Sunday,28,301,Water View 301,water_view,319,369,370,7.6,75%,False,,1.0,303.33,22.0,"28d out, occ 75% ≥ 70% → rack"
2026-06-14,Sunday,28,302,Water View 302,water_view,319,369,370,7.6,75%,False,,1.0,303.33,22.0,"28d out, occ 75% ≥ 70% → rack"
2026-06-14,Sunday,28,303,Water View 303,water_view,329,369,375,7.4,75%,False,,1.0,303.33,23.6,"28d out, occ 75% ≥ 70% → rack"
2026-06-14,Sunday,28,304,Water View 304,water_view,319,359,365,7.7,75%,False,,1.0,303.33,20.3,"28d out, occ 75% ≥ 70% → rack"
2026-06-14,Sunday,28,305,Water View 305,water_view,329,369,375,7.4,75%,False,,1.0,303.33,23.6,"28d out, occ 75% ≥ 70% → rack"
2026-06-14,Sunday,28,101,Garden Room 101,garden,269,299,305,7.4,75%,False,,1.0,303.33,0.5,"28d out, occ 75% ≥ 70% → rack"
2026-06-14,Sunday,28,102,Garden Room 102,garden,269,299,305,7.4,75%,False,,1.0,303.33,0.5,"28d out, occ 75% ≥ 70% → rack"
2026-06-14,Sunday,28,103,Garden Room 103,garden,279,299,310,7.3,75%,False,,1.0,303.33,2.2,"28d out, occ 75% ≥ 70% → rack"
2026-06-14,Sunday,28,104,Garden Room 104,garden,269,289,300,7.5,75%,False,,1.0,303.33,-1.1,"28d out, occ 75% ≥ 70% → rack"
2026-06-14,Sunday,28,cottage,Private Cottage,cottage,489,549,555,6.9,75%,False,,1.0,303.33,83.0,"28d out, occ 75% ≥ 70% → rack"
2026-06-15,Monday,29,201,Waterfront 201,waterfront,389,459,455,7.3,75%,False,,1.0,304.17,49.6,"29d out, occ 75% ≥ 70% → rack"
2026-06-15,Monday,29,202,Waterfront 202,waterfront,389,459,455,7.3,75%,False,,1.0,304.17,49.6,"29d out, occ 75% ≥ 70% → rack"
2026-06-15,Monday,29,203,Waterfront 203,waterfront,399,459,460,7.2,75%,False,,1.0,304.17,51.2,"29d out, occ 75% ≥ 70% → rack"
2026-06-15,Monday,29,204,Waterfront 204,waterfront,409,459,465,7.1,75%,False,,1.0,304.17,52.9,"29d out, occ 75% ≥ 70% → rack"
2026-06-15,Monday,29,301,Water View 301,water_view,319,369,370,7.6,75%,False,,1.0,304.17,21.6,"29d out, occ 75% ≥ 70% → rack"
2026-06-15,Monday,29,302,Water View 302,water_view,319,369,370,7.6,75%,False,,1.0,304.17,21.6,"29d out, occ 75% ≥ 70% → rack"
2026-06-15,Monday,29,303,Water View 303,water_view,329,369,375,7.4,75%,False,,1.0,304.17,23.3,"29d out, occ 75% ≥ 70% → rack"
2026-06-15,Monday,29,304,Water View 304,water_view,319,359,365,7.7,75%,False,,1.0,304.17,20.0,"29d out, occ 75% ≥ 70% → rack"
2026-06-15,Monday,29,305,Water View 305,water_view,329,369,375,7.4,75%,False,,1.0,304.17,23.3,"29d out, occ 75% ≥ 70% → rack"
2026-06-15,Monday,29,101,Garden Room 101,garden,269,299,305,7.4,75%,False,,1.0,304.17,0.3,"29d out, occ 75% ≥ 70% → rack"
2026-06-15,Monday,29,102,Garden Room 102,garden,269,299,305,7.4,75%,False,,1.0,304.17,0.3,"29d out, occ 75% ≥ 70% → rack"
2026-06-15,Monday,29,103,Garden Room 103,garden,279,299,310,7.3,75%,False,,1.0,304.17,1.9,"29d out, occ 75% ≥ 70% → rack"
2026-06-15,Monday,29,104,Garden Room 104,garden,269,289,300,7.5,75%,False,,1.0,304.17,-1.4,"29d out, occ 75% ≥ 70% → rack"
2026-06-15,Monday,29,cottage,Private Cottage,cottage,489,549,555,6.9,75%,False,,1.0,304.17,82.5,"29d out, occ 75% ≥ 70% → rack"
2026-06-16,Tuesday,30,201,Waterfront 201,waterfront,389,459,455,7.3,75%,False,,1.0,302.5,50.4,"30d out → rack rate, monitoring occ"
2026-06-16,Tuesday,30,202,Waterfront 202,waterfront,389,459,455,7.3,75%,False,,1.0,302.5,50.4,"30d out → rack rate, monitoring occ"
2026-06-16,Tuesday,30,203,Waterfront 203,waterfront,399,459,460,7.2,75%,False,,1.0,302.5,52.1,"30d out → rack rate, monitoring occ"
2026-06-16,Tuesday,30,204,Waterfront 204,waterfront,409,459,465,7.1,75%,False,,1.0,302.5,53.7,"30d out → rack rate, monitoring occ"
2026-06-16,Tuesday,30,301,Water View 301,water_view,319,369,370,7.6,75%,False,,1.0,302.5,22.3,"30d out → rack rate, monitoring occ"
2026-06-16,Tuesday,30,302,Water View 302,water_view,319,369,370,7.6,75%,False,,1.0,302.5,22.3,"30d out → rack rate, monitoring occ"
2026-06-16,Tuesday,30,303,Water View 303,water_view,329,369,375,7.4,75%,False,,1.0,302.5,24.0,"30d out → rack rate, monitoring occ"
2026-06-16,Tuesday,30,304,Water View 304,water_view,319,359,365,7.7,75%,False,,1.0,302.5,20.7,"30d out → rack rate, monitoring occ"
2026-06-16,Tuesday,30,305,Water View 305,water_view,329,369,375,7.4,75%,False,,1.0,302.5,24.0,"30d out → rack rate, monitoring occ"
2026-06-16,Tuesday,30,101,Garden Room 101,garden,269,299,305,7.4,75%,False,,1.0,302.5,0.8,"30d out → rack rate, monitoring occ"
2026-06-16,Tuesday,30,102,Garden Room 102,garden,269,299,305,7.4,75%,False,,1.0,302.5,0.8,"30d out → rack rate, monitoring occ"
2026-06-16,Tuesday,30,103,Garden Room 103,garden,279,299,310,7.3,75%,False,,1.0,302.5,2.5,"30d out → rack rate, monitoring occ"
2026-06-16,Tuesday,30,104,Garden Room 104,garden,269,289,300,7.5,75%,False,,1.0,302.5,-0.8,"30d out → rack rate, monitoring occ"
2026-06-16,Tuesday,30,cottage,Private Cottage,cottage,489,549,555,6.9,75%,False,,1.0,302.5,83.5,"30d out → rack rate, monitoring occ"
2026-06-17,Wednesday,31,201,Waterfront 201,waterfront,389,459,510,20.3,75%,False,Music Festival of the Lowcountry,1.125,331.67,53.8,"31d out → rack rate, monitoring occ | Events: Music Festival of the Lowcountry (×1.12)"
2026-06-17,Wednesday,31,202,Waterfront 202,waterfront,389,459,510,20.3,75%,False,Music Festival of the Lowcountry,1.125,331.67,53.8,"31d out → rack rate, monitoring occ | Events: Music Festival of the Lowcountry (×1.12)"
2026-06-17,Wednesday,31,203,Waterfront 203,waterfront,399,459,515,20.0,75%,False,Music Festival of the Lowcountry,1.125,331.67,55.3,"31d out → rack rate, monitoring occ | Events: Music Festival of the Lowcountry (×1.12)"
2026-06-17,Wednesday,31,204,Waterfront 204,waterfront,409,459,520,19.8,75%,False,Music Festival of the Lowcountry,1.125,331.67,56.8,"31d out → rack rate, monitoring occ | Events: Music Festival of the Lowcountry (×1.12)"
2026-06-17,Wednesday,31,301,Water View 301,water_view,319,369,415,20.6,75%,False,Music Festival of the Lowcountry,1.125,331.67,25.1,"31d out → rack rate, monitoring occ | Events: Music Festival of the Lowcountry (×1.12)"
2026-06-17,Wednesday,31,302,Water View 302,water_view,319,369,415,20.6,75%,False,Music Festival of the Lowcountry,1.125,331.67,25.1,"31d out → rack rate, monitoring occ | Events: Music Festival of the Lowcountry (×1.12)"
2026-06-17,Wednesday,31,303,Water View 303,water_view,329,369,420,20.3,75%,False,Music Festival of the Lowcountry,1.125,331.67,26.6,"31d out → rack rate, monitoring occ | Events: Music Festival of the Lowcountry (×1.12)"
2026-06-17,Wednesday,31,304,Water View 304,water_view,319,359,410,20.9,75%,False,Music Festival of the Lowcountry,1.125,331.67,23.6,"31d out → rack rate, monitoring occ | Events: Music Festival of the Lowcountry (×1.12)"
2026-06-17,Wednesday,31,305,Water View 305,water_view,329,369,420,20.3,75%,False,Music Festival of the Lowcountry,1.125,331.67,26.6,"31d out → rack rate, monitoring occ | Events: Music Festival of the Lowcountry (×1.12)"
2026-06-17,Wednesday,31,101,Garden Room 101,garden,269,299,340,19.7,75%,False,Music Festival of the Lowcountry,1.125,331.67,2.5,"31d out → rack rate, monitoring occ | Events: Music Festival of the Lowcountry (×1.12)"
2026-06-17,Wednesday,31,102,Garden Room 102,garden,269,299,340,19.7,75%,False,Music Festival of the Lowcountry,1.125,331.67,2.5,"31d out → rack rate, monitoring occ | Events: Music Festival of the Lowcountry (×1.12)"
2026-06-17,Wednesday,31,103,Garden Room 103,garden,279,299,350,21.1,75%,False,Music Festival of the Lowcountry,1.125,331.67,5.5,"31d out → rack rate, monitoring occ | Events: Music Festival of the Lowcountry (×1.12)"
2026-06-17,Wednesday,31,104,Garden Room 104,garden,269,289,335,20.1,75%,False,Music Festival of the Lowcountry,1.125,331.67,1.0,"31d out → rack rate, monitoring occ | Events: Music Festival of the Lowcountry (×1.12)"
2026-06-17,Wednesday,31,cottage,Private Cottage,cottage,489,549,625,20.4,75%,False,Music Festival of the Lowcountry,1.125,331.67,88.4,"31d out → rack rate, monitoring occ | Events: Music Festival of the Lowcountry (×1.12)"
2026-06-18,Thursday,32,201,Waterfront 201,waterfront,389,459,510,20.3,75%,False,Music Festival of the Lowcountry,1.125,328.33,55.3,"32d out → rack rate, monitoring occ | Events: Music Festival of the Lowcountry (×1.12)"
2026-06-18,Thursday,32,202,Waterfront 202,waterfront,389,459,510,20.3,75%,False,Music Festival of the Lowcountry,1.125,328.33,55.3,"32d out → rack rate, monitoring occ | Events: Music Festival of the Lowcountry (×1.12)"
2026-06-18,Thursday,32,203,Waterfront 203,waterfront,399,459,515,20.0,75%,False,Music Festival of the Lowcountry,1.125,328.33,56.9,"32d out → rack rate, monitoring occ | Events: Music Festival of the Lowcountry (×1.12)"
2026-06-18,Thursday,32,204,Waterfront 204,waterfront,409,459,520,19.8,75%,False,Music Festival of the Lowcountry,1.125,328.33,58.4,"32d out → rack rate, monitoring occ | Events: Music Festival of the Lowcountry (×1.12)"
2026-06-18,Thursday,32,301,Water View 301,water_view,319,369,415,20.6,75%,False,Music Festival of the Lowcountry,1.125,328.33,26.4,"32d out → rack rate, monitoring occ | Events: Music Festival of the Lowcountry (×1.12)"
2026-06-18,Thursday,32,302,Water View 302,water_view,319,369,415,20.6,75%,False,Music Festival of the Lowcountry,1.125,328.33,26.4,"32d out → rack rate, monitoring occ | Events: Music Festival of the Lowcountry (×1.12)"
2026-06-18,Thursday,32,303,Water View 303,water_view,329,369,420,20.3,75%,False,Music Festival of the Lowcountry,1.125,328.33,27.9,"32d out → rack rate, monitoring occ | Events: Music Festival of the Lowcountry (×1.12)"
2026-06-18,Thursday,32,304,Water View 304,water_view,319,359,410,20.9,75%,False,Music Festival of the Lowcountry,1.125,328.33,24.9,"32d out → rack rate, monitoring occ | Events: Music Festival of the Lowcountry (×1.12)"
2026-06-18,Thursday,32,305,Water View 305,water_view,329,369,420,20.3,75%,False,Music Festival of the Lowcountry,1.125,328.33,27.9,"32d out → rack rate, monitoring occ | Events: Music Festival of the Lowcountry (×1.12)"
2026-06-18,Thursday,32,101,Garden Room 101,garden,269,299,340,19.7,75%,False,Music Festival of the Lowcountry,1.125,328.33,3.6,"32d out → rack rate, monitoring occ | Events: Music Festival of the Lowcountry (×1.12)"
2026-06-18,Thursday,32,102,Garden Room 102,garden,269,299,340,19.7,75%,False,Music Festival of the Lowcountry,1.125,328.33,3.6,"32d out → rack rate, monitoring occ | Events: Music Festival of the Lowcountry (×1.12)"
2026-06-18,Thursday,32,103,Garden Room 103,garden,279,299,350,21.1,75%,False,Music Festival of the Lowcountry,1.125,328.33,6.6,"32d out → rack rate, monitoring occ | Events: Music Festival of the Lowcountry (×1.12)"
2026-06-18,Thursday,32,104,Garden Room 104,garden,269,289,335,20.1,75%,False,Music Festival of the Lowcountry,1.125,328.33,2.0,"32d out → rack rate, monitoring occ | Events: Music Festival of the Lowcountry (×1.12)"
2026-06-18,Thursday,32,cottage,Private Cottage,cottage,489,549,625,20.4,75%,False,Music Festival of the Lowcountry,1.125,328.33,90.4,"32d out → rack rate, monitoring occ | Events: Music Festival of the Lowcountry (×1.12)"
2026-06-19,Friday,33,201,Waterfront 201,waterfront,389,459,650,53.3,75%,True,Music Festival of the Lowcountry; Parris Island USMC Graduation,1.25,356.67,82.2,"33d out → rack rate, monitoring occ | Events: Music Festival of the Lowcountry, Parris Island USMC Graduation (×1.25) | Weekend +15% (Fri/Sat)"
2026-06-19,Friday,33,202,Waterfront 202,waterfront,389,459,650,53.3,75%,True,Music Festival of the Lowcountry; Parris Island USMC Graduation,1.25,356.67,82.2,"33d out → rack rate, monitoring occ | Events: Music Festival of the Lowcountry, Parris Island USMC Graduation (×1.25) | Weekend +15% (Fri/Sat)"
2026-06-19,Friday,33,203,Waterfront 203,waterfront,399,459,660,53.8,75%,True,Music Festival of the Lowcountry; Parris Island USMC Graduation,1.25,356.67,85.0,"33d out → rack rate, monitoring occ | Events: Music Festival of the Lowcountry, Parris Island USMC Graduation (×1.25) | Weekend +15% (Fri/Sat)"
2026-06-19,Friday,33,204,Waterfront 204,waterfront,409,459,670,54.4,75%,True,Music Festival of the Lowcountry; Parris Island USMC Graduation,1.25,356.67,87.9,"33d out → rack rate, monitoring occ | Events: Music Festival of the Lowcountry, Parris Island USMC Graduation (×1.25) | Weekend +15% (Fri/Sat)"
2026-06-19,Friday,33,301,Water View 301,water_view,319,369,530,54.1,75%,True,Music Festival of the Lowcountry; Parris Island USMC Graduation,1.25,356.67,48.6,"33d out → rack rate, monitoring occ | Events: Music Festival of the Lowcountry, Parris Island USMC Graduation (×1.25) | Weekend +15% (Fri/Sat)"
2026-06-19,Friday,33,302,Water View 302,water_view,319,369,530,54.1,75%,True,Music Festival of the Lowcountry; Parris Island USMC Graduation,1.25,356.67,48.6,"33d out → rack rate, monitoring occ | Events: Music Festival of the Lowcountry, Parris Island USMC Graduation (×1.25) | Weekend +15% (Fri/Sat)"
2026-06-19,Friday,33,303,Water View 303,water_view,329,369,535,53.3,75%,True,Music Festival of the Lowcountry; Parris Island USMC Graduation,1.25,356.67,50.0,"33d out → rack rate, monitoring occ | Events: Music Festival of the Lowcountry, Parris Island USMC Graduation (×1.25) | Weekend +15% (Fri/Sat)"
2026-06-19,Friday,33,304,Water View 304,water_view,319,359,520,53.4,75%,True,Music Festival of the Lowcountry; Parris Island USMC Graduation,1.25,356.67,45.8,"33d out → rack rate, monitoring occ | Events: Music Festival of the Lowcountry, Parris Island USMC Graduation (×1.25) | Weekend +15% (Fri/Sat)"
2026-06-19,Friday,33,305,Water View 305,water_view,329,369,535,53.3,75%,True,Music Festival of the Lowcountry; Parris Island USMC Graduation,1.25,356.67,50.0,"33d out → rack rate, monitoring occ | Events: Music Festival of the Lowcountry, Parris Island USMC Graduation (×1.25) | Weekend +15% (Fri/Sat)"
2026-06-19,Friday,33,101,Garden Room 101,garden,269,299,435,53.2,75%,True,Music Festival of the Lowcountry; Parris Island USMC Graduation,1.25,356.67,22.0,"33d out → rack rate, monitoring occ | Events: Music Festival of the Lowcountry, Parris Island USMC Graduation (×1.25) | Weekend +15% (Fri/Sat)"
2026-06-19,Friday,33,102,Garden Room 102,garden,269,299,435,53.2,75%,True,Music Festival of the Lowcountry; Parris Island USMC Graduation,1.25,356.67,22.0,"33d out → rack rate, monitoring occ | Events: Music Festival of the Lowcountry, Parris Island USMC Graduation (×1.25) | Weekend +15% (Fri/Sat)"
2026-06-19,Friday,33,103,Garden Room 103,garden,279,299,445,54.0,75%,True,Music Festival of the Lowcountry; Parris Island USMC Graduation,1.25,356.67,24.8,"33d out → rack rate, monitoring occ | Events: Music Festival of the Lowcountry, Parris Island USMC Graduation (×1.25) | Weekend +15% (Fri/Sat)"
2026-06-19,Friday,33,104,Garden Room 104,garden,269,289,430,54.1,75%,True,Music Festival of the Lowcountry; Parris Island USMC Graduation,1.25,356.67,20.6,"33d out → rack rate, monitoring occ | Events: Music Festival of the Lowcountry, Parris Island USMC Graduation (×1.25) | Weekend +15% (Fri/Sat)"
2026-06-19,Friday,33,cottage,Private Cottage,cottage,489,549,800,54.1,75%,True,Music Festival of the Lowcountry; Parris Island USMC Graduation,1.25,356.67,124.3,"33d out → rack rate, monitoring occ | Events: Music Festival of the Lowcountry, Parris Island USMC Graduation (×1.25) | Weekend +15% (Fri/Sat)"
2026-06-20,Saturday,34,201,Waterfront 201,waterfront,389,459,650,53.3,75%,True,Music Festival of the Lowcountry; Downtown Farmers Market,1.25,358.33,81.4,"34d out → rack rate, monitoring occ | Events: Music Festival of the Lowcountry, Downtown Farmers Market (×1.25) | Weekend +15% (Fri/Sat)"
2026-06-20,Saturday,34,202,Waterfront 202,waterfront,389,459,650,53.3,75%,True,Music Festival of the Lowcountry; Downtown Farmers Market,1.25,358.33,81.4,"34d out → rack rate, monitoring occ | Events: Music Festival of the Lowcountry, Downtown Farmers Market (×1.25) | Weekend +15% (Fri/Sat)"
2026-06-20,Saturday,34,203,Waterfront 203,waterfront,399,459,660,53.8,75%,True,Music Festival of the Lowcountry; Downtown Farmers Market,1.25,358.33,84.2,"34d out → rack rate, monitoring occ | Events: Music Festival of the Lowcountry, Downtown Farmers Market (×1.25) | Weekend +15% (Fri/Sat)"
2026-06-20,Saturday,34,204,Waterfront 204,waterfront,409,459,670,54.4,75%,True,Music Festival of the Lowcountry; Downtown Farmers Market,1.25,358.33,87.0,"34d out → rack rate, monitoring occ | Events: Music Festival of the Lowcountry, Downtown Farmers Market (×1.25) | Weekend +15% (Fri/Sat)"
2026-06-20,Saturday,34,301,Water View 301,water_view,319,369,530,54.1,75%,True,Music Festival of the Lowcountry; Downtown Farmers Market,1.25,358.33,47.9,"34d out → rack rate, monitoring occ | Events: Music Festival of the Lowcountry, Downtown Farmers Market (×1.25) | Weekend +15% (Fri/Sat)"
2026-06-20,Saturday,34,302,Water View 302,water_view,319,369,530,54.1,75%,True,Music Festival of the Lowcountry; Downtown Farmers Market,1.25,358.33,47.9,"34d out → rack rate, monitoring occ | Events: Music Festival of the Lowcountry, Downtown Farmers Market (×1.25) | Weekend +15% (Fri/Sat)"
2026-06-20,Saturday,34,303,Water View 303,water_view,329,369,535,53.3,75%,True,Music Festival of the Lowcountry; Downtown Farmers Market,1.25,358.33,49.3,"34d out → rack rate, monitoring occ | Events: Music Festival of the Lowcountry, Downtown Farmers Market (×1.25) | Weekend +15% (Fri/Sat)"
2026-06-20,Saturday,34,304,Water View 304,water_view,319,359,520,53.4,75%,True,Music Festival of the Lowcountry; Downtown Farmers Market,1.25,358.33,45.1,"34d out → rack rate, monitoring occ | Events: Music Festival of the Lowcountry, Downtown Farmers Market (×1.25) | Weekend +15% (Fri/Sat)"
2026-06-20,Saturday,34,305,Water View 305,water_view,329,369,535,53.3,75%,True,Music Festival of the Lowcountry; Downtown Farmers Market,1.25,358.33,49.3,"34d out → rack rate, monitoring occ | Events: Music Festival of the Lowcountry, Downtown Farmers Market (×1.25) | Weekend +15% (Fri/Sat)"
2026-06-20,Saturday,34,101,Garden Room 101,garden,269,299,435,53.2,75%,True,Music Festival of the Lowcountry; Downtown Farmers Market,1.25,358.33,21.4,"34d out → rack rate, monitoring occ | Events: Music Festival of the Lowcountry, Downtown Farmers Market (×1.25) | Weekend +15% (Fri/Sat)"
2026-06-20,Saturday,34,102,Garden Room 102,garden,269,299,435,53.2,75%,True,Music Festival of the Lowcountry; Downtown Farmers Market,1.25,358.33,21.4,"34d out → rack rate, monitoring occ | Events: Music Festival of the Lowcountry, Downtown Farmers Market (×1.25) | Weekend +15% (Fri/Sat)"
2026-06-20,Saturday,34,103,Garden Room 103,garden,279,299,445,54.0,75%,True,Music Festival of the Lowcountry; Downtown Farmers Market,1.25,358.33,24.2,"34d out → rack rate, monitoring occ | Events: Music Festival of the Lowcountry, Downtown Farmers Market (×1.25) | Weekend +15% (Fri/Sat)"
2026-06-20,Saturday,34,104,Garden Room 104,garden,269,289,430,54.1,75%,True,Music Festival of the Lowcountry; Downtown Farmers Market,1.25,358.33,20.0,"34d out → rack rate, monitoring occ | Events: Music Festival of the Lowcountry, Downtown Farmers Market (×1.25) | Weekend +15% (Fri/Sat)"
2026-06-20,Saturday,34,cottage,Private Cottage,cottage,489,549,800,54.1,75%,True,Music Festival of the Lowcountry; Downtown Farmers Market,1.25,358.33,123.3,"34d out → rack rate, monitoring occ | Events: Music Festival of the Lowcountry, Downtown Farmers Market (×1.25) | Weekend +15% (Fri/Sat)"
2026-06-21,Sunday,35,201,Waterfront 201,waterfront,389,459,565,33.3,75%,False,Music Festival of the Lowcountry,1.25,359.17,57.3,"35d out → rack rate, monitoring occ | Events: Music Festival of the Lowcountry (×1.25)"
2026-06-21,Sunday,35,202,Waterfront 202,waterfront,389,459,565,33.3,75%,False,Music Festival of the Lowcountry,1.25,359.17,57.3,"35d out → rack rate, monitoring occ | Events: Music Festival of the Lowcountry (×1.25)"
2026-06-21,Sunday,35,203,Waterfront 203,waterfront,399,459,575,34.0,75%,False,Music Festival of the Lowcountry,1.25,359.17,60.1,"35d out → rack rate, monitoring occ | Events: Music Festival of the Lowcountry (×1.25)"
2026-06-21,Sunday,35,204,Waterfront 204,waterfront,409,459,580,33.6,75%,False,Music Festival of the Lowcountry,1.25,359.17,61.5,"35d out → rack rate, monitoring occ | Events: Music Festival of the Lowcountry (×1.25)"
2026-06-21,Sunday,35,301,Water View 301,water_view,319,369,460,33.7,75%,False,Music Festival of the Lowcountry,1.25,359.17,28.1,"35d out → rack rate, monitoring occ | Events: Music Festival of the Lowcountry (×1.25)"
2026-06-21,Sunday,35,302,Water View 302,water_view,319,369,460,33.7,75%,False,Music Festival of the Lowcountry,1.25,359.17,28.1,"35d out → rack rate, monitoring occ | Events: Music Festival of the Lowcountry (×1.25)"
2026-06-21,Sunday,35,303,Water View 303,water_view,329,369,465,33.2,75%,False,Music Festival of the Lowcountry,1.25,359.17,29.5,"35d out → rack rate, monitoring occ | Events: Music Festival of the Lowcountry (×1.25)"
2026-06-21,Sunday,35,304,Water View 304,water_view,319,359,455,34.2,75%,False,Music Festival of the Lowcountry,1.25,359.17,26.7,"35d out → rack rate, monitoring occ | Events: Music Festival of the Lowcountry (×1.25)"
2026-06-21,Sunday,35,305,Water View 305,water_view,329,369,465,33.2,75%,False,Music Festival of the Lowcountry,1.25,359.17,29.5,"35d out → rack rate, monitoring occ | Events: Music Festival of the Lowcountry (×1.25)"
2026-06-21,Sunday,35,101,Garden Room 101,garden,269,299,380,33.8,75%,False,Music Festival of the Lowcountry,1.25,359.17,5.8,"35d out → rack rate, monitoring occ | Events: Music Festival of the Lowcountry (×1.25)"
2026-06-21,Sunday,35,102,Garden Room 102,garden,269,299,380,33.8,75%,False,Music Festival of the Lowcountry,1.25,359.17,5.8,"35d out → rack rate, monitoring occ | Events: Music Festival of the Lowcountry (×1.25)"
2026-06-21,Sunday,35,103,Garden Room 103,garden,279,299,385,33.2,75%,False,Music Festival of the Lowcountry,1.25,359.17,7.2,"35d out → rack rate, monitoring occ | Events: Music Festival of the Lowcountry (×1.25)"
2026-06-21,Sunday,35,104,Garden Room 104,garden,269,289,375,34.4,75%,False,Music Festival of the Lowcountry,1.25,359.17,4.4,"35d out → rack rate, monitoring occ | Events: Music Festival of the Lowcountry (×1.25)"
2026-06-21,Sunday,35,cottage,Private Cottage,cottage,489,549,695,33.9,75%,False,Music Festival of the Lowcountry,1.25,359.17,93.5,"35d out → rack rate, monitoring occ | Events: Music Festival of the Lowcountry (×1.25)"
2026-06-22,Monday,36,201,Waterfront 201,waterfront,389,459,565,33.3,75%,False,Music Festival of the Lowcountry,1.25,355.83,58.8,"36d out → rack rate, monitoring occ | Events: Music Festival of the Lowcountry (×1.25)"
2026-06-22,Monday,36,202,Waterfront 202,waterfront,389,459,565,33.3,75%,False,Music Festival of the Lowcountry,1.25,355.83,58.8,"36d out → rack rate, monitoring occ | Events: Music Festival of the Lowcountry (×1.25)"
2026-06-22,Monday,36,203,Waterfront 203,waterfront,399,459,575,34.0,75%,False,Music Festival of the Lowcountry,1.25,355.83,61.6,"36d out → rack rate, monitoring occ | Events: Music Festival of the Lowcountry (×1.25)"
2026-06-22,Monday,36,204,Waterfront 204,waterfront,409,459,580,33.6,75%,False,Music Festival of the Lowcountry,1.25,355.83,63.0,"36d out → rack rate, monitoring occ | Events: Music Festival of the Lowcountry (×1.25)"
2026-06-22,Monday,36,301,Water View 301,water_view,319,369,460,33.7,75%,False,Music Festival of the Lowcountry,1.25,355.83,29.3,"36d out → rack rate, monitoring occ | Events: Music Festival of the Lowcountry (×1.25)"
2026-06-22,Monday,36,302,Water View 302,water_view,319,369,460,33.7,75%,False,Music Festival of the Lowcountry,1.25,355.83,29.3,"36d out → rack rate, monitoring occ | Events: Music Festival of the Lowcountry (×1.25)"
2026-06-22,Monday,36,303,Water View 303,water_view,329,369,465,33.2,75%,False,Music Festival of the Lowcountry,1.25,355.83,30.7,"36d out → rack rate, monitoring occ | Events: Music Festival of the Lowcountry (×1.25)"
2026-06-22,Monday,36,304,Water View 304,water_view,319,359,455,34.2,75%,False,Music Festival of the Lowcountry,1.25,355.83,27.9,"36d out → rack rate, monitoring occ | Events: Music Festival of the Lowcountry (×1.25)"
2026-06-22,Monday,36,305,Water View 305,water_view,329,369,465,33.2,75%,False,Music Festival of the Lowcountry,1.25,355.83,30.7,"36d out → rack rate, monitoring occ | Events: Music Festival of the Lowcountry (×1.25)"
2026-06-22,Monday,36,101,Garden Room 101,garden,269,299,380,33.8,75%,False,Music Festival of the Lowcountry,1.25,355.83,6.8,"36d out → rack rate, monitoring occ | Events: Music Festival of the Lowcountry (×1.25)"
2026-06-22,Monday,36,102,Garden Room 102,garden,269,299,380,33.8,75%,False,Music Festival of the Lowcountry,1.25,355.83,6.8,"36d out → rack rate, monitoring occ | Events: Music Festival of the Lowcountry (×1.25)"
2026-06-22,Monday,36,103,Garden Room 103,garden,279,299,385,33.2,75%,False,Music Festival of the Lowcountry,1.25,355.83,8.2,"36d out → rack rate, monitoring occ | Events: Music Festival of the Lowcountry (×1.25)"
2026-06-22,Monday,36,104,Garden Room 104,garden,269,289,375,34.4,75%,False,Music Festival of the Lowcountry,1.25,355.83,5.4,"36d out → rack rate, monitoring occ | Events: Music Festival of the Lowcountry (×1.25)"
2026-06-22,Monday,36,cottage,Private Cottage,cottage,489,549,695,33.9,75%,False,Music Festival of the Lowcountry,1.25,355.83,95.3,"36d out → rack rate, monitoring occ | Events: Music Festival of the Lowcountry (×1.25)"
2026-06-23,Tuesday,37,201,Waterfront 201,waterfront,389,459,455,7.3,75%,False,,1.0,302.5,50.4,"37d out → rack rate, monitoring occ"
2026-06-23,Tuesday,37,202,Waterfront 202,waterfront,389,459,455,7.3,75%,False,,1.0,302.5,50.4,"37d out → rack rate, monitoring occ"
2026-06-23,Tuesday,37,203,Waterfront 203,waterfront,399,459,460,7.2,75%,False,,1.0,302.5,52.1,"37d out → rack rate, monitoring occ"
2026-06-23,Tuesday,37,204,Waterfront 204,waterfront,409,459,465,7.1,75%,False,,1.0,302.5,53.7,"37d out → rack rate, monitoring occ"
2026-06-23,Tuesday,37,301,Water View 301,water_view,319,369,370,7.6,75%,False,,1.0,302.5,22.3,"37d out → rack rate, monitoring occ"
2026-06-23,Tuesday,37,302,Water View 302,water_view,319,369,370,7.6,75%,False,,1.0,302.5,22.3,"37d out → rack rate, monitoring occ"
2026-06-23,Tuesday,37,303,Water View 303,water_view,329,369,375,7.4,75%,False,,1.0,302.5,24.0,"37d out → rack rate, monitoring occ"
2026-06-23,Tuesday,37,304,Water View 304,water_view,319,359,365,7.7,75%,False,,1.0,302.5,20.7,"37d out → rack rate, monitoring occ"
2026-06-23,Tuesday,37,305,Water View 305,water_view,329,369,375,7.4,75%,False,,1.0,302.5,24.0,"37d out → rack rate, monitoring occ"
2026-06-23,Tuesday,37,101,Garden Room 101,garden,269,299,305,7.4,75%,False,,1.0,302.5,0.8,"37d out → rack rate, monitoring occ"
2026-06-23,Tuesday,37,102,Garden Room 102,garden,269,299,305,7.4,75%,False,,1.0,302.5,0.8,"37d out → rack rate, monitoring occ"
2026-06-23,Tuesday,37,103,Garden Room 103,garden,279,299,310,7.3,75%,False,,1.0,302.5,2.5,"37d out → rack rate, monitoring occ"
2026-06-23,Tuesday,37,104,Garden Room 104,garden,269,289,300,7.5,75%,False,,1.0,302.5,-0.8,"37d out → rack rate, monitoring occ"
2026-06-23,Tuesday,37,cottage,Private Cottage,cottage,489,549,555,6.9,75%,False,,1.0,302.5,83.5,"37d out → rack rate, monitoring occ"
2026-06-24,Wednesday,38,201,Waterfront 201,waterfront,389,459,455,7.3,75%,False,,1.0,304.17,49.6,"38d out → rack rate, monitoring occ"
2026-06-24,Wednesday,38,202,Waterfront 202,waterfront,389,459,455,7.3,75%,False,,1.0,304.17,49.6,"38d out → rack rate, monitoring occ"
2026-06-24,Wednesday,38,203,Waterfront 203,waterfront,399,459,460,7.2,75%,False,,1.0,304.17,51.2,"38d out → rack rate, monitoring occ"
2026-06-24,Wednesday,38,204,Waterfront 204,waterfront,409,459,465,7.1,75%,False,,1.0,304.17,52.9,"38d out → rack rate, monitoring occ"
2026-06-24,Wednesday,38,301,Water View 301,water_view,319,369,370,7.6,75%,False,,1.0,304.17,21.6,"38d out → rack rate, monitoring occ"
2026-06-24,Wednesday,38,302,Water View 302,water_view,319,369,370,7.6,75%,False,,1.0,304.17,21.6,"38d out → rack rate, monitoring occ"
2026-06-24,Wednesday,38,303,Water View 303,water_view,329,369,375,7.4,75%,False,,1.0,304.17,23.3,"38d out → rack rate, monitoring occ"
2026-06-24,Wednesday,38,304,Water View 304,water_view,319,359,365,7.7,75%,False,,1.0,304.17,20.0,"38d out → rack rate, monitoring occ"
2026-06-24,Wednesday,38,305,Water View 305,water_view,329,369,375,7.4,75%,False,,1.0,304.17,23.3,"38d out → rack rate, monitoring occ"
2026-06-24,Wednesday,38,101,Garden Room 101,garden,269,299,305,7.4,75%,False,,1.0,304.17,0.3,"38d out → rack rate, monitoring occ"
2026-06-24,Wednesday,38,102,Garden Room 102,garden,269,299,305,7.4,75%,False,,1.0,304.17,0.3,"38d out → rack rate, monitoring occ"
2026-06-24,Wednesday,38,103,Garden Room 103,garden,279,299,310,7.3,75%,False,,1.0,304.17,1.9,"38d out → rack rate, monitoring occ"
2026-06-24,Wednesday,38,104,Garden Room 104,garden,269,289,300,7.5,75%,False,,1.0,304.17,-1.4,"38d out → rack rate, monitoring occ"
2026-06-24,Wednesday,38,cottage,Private Cottage,cottage,489,549,555,6.9,75%,False,,1.0,304.17,82.5,"38d out → rack rate, monitoring occ"
2026-06-25,Thursday,39,201,Waterfront 201,waterfront,389,459,455,7.3,75%,False,,1.0,305.0,49.2,"39d out → rack rate, monitoring occ"
2026-06-25,Thursday,39,202,Waterfront 202,waterfront,389,459,455,7.3,75%,False,,1.0,305.0,49.2,"39d out → rack rate, monitoring occ"
2026-06-25,Thursday,39,203,Waterfront 203,waterfront,399,459,460,7.2,75%,False,,1.0,305.0,50.8,"39d out → rack rate, monitoring occ"
2026-06-25,Thursday,39,204,Waterfront 204,waterfront,409,459,465,7.1,75%,False,,1.0,305.0,52.5,"39d out → rack rate, monitoring occ"
2026-06-25,Thursday,39,301,Water View 301,water_view,319,369,370,7.6,75%,False,,1.0,305.0,21.3,"39d out → rack rate, monitoring occ"
2026-06-25,Thursday,39,302,Water View 302,water_view,319,369,370,7.6,75%,False,,1.0,305.0,21.3,"39d out → rack rate, monitoring occ"
2026-06-25,Thursday,39,303,Water View 303,water_view,329,369,375,7.4,75%,False,,1.0,305.0,23.0,"39d out → rack rate, monitoring occ"
2026-06-25,Thursday,39,304,Water View 304,water_view,319,359,365,7.7,75%,False,,1.0,305.0,19.7,"39d out → rack rate, monitoring occ"
2026-06-25,Thursday,39,305,Water View 305,water_view,329,369,375,7.4,75%,False,,1.0,305.0,23.0,"39d out → rack rate, monitoring occ"
2026-06-25,Thursday,39,101,Garden Room 101,garden,269,299,305,7.4,75%,False,,1.0,305.0,0.0,"39d out → rack rate, monitoring occ"
2026-06-25,Thursday,39,102,Garden Room 102,garden,269,299,305,7.4,75%,False,,1.0,305.0,0.0,"39d out → rack rate, monitoring occ"
2026-06-25,Thursday,39,103,Garden Room 103,garden,279,299,310,7.3,75%,False,,1.0,305.0,1.6,"39d out → rack rate, monitoring occ"
2026-06-25,Thursday,39,104,Garden Room 104,garden,269,289,300,7.5,75%,False,,1.0,305.0,-1.6,"39d out → rack rate, monitoring occ"
2026-06-25,Thursday,39,cottage,Private Cottage,cottage,489,549,555,6.9,75%,False,,1.0,305.0,82.0,"39d out → rack rate, monitoring occ"
2026-06-26,Friday,40,201,Waterfront 201,waterfront,389,459,520,22.6,75%,True,,1.0,349.17,48.9,"40d out → rack rate, monitoring occ | Weekend +15% (Fri/Sat)"
2026-06-26,Friday,40,202,Waterfront 202,waterfront,389,459,520,22.6,75%,True,,1.0,349.17,48.9,"40d out → rack rate, monitoring occ | Weekend +15% (Fri/Sat)"
2026-06-26,Friday,40,203,Waterfront 203,waterfront,399,459,530,23.5,75%,True,,1.0,349.17,51.8,"40d out → rack rate, monitoring occ | Weekend +15% (Fri/Sat)"
2026-06-26,Friday,40,204,Waterfront 204,waterfront,409,459,535,23.3,75%,True,,1.0,349.17,53.2,"40d out → rack rate, monitoring occ | Weekend +15% (Fri/Sat)"
2026-06-26,Friday,40,301,Water View 301,water_view,319,369,425,23.5,75%,True,,1.0,349.17,21.7,"40d out → rack rate, monitoring occ | Weekend +15% (Fri/Sat)"
2026-06-26,Friday,40,302,Water View 302,water_view,319,369,425,23.5,75%,True,,1.0,349.17,21.7,"40d out → rack rate, monitoring occ | Weekend +15% (Fri/Sat)"
2026-06-26,Friday,40,303,Water View 303,water_view,329,369,430,23.2,75%,True,,1.0,349.17,23.2,"40d out → rack rate, monitoring occ | Weekend +15% (Fri/Sat)"
2026-06-26,Friday,40,304,Water View 304,water_view,319,359,415,22.4,75%,True,,1.0,349.17,18.9,"40d out → rack rate, monitoring occ | Weekend +15% (Fri/Sat)"
2026-06-26,Friday,40,305,Water View 305,water_view,329,369,430,23.2,75%,True,,1.0,349.17,23.2,"40d out → rack rate, monitoring occ | Weekend +15% (Fri/Sat)"
2026-06-26,Friday,40,101,Garden Room 101,garden,269,299,350,23.2,75%,True,,1.0,349.17,0.2,"40d out → rack rate, monitoring occ | Weekend +15% (Fri/Sat)"
2026-06-26,Friday,40,102,Garden Room 102,garden,269,299,350,23.2,75%,True,,1.0,349.17,0.2,"40d out → rack rate, monitoring occ | Weekend +15% (Fri/Sat)"
2026-06-26,Friday,40,103,Garden Room 103,garden,279,299,355,22.8,75%,True,,1.0,349.17,1.7,"40d out → rack rate, monitoring occ | Weekend +15% (Fri/Sat)"
2026-06-26,Friday,40,104,Garden Room 104,garden,269,289,345,23.7,75%,True,,1.0,349.17,-1.2,"40d out → rack rate, monitoring occ | Weekend +15% (Fri/Sat)"
2026-06-26,Friday,40,cottage,Private Cottage,cottage,489,549,640,23.3,75%,True,,1.0,349.17,83.3,"40d out → rack rate, monitoring occ | Weekend +15% (Fri/Sat)"
2026-06-27,Saturday,41,201,Waterfront 201,waterfront,389,459,565,33.3,75%,True,Downtown Farmers Market,1.08,345.83,63.4,"41d out → rack rate, monitoring occ | Events: Downtown Farmers Market (×1.08) | Weekend +15% (Fri/Sat)"
2026-06-27,Saturday,41,202,Waterfront 202,waterfront,389,459,565,33.3,75%,True,Downtown Farmers Market,1.08,345.83,63.4,"41d out → rack rate, monitoring occ | Events: Downtown Farmers Market (×1.08) | Weekend +15% (Fri/Sat)"
2026-06-27,Saturday,41,203,Waterfront 203,waterfront,399,459,570,32.9,75%,True,Downtown Farmers Market,1.08,345.83,64.8,"41d out → rack rate, monitoring occ | Events: Downtown Farmers Market (×1.08) | Weekend +15% (Fri/Sat)"
2026-06-27,Saturday,41,204,Waterfront 204,waterfront,409,459,575,32.5,75%,True,Downtown Farmers Market,1.08,345.83,66.3,"41d out → rack rate, monitoring occ | Events: Downtown Farmers Market (×1.08) | Weekend +15% (Fri/Sat)"
2026-06-27,Saturday,41,301,Water View 301,water_view,319,369,455,32.3,75%,True,Downtown Farmers Market,1.08,345.83,31.6,"41d out → rack rate, monitoring occ | Events: Downtown Farmers Market (×1.08) | Weekend +15% (Fri/Sat)"
2026-06-27,Saturday,41,302,Water View 302,water_view,319,369,455,32.3,75%,True,Downtown Farmers Market,1.08,345.83,31.6,"41d out → rack rate, monitoring occ | Events: Downtown Farmers Market (×1.08) | Weekend +15% (Fri/Sat)"
2026-06-27,Saturday,41,303,Water View 303,water_view,329,369,465,33.2,75%,True,Downtown Farmers Market,1.08,345.83,34.5,"41d out → rack rate, monitoring occ | Events: Downtown Farmers Market (×1.08) | Weekend +15% (Fri/Sat)"
2026-06-27,Saturday,41,304,Water View 304,water_view,319,359,450,32.7,75%,True,Downtown Farmers Market,1.08,345.83,30.1,"41d out → rack rate, monitoring occ | Events: Downtown Farmers Market (×1.08) | Weekend +15% (Fri/Sat)"
2026-06-27,Saturday,41,305,Water View 305,water_view,329,369,465,33.2,75%,True,Downtown Farmers Market,1.08,345.83,34.5,"41d out → rack rate, monitoring occ | Events: Downtown Farmers Market (×1.08) | Weekend +15% (Fri/Sat)"
2026-06-27,Saturday,41,101,Garden Room 101,garden,269,299,375,32.0,75%,True,Downtown Farmers Market,1.08,345.83,8.4,"41d out → rack rate, monitoring occ | Events: Downtown Farmers Market (×1.08) | Weekend +15% (Fri/Sat)"
2026-06-27,Saturday,41,102,Garden Room 102,garden,269,299,375,32.0,75%,True,Downtown Farmers Market,1.08,345.83,8.4,"41d out → rack rate, monitoring occ | Events: Downtown Farmers Market (×1.08) | Weekend +15% (Fri/Sat)"
2026-06-27,Saturday,41,103,Garden Room 103,garden,279,299,385,33.2,75%,True,Downtown Farmers Market,1.08,345.83,11.3,"41d out → rack rate, monitoring occ | Events: Downtown Farmers Market (×1.08) | Weekend +15% (Fri/Sat)"
2026-06-27,Saturday,41,104,Garden Room 104,garden,269,289,370,32.6,75%,True,Downtown Farmers Market,1.08,345.83,7.0,"41d out → rack rate, monitoring occ | Events: Downtown Farmers Market (×1.08) | Weekend +15% (Fri/Sat)"
2026-06-27,Saturday,41,cottage,Private Cottage,cottage,489,549,690,32.9,75%,True,Downtown Farmers Market,1.08,345.83,99.5,"41d out → rack rate, monitoring occ | Events: Downtown Farmers Market (×1.08) | Weekend +15% (Fri/Sat)"
2026-06-28,Sunday,42,201,Waterfront 201,waterfront,389,459,455,7.3,75%,False,,1.0,302.5,50.4,"42d out → rack rate, monitoring occ"
2026-06-28,Sunday,42,202,Waterfront 202,waterfront,389,459,455,7.3,75%,False,,1.0,302.5,50.4,"42d out → rack rate, monitoring occ"
2026-06-28,Sunday,42,203,Waterfront 203,waterfront,399,459,460,7.2,75%,False,,1.0,302.5,52.1,"42d out → rack rate, monitoring occ"
2026-06-28,Sunday,42,204,Waterfront 204,waterfront,409,459,465,7.1,75%,False,,1.0,302.5,53.7,"42d out → rack rate, monitoring occ"
2026-06-28,Sunday,42,301,Water View 301,water_view,319,369,370,7.6,75%,False,,1.0,302.5,22.3,"42d out → rack rate, monitoring occ"
2026-06-28,Sunday,42,302,Water View 302,water_view,319,369,370,7.6,75%,False,,1.0,302.5,22.3,"42d out → rack rate, monitoring occ"
2026-06-28,Sunday,42,303,Water View 303,water_view,329,369,375,7.4,75%,False,,1.0,302.5,24.0,"42d out → rack rate, monitoring occ"
2026-06-28,Sunday,42,304,Water View 304,water_view,319,359,365,7.7,75%,False,,1.0,302.5,20.7,"42d out → rack rate, monitoring occ"
2026-06-28,Sunday,42,305,Water View 305,water_view,329,369,375,7.4,75%,False,,1.0,302.5,24.0,"42d out → rack rate, monitoring occ"
2026-06-28,Sunday,42,101,Garden Room 101,garden,269,299,305,7.4,75%,False,,1.0,302.5,0.8,"42d out → rack rate, monitoring occ"
2026-06-28,Sunday,42,102,Garden Room 102,garden,269,299,305,7.4,75%,False,,1.0,302.5,0.8,"42d out → rack rate, monitoring occ"
2026-06-28,Sunday,42,103,Garden Room 103,garden,279,299,310,7.3,75%,False,,1.0,302.5,2.5,"42d out → rack rate, monitoring occ"
2026-06-28,Sunday,42,104,Garden Room 104,garden,269,289,300,7.5,75%,False,,1.0,302.5,-0.8,"42d out → rack rate, monitoring occ"
2026-06-28,Sunday,42,cottage,Private Cottage,cottage,489,549,555,6.9,75%,False,,1.0,302.5,83.5,"42d out → rack rate, monitoring occ"
2026-06-29,Monday,43,201,Waterfront 201,waterfront,389,459,455,7.3,75%,False,,1.0,303.33,50.0,"43d out → rack rate, monitoring occ"
2026-06-29,Monday,43,202,Waterfront 202,waterfront,389,459,455,7.3,75%,False,,1.0,303.33,50.0,"43d out → rack rate, monitoring occ"
2026-06-29,Monday,43,203,Waterfront 203,waterfront,399,459,460,7.2,75%,False,,1.0,303.33,51.6,"43d out → rack rate, monitoring occ"
2026-06-29,Monday,43,204,Waterfront 204,waterfront,409,459,465,7.1,75%,False,,1.0,303.33,53.3,"43d out → rack rate, monitoring occ"
2026-06-29,Monday,43,301,Water View 301,water_view,319,369,370,7.6,75%,False,,1.0,303.33,22.0,"43d out → rack rate, monitoring occ"
2026-06-29,Monday,43,302,Water View 302,water_view,319,369,370,7.6,75%,False,,1.0,303.33,22.0,"43d out → rack rate, monitoring occ"
2026-06-29,Monday,43,303,Water View 303,water_view,329,369,375,7.4,75%,False,,1.0,303.33,23.6,"43d out → rack rate, monitoring occ"
2026-06-29,Monday,43,304,Water View 304,water_view,319,359,365,7.7,75%,False,,1.0,303.33,20.3,"43d out → rack rate, monitoring occ"
2026-06-29,Monday,43,305,Water View 305,water_view,329,369,375,7.4,75%,False,,1.0,303.33,23.6,"43d out → rack rate, monitoring occ"
2026-06-29,Monday,43,101,Garden Room 101,garden,269,299,305,7.4,75%,False,,1.0,303.33,0.5,"43d out → rack rate, monitoring occ"
2026-06-29,Monday,43,102,Garden Room 102,garden,269,299,305,7.4,75%,False,,1.0,303.33,0.5,"43d out → rack rate, monitoring occ"
2026-06-29,Monday,43,103,Garden Room 103,garden,279,299,310,7.3,75%,False,,1.0,303.33,2.2,"43d out → rack rate, monitoring occ"
2026-06-29,Monday,43,104,Garden Room 104,garden,269,289,300,7.5,75%,False,,1.0,303.33,-1.1,"43d out → rack rate, monitoring occ"
2026-06-29,Monday,43,cottage,Private Cottage,cottage,489,549,555,6.9,75%,False,,1.0,303.33,83.0,"43d out → rack rate, monitoring occ"
2026-06-30,Tuesday,44,201,Waterfront 201,waterfront,389,459,455,7.3,75%,False,,1.0,302.5,50.4,"44d out → rack rate, monitoring occ"
2026-06-30,Tuesday,44,202,Waterfront 202,waterfront,389,459,455,7.3,75%,False,,1.0,302.5,50.4,"44d out → rack rate, monitoring occ"
2026-06-30,Tuesday,44,203,Waterfront 203,waterfront,399,459,460,7.2,75%,False,,1.0,302.5,52.1,"44d out → rack rate, monitoring occ"
2026-06-30,Tuesday,44,204,Waterfront 204,waterfront,409,459,465,7.1,75%,False,,1.0,302.5,53.7,"44d out → rack rate, monitoring occ"
2026-06-30,Tuesday,44,301,Water View 301,water_view,319,369,370,7.6,75%,False,,1.0,302.5,22.3,"44d out → rack rate, monitoring occ"
2026-06-30,Tuesday,44,302,Water View 302,water_view,319,369,370,7.6,75%,False,,1.0,302.5,22.3,"44d out → rack rate, monitoring occ"
2026-06-30,Tuesday,44,303,Water View 303,water_view,329,369,375,7.4,75%,False,,1.0,302.5,24.0,"44d out → rack rate, monitoring occ"
2026-06-30,Tuesday,44,304,Water View 304,water_view,319,359,365,7.7,75%,False,,1.0,302.5,20.7,"44d out → rack rate, monitoring occ"
2026-06-30,Tuesday,44,305,Water View 305,water_view,329,369,375,7.4,75%,False,,1.0,302.5,24.0,"44d out → rack rate, monitoring occ"
2026-06-30,Tuesday,44,101,Garden Room 101,garden,269,299,305,7.4,75%,False,,1.0,302.5,0.8,"44d out → rack rate, monitoring occ"
2026-06-30,Tuesday,44,102,Garden Room 102,garden,269,299,305,7.4,75%,False,,1.0,302.5,0.8,"44d out → rack rate, monitoring occ"
2026-06-30,Tuesday,44,103,Garden Room 103,garden,279,299,310,7.3,75%,False,,1.0,302.5,2.5,"44d out → rack rate, monitoring occ"
2026-06-30,Tuesday,44,104,Garden Room 104,garden,269,289,300,7.5,75%,False,,1.0,302.5,-0.8,"44d out → rack rate, monitoring occ"
2026-06-30,Tuesday,44,cottage,Private Cottage,cottage,489,549,555,6.9,75%,False,,1.0,302.5,83.5,"44d out → rack rate, monitoring occ"
2026-07-01,Wednesday,45,201,Waterfront 201,waterfront,389,459,590,39.2,75%,False,4th of July Celebrations,1.175,375.83,57.0,"45d out → rack rate, monitoring occ | Events: 4th of July Celebrations (×1.18)"
2026-07-01,Wednesday,45,202,Waterfront 202,waterfront,389,459,590,39.2,75%,False,4th of July Celebrations,1.175,375.83,57.0,"45d out → rack rate, monitoring occ | Events: 4th of July Celebrations (×1.18)"
2026-07-01,Wednesday,45,203,Waterfront 203,waterfront,399,459,595,38.7,75%,False,4th of July Celebrations,1.175,375.83,58.3,"45d out → rack rate, monitoring occ | Events: 4th of July Celebrations (×1.18)"
2026-07-01,Wednesday,45,204,Waterfront 204,waterfront,409,459,600,38.2,75%,False,4th of July Celebrations,1.175,375.83,59.6,"45d out → rack rate, monitoring occ | Events: 4th of July Celebrations (×1.18)"
2026-07-01,Wednesday,45,301,Water View 301,water_view,319,369,475,38.1,75%,False,4th of July Celebrations,1.175,375.83,26.4,"45d out → rack rate, monitoring occ | Events: 4th of July Celebrations (×1.18)"
2026-07-01,Wednesday,45,302,Water View 302,water_view,319,369,475,38.1,75%,False,4th of July Celebrations,1.175,375.83,26.4,"45d out → rack rate, monitoring occ | Events: 4th of July Celebrations (×1.18)"
2026-07-01,Wednesday,45,303,Water View 303,water_view,329,369,485,39.0,75%,False,4th of July Celebrations,1.175,375.83,29.0,"45d out → rack rate, monitoring occ | Events: 4th of July Celebrations (×1.18)"
2026-07-01,Wednesday,45,304,Water View 304,water_view,319,359,470,38.6,75%,False,4th of July Celebrations,1.175,375.83,25.1,"45d out → rack rate, monitoring occ | Events: 4th of July Celebrations (×1.18)"
2026-07-01,Wednesday,45,305,Water View 305,water_view,329,369,485,39.0,75%,False,4th of July Celebrations,1.175,375.83,29.0,"45d out → rack rate, monitoring occ | Events: 4th of July Celebrations (×1.18)"
2026-07-01,Wednesday,45,101,Garden Room 101,garden,269,299,395,39.1,75%,False,4th of July Celebrations,1.175,375.83,5.1,"45d out → rack rate, monitoring occ | Events: 4th of July Celebrations (×1.18)"
2026-07-01,Wednesday,45,102,Garden Room 102,garden,269,299,395,39.1,75%,False,4th of July Celebrations,1.175,375.83,5.1,"45d out → rack rate, monitoring occ | Events: 4th of July Celebrations (×1.18)"
2026-07-01,Wednesday,45,103,Garden Room 103,garden,279,299,400,38.4,75%,False,4th of July Celebrations,1.175,375.83,6.4,"45d out → rack rate, monitoring occ | Events: 4th of July Celebrations (×1.18)"
2026-07-01,Wednesday,45,104,Garden Room 104,garden,269,289,385,38.0,75%,False,4th of July Celebrations,1.175,375.83,2.4,"45d out → rack rate, monitoring occ | Events: 4th of July Celebrations (×1.18)"
2026-07-01,Wednesday,45,cottage,Private Cottage,cottage,489,549,720,38.7,75%,False,4th of July Celebrations,1.175,375.83,91.6,"45d out → rack rate, monitoring occ | Events: 4th of July Celebrations (×1.18)"
2026-07-02,Thursday,46,201,Waterfront 201,waterfront,389,459,590,39.2,75%,False,4th of July Celebrations,1.175,372.5,58.4,"46d out → rack rate, monitoring occ | Events: 4th of July Celebrations (×1.18)"
2026-07-02,Thursday,46,202,Waterfront 202,waterfront,389,459,590,39.2,75%,False,4th of July Celebrations,1.175,372.5,58.4,"46d out → rack rate, monitoring occ | Events: 4th of July Celebrations (×1.18)"
2026-07-02,Thursday,46,203,Waterfront 203,waterfront,399,459,595,38.7,75%,False,4th of July Celebrations,1.175,372.5,59.7,"46d out → rack rate, monitoring occ | Events: 4th of July Celebrations (×1.18)"
2026-07-02,Thursday,46,204,Waterfront 204,waterfront,409,459,600,38.2,75%,False,4th of July Celebrations,1.175,372.5,61.1,"46d out → rack rate, monitoring occ | Events: 4th of July Celebrations (×1.18)"
2026-07-02,Thursday,46,301,Water View 301,water_view,319,369,475,38.1,75%,False,4th of July Celebrations,1.175,372.5,27.5,"46d out → rack rate, monitoring occ | Events: 4th of July Celebrations (×1.18)"
2026-07-02,Thursday,46,302,Water View 302,water_view,319,369,475,38.1,75%,False,4th of July Celebrations,1.175,372.5,27.5,"46d out → rack rate, monitoring occ | Events: 4th of July Celebrations (×1.18)"
2026-07-02,Thursday,46,303,Water View 303,water_view,329,369,485,39.0,75%,False,4th of July Celebrations,1.175,372.5,30.2,"46d out → rack rate, monitoring occ | Events: 4th of July Celebrations (×1.18)"
2026-07-02,Thursday,46,304,Water View 304,water_view,319,359,470,38.6,75%,False,4th of July Celebrations,1.175,372.5,26.2,"46d out → rack rate, monitoring occ | Events: 4th of July Celebrations (×1.18)"
2026-07-02,Thursday,46,305,Water View 305,water_view,329,369,485,39.0,75%,False,4th of July Celebrations,1.175,372.5,30.2,"46d out → rack rate, monitoring occ | Events: 4th of July Celebrations (×1.18)"
2026-07-02,Thursday,46,101,Garden Room 101,garden,269,299,395,39.1,75%,False,4th of July Celebrations,1.175,372.5,6.0,"46d out → rack rate, monitoring occ | Events: 4th of July Celebrations (×1.18)"
2026-07-02,Thursday,46,102,Garden Room 102,garden,269,299,395,39.1,75%,False,4th of July Celebrations,1.175,372.5,6.0,"46d out → rack rate, monitoring occ | Events: 4th of July Celebrations (×1.18)"
2026-07-02,Thursday,46,103,Garden Room 103,garden,279,299,400,38.4,75%,False,4th of July Celebrations,1.175,372.5,7.4,"46d out → rack rate, monitoring occ | Events: 4th of July Celebrations (×1.18)"
2026-07-02,Thursday,46,104,Garden Room 104,garden,269,289,385,38.0,75%,False,4th of July Celebrations,1.175,372.5,3.4,"46d out → rack rate, monitoring occ | Events: 4th of July Celebrations (×1.18)"
2026-07-02,Thursday,46,cottage,Private Cottage,cottage,489,549,720,38.7,75%,False,4th of July Celebrations,1.175,372.5,93.3,"46d out → rack rate, monitoring occ | Events: 4th of July Celebrations (×1.18)"
2026-07-03,Friday,47,201,Waterfront 201,waterfront,389,459,775,82.8,75%,True,4th of July Celebrations; Black Boses Freedom Festival; First Friday Art Walk; Parris Island USMC Graduation,1.35,415.83,86.4,"47d out → rack rate, monitoring occ | Events: 4th of July Celebrations, Black Boses Freedom Festival, First Friday Art Walk, Parris Island USMC Graduation (×1.35) | Weekend +15% (Fri/Sat)"
2026-07-03,Friday,47,202,Waterfront 202,waterfront,389,459,775,82.8,75%,True,4th of July Celebrations; Black Boses Freedom Festival; First Friday Art Walk; Parris Island USMC Graduation,1.35,415.83,86.4,"47d out → rack rate, monitoring occ | Events: 4th of July Celebrations, Black Boses Freedom Festival, First Friday Art Walk, Parris Island USMC Graduation (×1.35) | Weekend +15% (Fri/Sat)"
2026-07-03,Friday,47,203,Waterfront 203,waterfront,399,459,785,83.0,75%,True,4th of July Celebrations; Black Boses Freedom Festival; First Friday Art Walk; Parris Island USMC Graduation,1.35,415.83,88.8,"47d out → rack rate, monitoring occ | Events: 4th of July Celebrations, Black Boses Freedom Festival, First Friday Art Walk, Parris Island USMC Graduation (×1.35) | Weekend +15% (Fri/Sat)"
2026-07-03,Friday,47,204,Waterfront 204,waterfront,409,459,795,83.2,75%,True,4th of July Celebrations; Black Boses Freedom Festival; First Friday Art Walk; Parris Island USMC Graduation,1.35,415.83,91.2,"47d out → rack rate, monitoring occ | Events: 4th of July Celebrations, Black Boses Freedom Festival, First Friday Art Walk, Parris Island USMC Graduation (×1.35) | Weekend +15% (Fri/Sat)"
2026-07-03,Friday,47,301,Water View 301,water_view,319,369,630,83.1,75%,True,4th of July Celebrations; Black Boses Freedom Festival; First Friday Art Walk; Parris Island USMC Graduation,1.35,415.83,51.5,"47d out → rack rate, monitoring occ | Events: 4th of July Celebrations, Black Boses Freedom Festival, First Friday Art Walk, Parris Island USMC Graduation (×1.35) | Weekend +15% (Fri/Sat)"
2026-07-03,Friday,47,302,Water View 302,water_view,319,369,630,83.1,75%,True,4th of July Celebrations; Black Boses Freedom Festival; First Friday Art Walk; Parris Island USMC Graduation,1.35,415.83,51.5,"47d out → rack rate, monitoring occ | Events: 4th of July Celebrations, Black Boses Freedom Festival, First Friday Art Walk, Parris Island USMC Graduation (×1.35) | Weekend +15% (Fri/Sat)"
2026-07-03,Friday,47,303,Water View 303,water_view,329,369,640,83.4,75%,True,4th of July Celebrations; Black Boses Freedom Festival; First Friday Art Walk; Parris Island USMC Graduation,1.35,415.83,53.9,"47d out → rack rate, monitoring occ | Events: 4th of July Celebrations, Black Boses Freedom Festival, First Friday Art Walk, Parris Island USMC Graduation (×1.35) | Weekend +15% (Fri/Sat)"
2026-07-03,Friday,47,304,Water View 304,water_view,319,359,620,82.9,75%,True,4th of July Celebrations; Black Boses Freedom Festival; First Friday Art Walk; Parris Island USMC Graduation,1.35,415.83,49.1,"47d out → rack rate, monitoring occ | Events: 4th of July Celebrations, Black Boses Freedom Festival, First Friday Art Walk, Parris Island USMC Graduation (×1.35) | Weekend +15% (Fri/Sat)"
2026-07-03,Friday,47,305,Water View 305,water_view,329,369,640,83.4,75%,True,4th of July Celebrations; Black Boses Freedom Festival; First Friday Art Walk; Parris Island USMC Graduation,1.35,415.83,53.9,"47d out → rack rate, monitoring occ | Events: 4th of July Celebrations, Black Boses Freedom Festival, First Friday Art Walk, Parris Island USMC Graduation (×1.35) | Weekend +15% (Fri/Sat)"
2026-07-03,Friday,47,101,Garden Room 101,garden,269,299,520,83.1,75%,True,4th of July Celebrations; Black Boses Freedom Festival; First Friday Art Walk; Parris Island USMC Graduation,1.35,415.83,25.1,"47d out → rack rate, monitoring occ | Events: 4th of July Celebrations, Black Boses Freedom Festival, First Friday Art Walk, Parris Island USMC Graduation (×1.35) | Weekend +15% (Fri/Sat)"
2026-07-03,Friday,47,102,Garden Room 102,garden,269,299,520,83.1,75%,True,4th of July Celebrations; Black Boses Freedom Festival; First Friday Art Walk; Parris Island USMC Graduation,1.35,415.83,25.1,"47d out → rack rate, monitoring occ | Events: 4th of July Celebrations, Black Boses Freedom Festival, First Friday Art Walk, Parris Island USMC Graduation (×1.35) | Weekend +15% (Fri/Sat)"
2026-07-03,Friday,47,103,Garden Room 103,garden,279,299,530,83.4,75%,True,4th of July Celebrations; Black Boses Freedom Festival; First Friday Art Walk; Parris Island USMC Graduation,1.35,415.83,27.5,"47d out → rack rate, monitoring occ | Events: 4th of July Celebrations, Black Boses Freedom Festival, First Friday Art Walk, Parris Island USMC Graduation (×1.35) | Weekend +15% (Fri/Sat)"
2026-07-03,Friday,47,104,Garden Room 104,garden,269,289,510,82.8,75%,True,4th of July Celebrations; Black Boses Freedom Festival; First Friday Art Walk; Parris Island USMC Graduation,1.35,415.83,22.6,"47d out → rack rate, monitoring occ | Events: 4th of July Celebrations, Black Boses Freedom Festival, First Friday Art Walk, Parris Island USMC Graduation (×1.35) | Weekend +15% (Fri/Sat)"
2026-07-03,Friday,47,cottage,Private Cottage,cottage,489,549,950,83.0,75%,True,4th of July Celebrations; Black Boses Freedom Festival; First Friday Art Walk; Parris Island USMC Graduation,1.35,415.83,128.5,"47d out → rack rate, monitoring occ | Events: 4th of July Celebrations, Black Boses Freedom Festival, First Friday Art Walk, Parris Island USMC Graduation (×1.35) | Weekend +15% (Fri/Sat)"
2026-07-04,Saturday,48,201,Waterfront 201,waterfront,389,459,775,82.8,75%,True,4th of July Celebrations; Black Boses Freedom Festival; Downtown Farmers Market,1.35,417.5,85.6,"48d out → rack rate, monitoring occ | Events: 4th of July Celebrations, Black Boses Freedom Festival, Downtown Farmers Market (×1.35) | Weekend +15% (Fri/Sat)"
2026-07-04,Saturday,48,202,Waterfront 202,waterfront,389,459,775,82.8,75%,True,4th of July Celebrations; Black Boses Freedom Festival; Downtown Farmers Market,1.35,417.5,85.6,"48d out → rack rate, monitoring occ | Events: 4th of July Celebrations, Black Boses Freedom Festival, Downtown Farmers Market (×1.35) | Weekend +15% (Fri/Sat)"
2026-07-04,Saturday,48,203,Waterfront 203,waterfront,399,459,785,83.0,75%,True,4th of July Celebrations; Black Boses Freedom Festival; Downtown Farmers Market,1.35,417.5,88.0,"48d out → rack rate, monitoring occ | Events: 4th of July Celebrations, Black Boses Freedom Festival, Downtown Farmers Market (×1.35) | Weekend +15% (Fri/Sat)"
2026-07-04,Saturday,48,204,Waterfront 204,waterfront,409,459,795,83.2,75%,True,4th of July Celebrations; Black Boses Freedom Festival; Downtown Farmers Market,1.35,417.5,90.4,"48d out → rack rate, monitoring occ | Events: 4th of July Celebrations, Black Boses Freedom Festival, Downtown Farmers Market (×1.35) | Weekend +15% (Fri/Sat)"
2026-07-04,Saturday,48,301,Water View 301,water_view,319,369,630,83.1,75%,True,4th of July Celebrations; Black Boses Freedom Festival; Downtown Farmers Market,1.35,417.5,50.9,"48d out → rack rate, monitoring occ | Events: 4th of July Celebrations, Black Boses Freedom Festival, Downtown Farmers Market (×1.35) | Weekend +15% (Fri/Sat)"
2026-07-04,Saturday,48,302,Water View 302,water_view,319,369,630,83.1,75%,True,4th of July Celebrations; Black Boses Freedom Festival; Downtown Farmers Market,1.35,417.5,50.9,"48d out → rack rate, monitoring occ | Events: 4th of July Celebrations, Black Boses Freedom Festival, Downtown Farmers Market (×1.35) | Weekend +15% (Fri/Sat)"
2026-07-04,Saturday,48,303,Water View 303,water_view,329,369,640,83.4,75%,True,4th of July Celebrations; Black Boses Freedom Festival; Downtown Farmers Market,1.35,417.5,53.3,"48d out → rack rate, monitoring occ | Events: 4th of July Celebrations, Black Boses Freedom Festival, Downtown Farmers Market (×1.35) | Weekend +15% (Fri/Sat)"
2026-07-04,Saturday,48,304,Water View 304,water_view,319,359,620,82.9,75%,True,4th of July Celebrations; Black Boses Freedom Festival; Downtown Farmers Market,1.35,417.5,48.5,"48d out → rack rate, monitoring occ | Events: 4th of July Celebrations, Black Boses Freedom Festival, Downtown Farmers Market (×1.35) | Weekend +15% (Fri/Sat)"
2026-07-04,Saturday,48,305,Water View 305,water_view,329,369,640,83.4,75%,True,4th of July Celebrations; Black Boses Freedom Festival; Downtown Farmers Market,1.35,417.5,53.3,"48d out → rack rate, monitoring occ | Events: 4th of July Celebrations, Black Boses Freedom Festival, Downtown Farmers Market (×1.35) | Weekend +15% (Fri/Sat)"
2026-07-04,Saturday,48,101,Garden Room 101,garden,269,299,520,83.1,75%,True,4th of July Celebrations; Black Boses Freedom Festival; Downtown Farmers Market,1.35,417.5,24.6,"48d out → rack rate, monitoring occ | Events: 4th of July Celebrations, Black Boses Freedom Festival, Downtown Farmers Market (×1.35) | Weekend +15% (Fri/Sat)"
2026-07-04,Saturday,48,102,Garden Room 102,garden,269,299,520,83.1,75%,True,4th of July Celebrations; Black Boses Freedom Festival; Downtown Farmers Market,1.35,417.5,24.6,"48d out → rack rate, monitoring occ | Events: 4th of July Celebrations, Black Boses Freedom Festival, Downtown Farmers Market (×1.35) | Weekend +15% (Fri/Sat)"
2026-07-04,Saturday,48,103,Garden Room 103,garden,279,299,530,83.4,75%,True,4th of July Celebrations; Black Boses Freedom Festival; Downtown Farmers Market,1.35,417.5,26.9,"48d out → rack rate, monitoring occ | Events: 4th of July Celebrations, Black Boses Freedom Festival, Downtown Farmers Market (×1.35) | Weekend +15% (Fri/Sat)"
2026-07-04,Saturday,48,104,Garden Room 104,garden,269,289,510,82.8,75%,True,4th of July Celebrations; Black Boses Freedom Festival; Downtown Farmers Market,1.35,417.5,22.2,"48d out → rack rate, monitoring occ | Events: 4th of July Celebrations, Black Boses Freedom Festival, Downtown Farmers Market (×1.35) | Weekend +15% (Fri/Sat)"
2026-07-04,Saturday,48,cottage,Private Cottage,cottage,489,549,950,83.0,75%,True,4th of July Celebrations; Black Boses Freedom Festival; Downtown Farmers Market,1.35,417.5,127.5,"48d out → rack rate, monitoring occ | Events: 4th of July Celebrations, Black Boses Freedom Festival, Downtown Farmers Market (×1.35) | Weekend +15% (Fri/Sat)"
2026-07-05,Sunday,49,201,Waterfront 201,waterfront,389,459,675,59.2,75%,False,4th of July Celebrations; Black Boses Freedom Festival,1.35,419.17,61.0,"49d out → rack rate, monitoring occ | Events: 4th of July Celebrations, Black Boses Freedom Festival (×1.35)"
2026-07-05,Sunday,49,202,Waterfront 202,waterfront,389,459,675,59.2,75%,False,4th of July Celebrations; Black Boses Freedom Festival,1.35,419.17,61.0,"49d out → rack rate, monitoring occ | Events: 4th of July Celebrations, Black Boses Freedom Festival (×1.35)"
2026-07-05,Sunday,49,203,Waterfront 203,waterfront,399,459,685,59.7,75%,False,4th of July Celebrations; Black Boses Freedom Festival,1.35,419.17,63.4,"49d out → rack rate, monitoring occ | Events: 4th of July Celebrations, Black Boses Freedom Festival (×1.35)"
2026-07-05,Sunday,49,204,Waterfront 204,waterfront,409,459,690,59.0,75%,False,4th of July Celebrations; Black Boses Freedom Festival,1.35,419.17,64.6,"49d out → rack rate, monitoring occ | Events: 4th of July Celebrations, Black Boses Freedom Festival (×1.35)"
2026-07-05,Sunday,49,301,Water View 301,water_view,319,369,550,59.9,75%,False,4th of July Celebrations; Black Boses Freedom Festival,1.35,419.17,31.2,"49d out → rack rate, monitoring occ | Events: 4th of July Celebrations, Black Boses Freedom Festival (×1.35)"
2026-07-05,Sunday,49,302,Water View 302,water_view,319,369,550,59.9,75%,False,4th of July Celebrations; Black Boses Freedom Festival,1.35,419.17,31.2,"49d out → rack rate, monitoring occ | Events: 4th of July Celebrations, Black Boses Freedom Festival (×1.35)"
2026-07-05,Sunday,49,303,Water View 303,water_view,329,369,555,59.0,75%,False,4th of July Celebrations; Black Boses Freedom Festival,1.35,419.17,32.4,"49d out → rack rate, monitoring occ | Events: 4th of July Celebrations, Black Boses Freedom Festival (×1.35)"
2026-07-05,Sunday,49,304,Water View 304,water_view,319,359,540,59.3,75%,False,4th of July Celebrations; Black Boses Freedom Festival,1.35,419.17,28.8,"49d out → rack rate, monitoring occ | Events: 4th of July Celebrations, Black Boses Freedom Festival (×1.35)"
2026-07-05,Sunday,49,305,Water View 305,water_view,329,369,555,59.0,75%,False,4th of July Celebrations; Black Boses Freedom Festival,1.35,419.17,32.4,"49d out → rack rate, monitoring occ | Events: 4th of July Celebrations, Black Boses Freedom Festival (×1.35)"
2026-07-05,Sunday,49,101,Garden Room 101,garden,269,299,450,58.5,75%,False,4th of July Celebrations; Black Boses Freedom Festival,1.35,419.17,7.4,"49d out → rack rate, monitoring occ | Events: 4th of July Celebrations, Black Boses Freedom Festival (×1.35)"
2026-07-05,Sunday,49,102,Garden Room 102,garden,269,299,450,58.5,75%,False,4th of July Celebrations; Black Boses Freedom Festival,1.35,419.17,7.4,"49d out → rack rate, monitoring occ | Events: 4th of July Celebrations, Black Boses Freedom Festival (×1.35)"
2026-07-05,Sunday,49,103,Garden Room 103,garden,279,299,460,59.2,75%,False,4th of July Celebrations; Black Boses Freedom Festival,1.35,419.17,9.7,"49d out → rack rate, monitoring occ | Events: 4th of July Celebrations, Black Boses Freedom Festival (×1.35)"
2026-07-05,Sunday,49,104,Garden Room 104,garden,269,289,445,59.5,75%,False,4th of July Celebrations; Black Boses Freedom Festival,1.35,419.17,6.2,"49d out → rack rate, monitoring occ | Events: 4th of July Celebrations, Black Boses Freedom Festival (×1.35)"
2026-07-05,Sunday,49,cottage,Private Cottage,cottage,489,549,825,59.0,75%,False,4th of July Celebrations; Black Boses Freedom Festival,1.35,419.17,96.8,"49d out → rack rate, monitoring occ | Events: 4th of July Celebrations, Black Boses Freedom Festival (×1.35)"
2026-07-06,Monday,50,201,Waterfront 201,waterfront,389,459,675,59.2,75%,False,4th of July Celebrations; Black Boses Freedom Festival,1.35,417.5,61.7,"50d out → rack rate, monitoring occ | Events: 4th of July Celebrations, Black Boses Freedom Festival (×1.35)"
2026-07-06,Monday,50,202,Waterfront 202,waterfront,389,459,675,59.2,75%,False,4th of July Celebrations; Black Boses Freedom Festival,1.35,417.5,61.7,"50d out → rack rate, monitoring occ | Events: 4th of July Celebrations, Black Boses Freedom Festival (×1.35)"
2026-07-06,Monday,50,203,Waterfront 203,waterfront,399,459,685,59.7,75%,False,4th of July Celebrations; Black Boses Freedom Festival,1.35,417.5,64.1,"50d out → rack rate, monitoring occ | Events: 4th of July Celebrations, Black Boses Freedom Festival (×1.35)"
2026-07-06,Monday,50,204,Waterfront 204,waterfront,409,459,690,59.0,75%,False,4th of July Celebrations; Black Boses Freedom Festival,1.35,417.5,65.3,"50d out → rack rate, monitoring occ | Events: 4th of July Celebrations, Black Boses Freedom Festival (×1.35)"
2026-07-06,Monday,50,301,Water View 301,water_view,319,369,550,59.9,75%,False,4th of July Celebrations; Black Boses Freedom Festival,1.35,417.5,31.7,"50d out → rack rate, monitoring occ | Events: 4th of July Celebrations, Black Boses Freedom Festival (×1.35)"
2026-07-06,Monday,50,302,Water View 302,water_view,319,369,550,59.9,75%,False,4th of July Celebrations; Black Boses Freedom Festival,1.35,417.5,31.7,"50d out → rack rate, monitoring occ | Events: 4th of July Celebrations, Black Boses Freedom Festival (×1.35)"
2026-07-06,Monday,50,303,Water View 303,water_view,329,369,555,59.0,75%,False,4th of July Celebrations; Black Boses Freedom Festival,1.35,417.5,32.9,"50d out → rack rate, monitoring occ | Events: 4th of July Celebrations, Black Boses Freedom Festival (×1.35)"
2026-07-06,Monday,50,304,Water View 304,water_view,319,359,540,59.3,75%,False,4th of July Celebrations; Black Boses Freedom Festival,1.35,417.5,29.3,"50d out → rack rate, monitoring occ | Events: 4th of July Celebrations, Black Boses Freedom Festival (×1.35)"
2026-07-06,Monday,50,305,Water View 305,water_view,329,369,555,59.0,75%,False,4th of July Celebrations; Black Boses Freedom Festival,1.35,417.5,32.9,"50d out → rack rate, monitoring occ | Events: 4th of July Celebrations, Black Boses Freedom Festival (×1.35)"
2026-07-06,Monday,50,101,Garden Room 101,garden,269,299,450,58.5,75%,False,4th of July Celebrations; Black Boses Freedom Festival,1.35,417.5,7.8,"50d out → rack rate, monitoring occ | Events: 4th of July Celebrations, Black Boses Freedom Festival (×1.35)"
2026-07-06,Monday,50,102,Garden Room 102,garden,269,299,450,58.5,75%,False,4th of July Celebrations; Black Boses Freedom Festival,1.35,417.5,7.8,"50d out → rack rate, monitoring occ | Events: 4th of July Celebrations, Black Boses Freedom Festival (×1.35)"
2026-07-06,Monday,50,103,Garden Room 103,garden,279,299,460,59.2,75%,False,4th of July Celebrations; Black Boses Freedom Festival,1.35,417.5,10.2,"50d out → rack rate, monitoring occ | Events: 4th of July Celebrations, Black Boses Freedom Festival (×1.35)"
2026-07-06,Monday,50,104,Garden Room 104,garden,269,289,445,59.5,75%,False,4th of July Celebrations; Black Boses Freedom Festival,1.35,417.5,6.6,"50d out → rack rate, monitoring occ | Events: 4th of July Celebrations, Black Boses Freedom Festival (×1.35)"
2026-07-06,Monday,50,cottage,Private Cottage,cottage,489,549,825,59.0,75%,False,4th of July Celebrations; Black Boses Freedom Festival,1.35,417.5,97.6,"50d out → rack rate, monitoring occ | Events: 4th of July Celebrations, Black Boses Freedom Festival (×1.35)"
2026-07-07,Tuesday,51,201,Waterfront 201,waterfront,389,459,500,17.9,75%,False,,1.0,332.5,50.4,"51d out → rack rate, monitoring occ"
2026-07-07,Tuesday,51,202,Waterfront 202,waterfront,389,459,500,17.9,75%,False,,1.0,332.5,50.4,"51d out → rack rate, monitoring occ"
2026-07-07,Tuesday,51,203,Waterfront 203,waterfront,399,459,505,17.7,75%,False,,1.0,332.5,51.9,"51d out → rack rate, monitoring occ"
2026-07-07,Tuesday,51,204,Waterfront 204,waterfront,409,459,510,17.5,75%,False,,1.0,332.5,53.4,"51d out → rack rate, monitoring occ"
2026-07-07,Tuesday,51,301,Water View 301,water_view,319,369,405,17.7,75%,False,,1.0,332.5,21.8,"51d out → rack rate, monitoring occ"
2026-07-07,Tuesday,51,302,Water View 302,water_view,319,369,405,17.7,75%,False,,1.0,332.5,21.8,"51d out → rack rate, monitoring occ"
2026-07-07,Tuesday,51,303,Water View 303,water_view,329,369,410,17.5,75%,False,,1.0,332.5,23.3,"51d out → rack rate, monitoring occ"
2026-07-07,Tuesday,51,304,Water View 304,water_view,319,359,400,18.0,75%,False,,1.0,332.5,20.3,"51d out → rack rate, monitoring occ"
2026-07-07,Tuesday,51,305,Water View 305,water_view,329,369,410,17.5,75%,False,,1.0,332.5,23.3,"51d out → rack rate, monitoring occ"
2026-07-07,Tuesday,51,101,Garden Room 101,garden,269,299,335,18.0,75%,False,,1.0,332.5,0.8,"51d out → rack rate, monitoring occ"
2026-07-07,Tuesday,51,102,Garden Room 102,garden,269,299,335,18.0,75%,False,,1.0,332.5,0.8,"51d out → rack rate, monitoring occ"
2026-07-07,Tuesday,51,103,Garden Room 103,garden,279,299,340,17.6,75%,False,,1.0,332.5,2.3,"51d out → rack rate, monitoring occ"
2026-07-07,Tuesday,51,104,Garden Room 104,garden,269,289,330,18.3,75%,False,,1.0,332.5,-0.8,"51d out → rack rate, monitoring occ"
2026-07-07,Tuesday,51,cottage,Private Cottage,cottage,489,549,610,17.5,75%,False,,1.0,332.5,83.5,"51d out → rack rate, monitoring occ"
2026-07-08,Wednesday,52,201,Waterfront 201,waterfront,389,459,500,17.9,75%,False,,1.0,335.0,49.3,"52d out → rack rate, monitoring occ"
2026-07-08,Wednesday,52,202,Waterfront 202,waterfront,389,459,500,17.9,75%,False,,1.0,335.0,49.3,"52d out → rack rate, monitoring occ"
2026-07-08,Wednesday,52,203,Waterfront 203,waterfront,399,459,505,17.7,75%,False,,1.0,335.0,50.7,"52d out → rack rate, monitoring occ"
2026-07-08,Wednesday,52,204,Waterfront 204,waterfront,409,459,510,17.5,75%,False,,1.0,335.0,52.2,"52d out → rack rate, monitoring occ"
2026-07-08,Wednesday,52,301,Water View 301,water_view,319,369,405,17.7,75%,False,,1.0,335.0,20.9,"52d out → rack rate, monitoring occ"
2026-07-08,Wednesday,52,302,Water View 302,water_view,319,369,405,17.7,75%,False,,1.0,335.0,20.9,"52d out → rack rate, monitoring occ"
2026-07-08,Wednesday,52,303,Water View 303,water_view,329,369,410,17.5,75%,False,,1.0,335.0,22.4,"52d out → rack rate, monitoring occ"
2026-07-08,Wednesday,52,304,Water View 304,water_view,319,359,400,18.0,75%,False,,1.0,335.0,19.4,"52d out → rack rate, monitoring occ"
2026-07-08,Wednesday,52,305,Water View 305,water_view,329,369,410,17.5,75%,False,,1.0,335.0,22.4,"52d out → rack rate, monitoring occ"
2026-07-08,Wednesday,52,101,Garden Room 101,garden,269,299,335,18.0,75%,False,,1.0,335.0,0.0,"52d out → rack rate, monitoring occ"
2026-07-08,Wednesday,52,102,Garden Room 102,garden,269,299,335,18.0,75%,False,,1.0,335.0,0.0,"52d out → rack rate, monitoring occ"
2026-07-08,Wednesday,52,103,Garden Room 103,garden,279,299,340,17.6,75%,False,,1.0,335.0,1.5,"52d out → rack rate, monitoring occ"
2026-07-08,Wednesday,52,104,Garden Room 104,garden,269,289,330,18.3,75%,False,,1.0,335.0,-1.5,"52d out → rack rate, monitoring occ"
2026-07-08,Wednesday,52,cottage,Private Cottage,cottage,489,549,610,17.5,75%,False,,1.0,335.0,82.1,"52d out → rack rate, monitoring occ"
2026-07-09,Thursday,53,201,Waterfront 201,waterfront,389,459,500,17.9,75%,False,,1.0,336.67,48.5,"53d out → rack rate, monitoring occ"
2026-07-09,Thursday,53,202,Waterfront 202,waterfront,389,459,500,17.9,75%,False,,1.0,336.67,48.5,"53d out → rack rate, monitoring occ"
2026-07-09,Thursday,53,203,Waterfront 203,waterfront,399,459,505,17.7,75%,False,,1.0,336.67,50.0,"53d out → rack rate, monitoring occ"
2026-07-09,Thursday,53,204,Waterfront 204,waterfront,409,459,510,17.5,75%,False,,1.0,336.67,51.5,"53d out → rack rate, monitoring occ"
2026-07-09,Thursday,53,301,Water View 301,water_view,319,369,405,17.7,75%,False,,1.0,336.67,20.3,"53d out → rack rate, monitoring occ"
2026-07-09,Thursday,53,302,Water View 302,water_view,319,369,405,17.7,75%,False,,1.0,336.67,20.3,"53d out → rack rate, monitoring occ"
2026-07-09,Thursday,53,303,Water View 303,water_view,329,369,410,17.5,75%,False,,1.0,336.67,21.8,"53d out → rack rate, monitoring occ"
2026-07-09,Thursday,53,304,Water View 304,water_view,319,359,400,18.0,75%,False,,1.0,336.67,18.8,"53d out → rack rate, monitoring occ"
2026-07-09,Thursday,53,305,Water View 305,water_view,329,369,410,17.5,75%,False,,1.0,336.67,21.8,"53d out → rack rate, monitoring occ"
2026-07-09,Thursday,53,101,Garden Room 101,garden,269,299,335,18.0,75%,False,,1.0,336.67,-0.5,"53d out → rack rate, monitoring occ"
2026-07-09,Thursday,53,102,Garden Room 102,garden,269,299,335,18.0,75%,False,,1.0,336.67,-0.5,"53d out → rack rate, monitoring occ"
2026-07-09,Thursday,53,103,Garden Room 103,garden,279,299,340,17.6,75%,False,,1.0,336.67,1.0,"53d out → rack rate, monitoring occ"
2026-07-09,Thursday,53,104,Garden Room 104,garden,269,289,330,18.3,75%,False,,1.0,336.67,-2.0,"53d out → rack rate, monitoring occ"
2026-07-09,Thursday,53,cottage,Private Cottage,cottage,489,549,610,17.5,75%,False,,1.0,336.67,81.2,"53d out → rack rate, monitoring occ"
2026-07-10,Friday,54,201,Waterfront 201,waterfront,389,459,575,35.6,75%,True,,1.0,383.33,50.0,"54d out → rack rate, monitoring occ | Weekend +15% (Fri/Sat)"
2026-07-10,Friday,54,202,Waterfront 202,waterfront,389,459,575,35.6,75%,True,,1.0,383.33,50.0,"54d out → rack rate, monitoring occ | Weekend +15% (Fri/Sat)"
2026-07-10,Friday,54,203,Waterfront 203,waterfront,399,459,580,35.2,75%,True,,1.0,383.33,51.3,"54d out → rack rate, monitoring occ | Weekend +15% (Fri/Sat)"
2026-07-10,Friday,54,204,Waterfront 204,waterfront,409,459,590,35.9,75%,True,,1.0,383.33,53.9,"54d out → rack rate, monitoring occ | Weekend +15% (Fri/Sat)"
2026-07-10,Friday,54,301,Water View 301,water_view,319,369,465,35.2,75%,True,,1.0,383.33,21.3,"54d out → rack rate, monitoring occ | Weekend +15% (Fri/Sat)"
2026-07-10,Friday,54,302,Water View 302,water_view,319,369,465,35.2,75%,True,,1.0,383.33,21.3,"54d out → rack rate, monitoring occ | Weekend +15% (Fri/Sat)"
2026-07-10,Friday,54,303,Water View 303,water_view,329,369,475,36.1,75%,True,,1.0,383.33,23.9,"54d out → rack rate, monitoring occ | Weekend +15% (Fri/Sat)"
2026-07-10,Friday,54,304,Water View 304,water_view,319,359,460,35.7,75%,True,,1.0,383.33,20.0,"54d out → rack rate, monitoring occ | Weekend +15% (Fri/Sat)"
2026-07-10,Friday,54,305,Water View 305,water_view,329,369,475,36.1,75%,True,,1.0,383.33,23.9,"54d out → rack rate, monitoring occ | Weekend +15% (Fri/Sat)"
2026-07-10,Friday,54,101,Garden Room 101,garden,269,299,385,35.6,75%,True,,1.0,383.33,0.4,"54d out → rack rate, monitoring occ | Weekend +15% (Fri/Sat)"
2026-07-10,Friday,54,102,Garden Room 102,garden,269,299,385,35.6,75%,True,,1.0,383.33,0.4,"54d out → rack rate, monitoring occ | Weekend +15% (Fri/Sat)"
2026-07-10,Friday,54,103,Garden Room 103,garden,279,299,390,34.9,75%,True,,1.0,383.33,1.7,"54d out → rack rate, monitoring occ | Weekend +15% (Fri/Sat)"
2026-07-10,Friday,54,104,Garden Room 104,garden,269,289,380,36.2,75%,True,,1.0,383.33,-0.9,"54d out → rack rate, monitoring occ | Weekend +15% (Fri/Sat)"
2026-07-10,Friday,54,cottage,Private Cottage,cottage,489,549,705,35.8,75%,True,,1.0,383.33,83.9,"54d out → rack rate, monitoring occ | Weekend +15% (Fri/Sat)"
2026-07-11,Saturday,55,201,Waterfront 201,waterfront,389,459,620,46.2,75%,True,Downtown Farmers Market,1.08,381.67,62.4,"55d out → rack rate, monitoring occ | Events: Downtown Farmers Market (×1.08) | Weekend +15% (Fri/Sat)"
2026-07-11,Saturday,55,202,Waterfront 202,waterfront,389,459,620,46.2,75%,True,Downtown Farmers Market,1.08,381.67,62.4,"55d out → rack rate, monitoring occ | Events: Downtown Farmers Market (×1.08) | Weekend +15% (Fri/Sat)"
2026-07-11,Saturday,55,203,Waterfront 203,waterfront,399,459,630,46.9,75%,True,Downtown Farmers Market,1.08,381.67,65.1,"55d out → rack rate, monitoring occ | Events: Downtown Farmers Market (×1.08) | Weekend +15% (Fri/Sat)"
2026-07-11,Saturday,55,204,Waterfront 204,waterfront,409,459,635,46.3,75%,True,Downtown Farmers Market,1.08,381.67,66.4,"55d out → rack rate, monitoring occ | Events: Downtown Farmers Market (×1.08) | Weekend +15% (Fri/Sat)"
2026-07-11,Saturday,55,301,Water View 301,water_view,319,369,505,46.8,75%,True,Downtown Farmers Market,1.08,381.67,32.3,"55d out → rack rate, monitoring occ | Events: Downtown Farmers Market (×1.08) | Weekend +15% (Fri/Sat)"
2026-07-11,Saturday,55,302,Water View 302,water_view,319,369,505,46.8,75%,True,Downtown Farmers Market,1.08,381.67,32.3,"55d out → rack rate, monitoring occ | Events: Downtown Farmers Market (×1.08) | Weekend +15% (Fri/Sat)"
2026-07-11,Saturday,55,303,Water View 303,water_view,329,369,510,46.1,75%,True,Downtown Farmers Market,1.08,381.67,33.6,"55d out → rack rate, monitoring occ | Events: Downtown Farmers Market (×1.08) | Weekend +15% (Fri/Sat)"
2026-07-11,Saturday,55,304,Water View 304,water_view,319,359,495,46.0,75%,True,Downtown Farmers Market,1.08,381.67,29.7,"55d out → rack rate, monitoring occ | Events: Downtown Farmers Market (×1.08) | Weekend +15% (Fri/Sat)"
2026-07-11,Saturday,55,305,Water View 305,water_view,329,369,510,46.1,75%,True,Downtown Farmers Market,1.08,381.67,33.6,"55d out → rack rate, monitoring occ | Events: Downtown Farmers Market (×1.08) | Weekend +15% (Fri/Sat)"
2026-07-11,Saturday,55,101,Garden Room 101,garden,269,299,415,46.1,75%,True,Downtown Farmers Market,1.08,381.67,8.7,"55d out → rack rate, monitoring occ | Events: Downtown Farmers Market (×1.08) | Weekend +15% (Fri/Sat)"
2026-07-11,Saturday,55,102,Garden Room 102,garden,269,299,415,46.1,75%,True,Downtown Farmers Market,1.08,381.67,8.7,"55d out → rack rate, monitoring occ | Events: Downtown Farmers Market (×1.08) | Weekend +15% (Fri/Sat)"
2026-07-11,Saturday,55,103,Garden Room 103,garden,279,299,425,47.1,75%,True,Downtown Farmers Market,1.08,381.67,11.4,"55d out → rack rate, monitoring occ | Events: Downtown Farmers Market (×1.08) | Weekend +15% (Fri/Sat)"
2026-07-11,Saturday,55,104,Garden Room 104,garden,269,289,410,47.0,75%,True,Downtown Farmers Market,1.08,381.67,7.4,"55d out → rack rate, monitoring occ | Events: Downtown Farmers Market (×1.08) | Weekend +15% (Fri/Sat)"
2026-07-11,Saturday,55,cottage,Private Cottage,cottage,489,549,760,46.4,75%,True,Downtown Farmers Market,1.08,381.67,99.1,"55d out → rack rate, monitoring occ | Events: Downtown Farmers Market (×1.08) | Weekend +15% (Fri/Sat)"
2026-07-12,Sunday,56,201,Waterfront 201,waterfront,389,459,500,17.9,75%,False,,1.0,333.33,50.0,"56d out → rack rate, monitoring occ"
2026-07-12,Sunday,56,202,Waterfront 202,waterfront,389,459,500,17.9,75%,False,,1.0,333.33,50.0,"56d out → rack rate, monitoring occ"
2026-07-12,Sunday,56,203,Waterfront 203,waterfront,399,459,505,17.7,75%,False,,1.0,333.33,51.5,"56d out → rack rate, monitoring occ"
2026-07-12,Sunday,56,204,Waterfront 204,waterfront,409,459,510,17.5,75%,False,,1.0,333.33,53.0,"56d out → rack rate, monitoring occ"
2026-07-12,Sunday,56,301,Water View 301,water_view,319,369,405,17.7,75%,False,,1.0,333.33,21.5,"56d out → rack rate, monitoring occ"
2026-07-12,Sunday,56,302,Water View 302,water_view,319,369,405,17.7,75%,False,,1.0,333.33,21.5,"56d out → rack rate, monitoring occ"
2026-07-12,Sunday,56,303,Water View 303,water_view,329,369,410,17.5,75%,False,,1.0,333.33,23.0,"56d out → rack rate, monitoring occ"
2026-07-12,Sunday,56,304,Water View 304,water_view,319,359,400,18.0,75%,False,,1.0,333.33,20.0,"56d out → rack rate, monitoring occ"
2026-07-12,Sunday,56,305,Water View 305,water_view,329,369,410,17.5,75%,False,,1.0,333.33,23.0,"56d out → rack rate, monitoring occ"
2026-07-12,Sunday,56,101,Garden Room 101,garden,269,299,335,18.0,75%,False,,1.0,333.33,0.5,"56d out → rack rate, monitoring occ"
2026-07-12,Sunday,56,102,Garden Room 102,garden,269,299,335,18.0,75%,False,,1.0,333.33,0.5,"56d out → rack rate, monitoring occ"
2026-07-12,Sunday,56,103,Garden Room 103,garden,279,299,340,17.6,75%,False,,1.0,333.33,2.0,"56d out → rack rate, monitoring occ"
2026-07-12,Sunday,56,104,Garden Room 104,garden,269,289,330,18.3,75%,False,,1.0,333.33,-1.0,"56d out → rack rate, monitoring occ"
2026-07-12,Sunday,56,cottage,Private Cottage,cottage,489,549,610,17.5,75%,False,,1.0,333.33,83.0,"56d out → rack rate, monitoring occ"
2026-07-13,Monday,57,201,Waterfront 201,waterfront,389,459,500,17.9,75%,False,,1.0,334.17,49.6,"57d out → rack rate, monitoring occ"
2026-07-13,Monday,57,202,Waterfront 202,waterfront,389,459,500,17.9,75%,False,,1.0,334.17,49.6,"57d out → rack rate, monitoring occ"
2026-07-13,Monday,57,203,Waterfront 203,waterfront,399,459,505,17.7,75%,False,,1.0,334.17,51.1,"57d out → rack rate, monitoring occ"
2026-07-13,Monday,57,204,Waterfront 204,waterfront,409,459,510,17.5,75%,False,,1.0,334.17,52.6,"57d out → rack rate, monitoring occ"
2026-07-13,Monday,57,301,Water View 301,water_view,319,369,405,17.7,75%,False,,1.0,334.17,21.2,"57d out → rack rate, monitoring occ"
2026-07-13,Monday,57,302,Water View 302,water_view,319,369,405,17.7,75%,False,,1.0,334.17,21.2,"57d out → rack rate, monitoring occ"
2026-07-13,Monday,57,303,Water View 303,water_view,329,369,410,17.5,75%,False,,1.0,334.17,22.7,"57d out → rack rate, monitoring occ"
2026-07-13,Monday,57,304,Water View 304,water_view,319,359,400,18.0,75%,False,,1.0,334.17,19.7,"57d out → rack rate, monitoring occ"
2026-07-13,Monday,57,305,Water View 305,water_view,329,369,410,17.5,75%,False,,1.0,334.17,22.7,"57d out → rack rate, monitoring occ"
2026-07-13,Monday,57,101,Garden Room 101,garden,269,299,335,18.0,75%,False,,1.0,334.17,0.2,"57d out → rack rate, monitoring occ"
2026-07-13,Monday,57,102,Garden Room 102,garden,269,299,335,18.0,75%,False,,1.0,334.17,0.2,"57d out → rack rate, monitoring occ"
2026-07-13,Monday,57,103,Garden Room 103,garden,279,299,340,17.6,75%,False,,1.0,334.17,1.7,"57d out → rack rate, monitoring occ"
2026-07-13,Monday,57,104,Garden Room 104,garden,269,289,330,18.3,75%,False,,1.0,334.17,-1.2,"57d out → rack rate, monitoring occ"
2026-07-13,Monday,57,cottage,Private Cottage,cottage,489,549,610,17.5,75%,False,,1.0,334.17,82.5,"57d out → rack rate, monitoring occ"
2026-07-14,Tuesday,58,201,Waterfront 201,waterfront,389,459,500,17.9,75%,False,,1.0,335.83,48.9,"58d out → rack rate, monitoring occ"
2026-07-14,Tuesday,58,202,Waterfront 202,waterfront,389,459,500,17.9,75%,False,,1.0,335.83,48.9,"58d out → rack rate, monitoring occ"
2026-07-14,Tuesday,58,203,Waterfront 203,waterfront,399,459,505,17.7,75%,False,,1.0,335.83,50.4,"58d out → rack rate, monitoring occ"
2026-07-14,Tuesday,58,204,Waterfront 204,waterfront,409,459,510,17.5,75%,False,,1.0,335.83,51.9,"58d out → rack rate, monitoring occ"
2026-07-14,Tuesday,58,301,Water View 301,water_view,319,369,405,17.7,75%,False,,1.0,335.83,20.6,"58d out → rack rate, monitoring occ"
2026-07-14,Tuesday,58,302,Water View 302,water_view,319,369,405,17.7,75%,False,,1.0,335.83,20.6,"58d out → rack rate, monitoring occ"
2026-07-14,Tuesday,58,303,Water View 303,water_view,329,369,410,17.5,75%,False,,1.0,335.83,22.1,"58d out → rack rate, monitoring occ"
2026-07-14,Tuesday,58,304,Water View 304,water_view,319,359,400,18.0,75%,False,,1.0,335.83,19.1,"58d out → rack rate, monitoring occ"
2026-07-14,Tuesday,58,305,Water View 305,water_view,329,369,410,17.5,75%,False,,1.0,335.83,22.1,"58d out → rack rate, monitoring occ"
2026-07-14,Tuesday,58,101,Garden Room 101,garden,269,299,335,18.0,75%,False,,1.0,335.83,-0.2,"58d out → rack rate, monitoring occ"
2026-07-14,Tuesday,58,102,Garden Room 102,garden,269,299,335,18.0,75%,False,,1.0,335.83,-0.2,"58d out → rack rate, monitoring occ"
2026-07-14,Tuesday,58,103,Garden Room 103,garden,279,299,340,17.6,75%,False,,1.0,335.83,1.2,"58d out → rack rate, monitoring occ"
2026-07-14,Tuesday,58,104,Garden Room 104,garden,269,289,330,18.3,75%,False,,1.0,335.83,-1.7,"58d out → rack rate, monitoring occ"
2026-07-14,Tuesday,58,cottage,Private Cottage,cottage,489,549,610,17.5,75%,False,,1.0,335.83,81.6,"58d out → rack rate, monitoring occ"
2026-07-15,Wednesday,59,201,Waterfront 201,waterfront,389,459,575,35.6,75%,False,Annual Beaufort Water Festival,1.15,369.17,55.8,"59d out → rack rate, monitoring occ | Events: Annual Beaufort Water Festival (×1.15)"
2026-07-15,Wednesday,59,202,Waterfront 202,waterfront,389,459,575,35.6,75%,False,Annual Beaufort Water Festival,1.15,369.17,55.8,"59d out → rack rate, monitoring occ | Events: Annual Beaufort Water Festival (×1.15)"
2026-07-15,Wednesday,59,203,Waterfront 203,waterfront,399,459,580,35.2,75%,False,Annual Beaufort Water Festival,1.15,369.17,57.1,"59d out → rack rate, monitoring occ | Events: Annual Beaufort Water Festival (×1.15)"
2026-07-15,Wednesday,59,204,Waterfront 204,waterfront,409,459,590,35.9,75%,False,Annual Beaufort Water Festival,1.15,369.17,59.8,"59d out → rack rate, monitoring occ | Events: Annual Beaufort Water Festival (×1.15)"
2026-07-15,Wednesday,59,301,Water View 301,water_view,319,369,465,35.2,75%,False,Annual Beaufort Water Festival,1.15,369.17,26.0,"59d out → rack rate, monitoring occ | Events: Annual Beaufort Water Festival (×1.15)"
2026-07-15,Wednesday,59,302,Water View 302,water_view,319,369,465,35.2,75%,False,Annual Beaufort Water Festival,1.15,369.17,26.0,"59d out → rack rate, monitoring occ | Events: Annual Beaufort Water Festival (×1.15)"
2026-07-15,Wednesday,59,303,Water View 303,water_view,329,369,475,36.1,75%,False,Annual Beaufort Water Festival,1.15,369.17,28.7,"59d out → rack rate, monitoring occ | Events: Annual Beaufort Water Festival (×1.15)"
2026-07-15,Wednesday,59,304,Water View 304,water_view,319,359,460,35.7,75%,False,Annual Beaufort Water Festival,1.15,369.17,24.6,"59d out → rack rate, monitoring occ | Events: Annual Beaufort Water Festival (×1.15)"
2026-07-15,Wednesday,59,305,Water View 305,water_view,329,369,475,36.1,75%,False,Annual Beaufort Water Festival,1.15,369.17,28.7,"59d out → rack rate, monitoring occ | Events: Annual Beaufort Water Festival (×1.15)"
2026-07-15,Wednesday,59,101,Garden Room 101,garden,269,299,385,35.6,75%,False,Annual Beaufort Water Festival,1.15,369.17,4.3,"59d out → rack rate, monitoring occ | Events: Annual Beaufort Water Festival (×1.15)"
2026-07-15,Wednesday,59,102,Garden Room 102,garden,269,299,385,35.6,75%,False,Annual Beaufort Water Festival,1.15,369.17,4.3,"59d out → rack rate, monitoring occ | Events: Annual Beaufort Water Festival (×1.15)"
2026-07-15,Wednesday,59,103,Garden Room 103,garden,279,299,390,34.9,75%,False,Annual Beaufort Water Festival,1.15,369.17,5.6,"59d out → rack rate, monitoring occ | Events: Annual Beaufort Water Festival (×1.15)"
2026-07-15,Wednesday,59,104,Garden Room 104,garden,269,289,380,36.2,75%,False,Annual Beaufort Water Festival,1.15,369.17,2.9,"59d out → rack rate, monitoring occ | Events: Annual Beaufort Water Festival (×1.15)"
2026-07-15,Wednesday,59,cottage,Private Cottage,cottage,489,549,705,35.8,75%,False,Annual Beaufort Water Festival,1.15,369.17,91.0,"59d out → rack rate, monitoring occ | Events: Annual Beaufort Water Festival (×1.15)"
2026-07-16,Thursday,60,201,Waterfront 201,waterfront,389,459,575,35.6,75%,False,Annual Beaufort Water Festival,1.15,371.67,54.7,60d out → rack rate | Events: Annual Beaufort Water Festival (×1.15)
2026-07-16,Thursday,60,202,Waterfront 202,waterfront,389,459,575,35.6,75%,False,Annual Beaufort Water Festival,1.15,371.67,54.7,60d out → rack rate | Events: Annual Beaufort Water Festival (×1.15)
2026-07-16,Thursday,60,203,Waterfront 203,waterfront,399,459,580,35.2,75%,False,Annual Beaufort Water Festival,1.15,371.67,56.1,60d out → rack rate | Events: Annual Beaufort Water Festival (×1.15)
2026-07-16,Thursday,60,204,Waterfront 204,waterfront,409,459,590,35.9,75%,False,Annual Beaufort Water Festival,1.15,371.67,58.7,60d out → rack rate | Events: Annual Beaufort Water Festival (×1.15)
2026-07-16,Thursday,60,301,Water View 301,water_view,319,369,465,35.2,75%,False,Annual Beaufort Water Festival,1.15,371.67,25.1,60d out → rack rate | Events: Annual Beaufort Water Festival (×1.15)
2026-07-16,Thursday,60,302,Water View 302,water_view,319,369,465,35.2,75%,False,Annual Beaufort Water Festival,1.15,371.67,25.1,60d out → rack rate | Events: Annual Beaufort Water Festival (×1.15)
2026-07-16,Thursday,60,303,Water View 303,water_view,329,369,475,36.1,75%,False,Annual Beaufort Water Festival,1.15,371.67,27.8,60d out → rack rate | Events: Annual Beaufort Water Festival (×1.15)
2026-07-16,Thursday,60,304,Water View 304,water_view,319,359,460,35.7,75%,False,Annual Beaufort Water Festival,1.15,371.67,23.8,60d out → rack rate | Events: Annual Beaufort Water Festival (×1.15)
2026-07-16,Thursday,60,305,Water View 305,water_view,329,369,475,36.1,75%,False,Annual Beaufort Water Festival,1.15,371.67,27.8,60d out → rack rate | Events: Annual Beaufort Water Festival (×1.15)
2026-07-16,Thursday,60,101,Garden Room 101,garden,269,299,385,35.6,75%,False,Annual Beaufort Water Festival,1.15,371.67,3.6,60d out → rack rate | Events: Annual Beaufort Water Festival (×1.15)
2026-07-16,Thursday,60,102,Garden Room 102,garden,269,299,385,35.6,75%,False,Annual Beaufort Water Festival,1.15,371.67,3.6,60d out → rack rate | Events: Annual Beaufort Water Festival (×1.15)
2026-07-16,Thursday,60,103,Garden Room 103,garden,279,299,390,34.9,75%,False,Annual Beaufort Water Festival,1.15,371.67,4.9,60d out → rack rate | Events: Annual Beaufort Water Festival (×1.15)
2026-07-16,Thursday,60,104,Garden Room 104,garden,269,289,380,36.2,75%,False,Annual Beaufort Water Festival,1.15,371.67,2.2,60d out → rack rate | Events: Annual Beaufort Water Festival (×1.15)
2026-07-16,Thursday,60,cottage,Private Cottage,cottage,489,549,705,35.8,75%,False,Annual Beaufort Water Festival,1.15,371.67,89.7,60d out → rack rate | Events: Annual Beaufort Water Festival (×1.15)
2026-07-17,Friday,61,201,Waterfront 201,waterfront,389,459,690,62.7,75%,True,Annual Beaufort Water Festival; Parris Island USMC Graduation,1.2,384.17,79.6,"61d out → rack rate | Events: Annual Beaufort Water Festival, Parris Island USMC Graduation (×1.20) | Weekend +15% (Fri/Sat)"
2026-07-17,Friday,61,202,Waterfront 202,waterfront,389,459,690,62.7,75%,True,Annual Beaufort Water Festival; Parris Island USMC Graduation,1.2,384.17,79.6,"61d out → rack rate | Events: Annual Beaufort Water Festival, Parris Island USMC Graduation (×1.20) | Weekend +15% (Fri/Sat)"
2026-07-17,Friday,61,203,Waterfront 203,waterfront,399,459,700,63.2,75%,True,Annual Beaufort Water Festival; Parris Island USMC Graduation,1.2,384.17,82.2,"61d out → rack rate | Events: Annual Beaufort Water Festival, Parris Island USMC Graduation (×1.20) | Weekend +15% (Fri/Sat)"
2026-07-17,Friday,61,204,Waterfront 204,waterfront,409,459,705,62.4,75%,True,Annual Beaufort Water Festival; Parris Island USMC Graduation,1.2,384.17,83.5,"61d out → rack rate | Events: Annual Beaufort Water Festival, Parris Island USMC Graduation (×1.20) | Weekend +15% (Fri/Sat)"
2026-07-17,Friday,61,301,Water View 301,water_view,319,369,560,62.8,75%,True,Annual Beaufort Water Festival; Parris Island USMC Graduation,1.2,384.17,45.8,"61d out → rack rate | Events: Annual Beaufort Water Festival, Parris Island USMC Graduation (×1.20) | Weekend +15% (Fri/Sat)"
2026-07-17,Friday,61,302,Water View 302,water_view,319,369,560,62.8,75%,True,Annual Beaufort Water Festival; Parris Island USMC Graduation,1.2,384.17,45.8,"61d out → rack rate | Events: Annual Beaufort Water Festival, Parris Island USMC Graduation (×1.20) | Weekend +15% (Fri/Sat)"
2026-07-17,Friday,61,303,Water View 303,water_view,329,369,570,63.3,75%,True,Annual Beaufort Water Festival; Parris Island USMC Graduation,1.2,384.17,48.4,"61d out → rack rate | Events: Annual Beaufort Water Festival, Parris Island USMC Graduation (×1.20) | Weekend +15% (Fri/Sat)"
2026-07-17,Friday,61,304,Water View 304,water_view,319,359,550,62.2,75%,True,Annual Beaufort Water Festival; Parris Island USMC Graduation,1.2,384.17,43.2,"61d out → rack rate | Events: Annual Beaufort Water Festival, Parris Island USMC Graduation (×1.20) | Weekend +15% (Fri/Sat)"
2026-07-17,Friday,61,305,Water View 305,water_view,329,369,570,63.3,75%,True,Annual Beaufort Water Festival; Parris Island USMC Graduation,1.2,384.17,48.4,"61d out → rack rate | Events: Annual Beaufort Water Festival, Parris Island USMC Graduation (×1.20) | Weekend +15% (Fri/Sat)"
2026-07-17,Friday,61,101,Garden Room 101,garden,269,299,460,62.0,75%,True,Annual Beaufort Water Festival; Parris Island USMC Graduation,1.2,384.17,19.7,"61d out → rack rate | Events: Annual Beaufort Water Festival, Parris Island USMC Graduation (×1.20) | Weekend +15% (Fri/Sat)"
2026-07-17,Friday,61,102,Garden Room 102,garden,269,299,460,62.0,75%,True,Annual Beaufort Water Festival; Parris Island USMC Graduation,1.2,384.17,19.7,"61d out → rack rate | Events: Annual Beaufort Water Festival, Parris Island USMC Graduation (×1.20) | Weekend +15% (Fri/Sat)"
2026-07-17,Friday,61,103,Garden Room 103,garden,279,299,470,62.6,75%,True,Annual Beaufort Water Festival; Parris Island USMC Graduation,1.2,384.17,22.3,"61d out → rack rate | Events: Annual Beaufort Water Festival, Parris Island USMC Graduation (×1.20) | Weekend +15% (Fri/Sat)"
2026-07-17,Friday,61,104,Garden Room 104,garden,269,289,455,63.1,75%,True,Annual Beaufort Water Festival; Parris Island USMC Graduation,1.2,384.17,18.4,"61d out → rack rate | Events: Annual Beaufort Water Festival, Parris Island USMC Graduation (×1.20) | Weekend +15% (Fri/Sat)"
2026-07-17,Friday,61,cottage,Private Cottage,cottage,489,549,845,62.8,75%,True,Annual Beaufort Water Festival; Parris Island USMC Graduation,1.2,384.17,120.0,"61d out → rack rate | Events: Annual Beaufort Water Festival, Parris Island USMC Graduation (×1.20) | Weekend +15% (Fri/Sat)"
2026-07-18,Saturday,62,201,Waterfront 201,waterfront,389,459,750,76.9,75%,True,Annual Beaufort Water Festival; Downtown Farmers Market,1.3,405.83,84.8,"62d out → rack rate | Events: Annual Beaufort Water Festival, Downtown Farmers Market (×1.30) | Weekend +15% (Fri/Sat)"
2026-07-18,Saturday,62,202,Waterfront 202,waterfront,389,459,750,76.9,75%,True,Annual Beaufort Water Festival; Downtown Farmers Market,1.3,405.83,84.8,"62d out → rack rate | Events: Annual Beaufort Water Festival, Downtown Farmers Market (×1.30) | Weekend +15% (Fri/Sat)"
2026-07-18,Saturday,62,203,Waterfront 203,waterfront,399,459,755,76.0,75%,True,Annual Beaufort Water Festival; Downtown Farmers Market,1.3,405.83,86.0,"62d out → rack rate | Events: Annual Beaufort Water Festival, Downtown Farmers Market (×1.30) | Weekend +15% (Fri/Sat)"
2026-07-18,Saturday,62,204,Waterfront 204,waterfront,409,459,765,76.3,75%,True,Annual Beaufort Water Festival; Downtown Farmers Market,1.3,405.83,88.5,"62d out → rack rate | Events: Annual Beaufort Water Festival, Downtown Farmers Market (×1.30) | Weekend +15% (Fri/Sat)"
2026-07-18,Saturday,62,301,Water View 301,water_view,319,369,605,75.9,75%,True,Annual Beaufort Water Festival; Downtown Farmers Market,1.3,405.83,49.1,"62d out → rack rate | Events: Annual Beaufort Water Festival, Downtown Farmers Market (×1.30) | Weekend +15% (Fri/Sat)"
2026-07-18,Saturday,62,302,Water View 302,water_view,319,369,605,75.9,75%,True,Annual Beaufort Water Festival; Downtown Farmers Market,1.3,405.83,49.1,"62d out → rack rate | Events: Annual Beaufort Water Festival, Downtown Farmers Market (×1.30) | Weekend +15% (Fri/Sat)"
2026-07-18,Saturday,62,303,Water View 303,water_view,329,369,615,76.2,75%,True,Annual Beaufort Water Festival; Downtown Farmers Market,1.3,405.83,51.5,"62d out → rack rate | Events: Annual Beaufort Water Festival, Downtown Farmers Market (×1.30) | Weekend +15% (Fri/Sat)"
2026-07-18,Saturday,62,304,Water View 304,water_view,319,359,600,77.0,75%,True,Annual Beaufort Water Festival; Downtown Farmers Market,1.3,405.83,47.8,"62d out → rack rate | Events: Annual Beaufort Water Festival, Downtown Farmers Market (×1.30) | Weekend +15% (Fri/Sat)"
2026-07-18,Saturday,62,305,Water View 305,water_view,329,369,615,76.2,75%,True,Annual Beaufort Water Festival; Downtown Farmers Market,1.3,405.83,51.5,"62d out → rack rate | Events: Annual Beaufort Water Festival, Downtown Farmers Market (×1.30) | Weekend +15% (Fri/Sat)"
2026-07-18,Saturday,62,101,Garden Room 101,garden,269,299,500,76.1,75%,True,Annual Beaufort Water Festival; Downtown Farmers Market,1.3,405.83,23.2,"62d out → rack rate | Events: Annual Beaufort Water Festival, Downtown Farmers Market (×1.30) | Weekend +15% (Fri/Sat)"
2026-07-18,Saturday,62,102,Garden Room 102,garden,269,299,500,76.1,75%,True,Annual Beaufort Water Festival; Downtown Farmers Market,1.3,405.83,23.2,"62d out → rack rate | Events: Annual Beaufort Water Festival, Downtown Farmers Market (×1.30) | Weekend +15% (Fri/Sat)"
2026-07-18,Saturday,62,103,Garden Room 103,garden,279,299,510,76.5,75%,True,Annual Beaufort Water Festival; Downtown Farmers Market,1.3,405.83,25.7,"62d out → rack rate | Events: Annual Beaufort Water Festival, Downtown Farmers Market (×1.30) | Weekend +15% (Fri/Sat)"
2026-07-18,Saturday,62,104,Garden Room 104,garden,269,289,490,75.6,75%,True,Annual Beaufort Water Festival; Downtown Farmers Market,1.3,405.83,20.7,"62d out → rack rate | Events: Annual Beaufort Water Festival, Downtown Farmers Market (×1.30) | Weekend +15% (Fri/Sat)"
2026-07-18,Saturday,62,cottage,Private Cottage,cottage,489,549,915,76.3,75%,True,Annual Beaufort Water Festival; Downtown Farmers Market,1.3,405.83,125.5,"62d out → rack rate | Events: Annual Beaufort Water Festival, Downtown Farmers Market (×1.30) | Weekend +15% (Fri/Sat)"
2026-07-19,Sunday,63,201,Waterfront 201,waterfront,389,459,650,53.3,75%,False,Annual Beaufort Water Festival,1.3,406.67,59.8,63d out → rack rate | Events: Annual Beaufort Water Festival (×1.30)
2026-07-19,Sunday,63,202,Waterfront 202,waterfront,389,459,650,53.3,75%,False,Annual Beaufort Water Festival,1.3,406.67,59.8,63d out → rack rate | Events: Annual Beaufort Water Festival (×1.30)
2026-07-19,Sunday,63,203,Waterfront 203,waterfront,399,459,660,53.8,75%,False,Annual Beaufort Water Festival,1.3,406.67,62.3,63d out → rack rate | Events: Annual Beaufort Water Festival (×1.30)
2026-07-19,Sunday,63,204,Waterfront 204,waterfront,409,459,665,53.2,75%,False,Annual Beaufort Water Festival,1.3,406.67,63.5,63d out → rack rate | Events: Annual Beaufort Water Festival (×1.30)
2026-07-19,Sunday,63,301,Water View 301,water_view,319,369,530,54.1,75%,False,Annual Beaufort Water Festival,1.3,406.67,30.3,63d out → rack rate | Events: Annual Beaufort Water Festival (×1.30)
2026-07-19,Sunday,63,302,Water View 302,water_view,319,369,530,54.1,75%,False,Annual Beaufort Water Festival,1.3,406.67,30.3,63d out → rack rate | Events: Annual Beaufort Water Festival (×1.30)
2026-07-19,Sunday,63,303,Water View 303,water_view,329,369,535,53.3,75%,False,Annual Beaufort Water Festival,1.3,406.67,31.6,63d out → rack rate | Events: Annual Beaufort Water Festival (×1.30)
2026-07-19,Sunday,63,304,Water View 304,water_view,319,359,520,53.4,75%,False,Annual Beaufort Water Festival,1.3,406.67,27.9,63d out → rack rate | Events: Annual Beaufort Water Festival (×1.30)
2026-07-19,Sunday,63,305,Water View 305,water_view,329,369,535,53.3,75%,False,Annual Beaufort Water Festival,1.3,406.67,31.6,63d out → rack rate | Events: Annual Beaufort Water Festival (×1.30)
2026-07-19,Sunday,63,101,Garden Room 101,garden,269,299,435,53.2,75%,False,Annual Beaufort Water Festival,1.3,406.67,7.0,63d out → rack rate | Events: Annual Beaufort Water Festival (×1.30)
2026-07-19,Sunday,63,102,Garden Room 102,garden,269,299,435,53.2,75%,False,Annual Beaufort Water Festival,1.3,406.67,7.0,63d out → rack rate | Events: Annual Beaufort Water Festival (×1.30)
2026-07-19,Sunday,63,103,Garden Room 103,garden,279,299,445,54.0,75%,False,Annual Beaufort Water Festival,1.3,406.67,9.4,63d out → rack rate | Events: Annual Beaufort Water Festival (×1.30)
2026-07-19,Sunday,63,104,Garden Room 104,garden,269,289,430,54.1,75%,False,Annual Beaufort Water Festival,1.3,406.67,5.7,63d out → rack rate | Events: Annual Beaufort Water Festival (×1.30)
2026-07-19,Sunday,63,cottage,Private Cottage,cottage,489,549,795,53.2,75%,False,Annual Beaufort Water Festival,1.3,406.67,95.5,63d out → rack rate | Events: Annual Beaufort Water Festival (×1.30)
2026-07-20,Monday,64,201,Waterfront 201,waterfront,389,459,650,53.3,75%,False,Annual Beaufort Water Festival,1.3,408.33,59.2,64d out → rack rate | Events: Annual Beaufort Water Festival (×1.30)
2026-07-20,Monday,64,202,Waterfront 202,waterfront,389,459,650,53.3,75%,False,Annual Beaufort Water Festival,1.3,408.33,59.2,64d out → rack rate | Events: Annual Beaufort Water Festival (×1.30)
2026-07-20,Monday,64,203,Waterfront 203,waterfront,399,459,660,53.8,75%,False,Annual Beaufort Water Festival,1.3,408.33,61.6,64d out → rack rate | Events: Annual Beaufort Water Festival (×1.30)
2026-07-20,Monday,64,204,Waterfront 204,waterfront,409,459,665,53.2,75%,False,Annual Beaufort Water Festival,1.3,408.33,62.9,64d out → rack rate | Events: Annual Beaufort Water Festival (×1.30)
2026-07-20,Monday,64,301,Water View 301,water_view,319,369,530,54.1,75%,False,Annual Beaufort Water Festival,1.3,408.33,29.8,64d out → rack rate | Events: Annual Beaufort Water Festival (×1.30)
2026-07-20,Monday,64,302,Water View 302,water_view,319,369,530,54.1,75%,False,Annual Beaufort Water Festival,1.3,408.33,29.8,64d out → rack rate | Events: Annual Beaufort Water Festival (×1.30)
2026-07-20,Monday,64,303,Water View 303,water_view,329,369,535,53.3,75%,False,Annual Beaufort Water Festival,1.3,408.33,31.0,64d out → rack rate | Events: Annual Beaufort Water Festival (×1.30)
2026-07-20,Monday,64,304,Water View 304,water_view,319,359,520,53.4,75%,False,Annual Beaufort Water Festival,1.3,408.33,27.3,64d out → rack rate | Events: Annual Beaufort Water Festival (×1.30)
2026-07-20,Monday,64,305,Water View 305,water_view,329,369,535,53.3,75%,False,Annual Beaufort Water Festival,1.3,408.33,31.0,64d out → rack rate | Events: Annual Beaufort Water Festival (×1.30)
2026-07-20,Monday,64,101,Garden Room 101,garden,269,299,435,53.2,75%,False,Annual Beaufort Water Festival,1.3,408.33,6.5,64d out → rack rate | Events: Annual Beaufort Water Festival (×1.30)
2026-07-20,Monday,64,102,Garden Room 102,garden,269,299,435,53.2,75%,False,Annual Beaufort Water Festival,1.3,408.33,6.5,64d out → rack rate | Events: Annual Beaufort Water Festival (×1.30)
2026-07-20,Monday,64,103,Garden Room 103,garden,279,299,445,54.0,75%,False,Annual Beaufort Water Festival,1.3,408.33,9.0,64d out → rack rate | Events: Annual Beaufort Water Festival (×1.30)
2026-07-20,Monday,64,104,Garden Room 104,garden,269,289,430,54.1,75%,False,Annual Beaufort Water Festival,1.3,408.33,5.3,64d out → rack rate | Events: Annual Beaufort Water Festival (×1.30)
2026-07-20,Monday,64,cottage,Private Cottage,cottage,489,549,795,53.2,75%,False,Annual Beaufort Water Festival,1.3,408.33,94.7,64d out → rack rate | Events: Annual Beaufort Water Festival (×1.30)
2026-07-21,Tuesday,65,201,Waterfront 201,waterfront,389,459,650,53.3,75%,False,Annual Beaufort Water Festival,1.3,403.33,61.2,65d out → rack rate | Events: Annual Beaufort Water Festival (×1.30)
2026-07-21,Tuesday,65,202,Waterfront 202,waterfront,389,459,650,53.3,75%,False,Annual Beaufort Water Festival,1.3,403.33,61.2,65d out → rack rate | Events: Annual Beaufort Water Festival (×1.30)
2026-07-21,Tuesday,65,203,Waterfront 203,waterfront,399,459,660,53.8,75%,False,Annual Beaufort Water Festival,1.3,403.33,63.6,65d out → rack rate | Events: Annual Beaufort Water Festival (×1.30)
2026-07-21,Tuesday,65,204,Waterfront 204,waterfront,409,459,665,53.2,75%,False,Annual Beaufort Water Festival,1.3,403.33,64.9,65d out → rack rate | Events: Annual Beaufort Water Festival (×1.30)
2026-07-21,Tuesday,65,301,Water View 301,water_view,319,369,530,54.1,75%,False,Annual Beaufort Water Festival,1.3,403.33,31.4,65d out → rack rate | Events: Annual Beaufort Water Festival (×1.30)
2026-07-21,Tuesday,65,302,Water View 302,water_view,319,369,530,54.1,75%,False,Annual Beaufort Water Festival,1.3,403.33,31.4,65d out → rack rate | Events: Annual Beaufort Water Festival (×1.30)
2026-07-21,Tuesday,65,303,Water View 303,water_view,329,369,535,53.3,75%,False,Annual Beaufort Water Festival,1.3,403.33,32.6,65d out → rack rate | Events: Annual Beaufort Water Festival (×1.30)
2026-07-21,Tuesday,65,304,Water View 304,water_view,319,359,520,53.4,75%,False,Annual Beaufort Water Festival,1.3,403.33,28.9,65d out → rack rate | Events: Annual Beaufort Water Festival (×1.30)
2026-07-21,Tuesday,65,305,Water View 305,water_view,329,369,535,53.3,75%,False,Annual Beaufort Water Festival,1.3,403.33,32.6,65d out → rack rate | Events: Annual Beaufort Water Festival (×1.30)
2026-07-21,Tuesday,65,101,Garden Room 101,garden,269,299,435,53.2,75%,False,Annual Beaufort Water Festival,1.3,403.33,7.9,65d out → rack rate | Events: Annual Beaufort Water Festival (×1.30)
2026-07-21,Tuesday,65,102,Garden Room 102,garden,269,299,435,53.2,75%,False,Annual Beaufort Water Festival,1.3,403.33,7.9,65d out → rack rate | Events: Annual Beaufort Water Festival (×1.30)
2026-07-21,Tuesday,65,103,Garden Room 103,garden,279,299,445,54.0,75%,False,Annual Beaufort Water Festival,1.3,403.33,10.3,65d out → rack rate | Events: Annual Beaufort Water Festival (×1.30)
2026-07-21,Tuesday,65,104,Garden Room 104,garden,269,289,430,54.1,75%,False,Annual Beaufort Water Festival,1.3,403.33,6.6,65d out → rack rate | Events: Annual Beaufort Water Festival (×1.30)
2026-07-21,Tuesday,65,cottage,Private Cottage,cottage,489,549,795,53.2,75%,False,Annual Beaufort Water Festival,1.3,403.33,97.1,65d out → rack rate | Events: Annual Beaufort Water Festival (×1.30)
2026-07-22,Wednesday,66,201,Waterfront 201,waterfront,389,459,650,53.3,75%,False,Annual Beaufort Water Festival,1.3,403.33,61.2,66d out → rack rate | Events: Annual Beaufort Water Festival (×1.30)
2026-07-22,Wednesday,66,202,Waterfront 202,waterfront,389,459,650,53.3,75%,False,Annual Beaufort Water Festival,1.3,403.33,61.2,66d out → rack rate | Events: Annual Beaufort Water Festival (×1.30)
2026-07-22,Wednesday,66,203,Waterfront 203,waterfront,399,459,660,53.8,75%,False,Annual Beaufort Water Festival,1.3,403.33,63.6,66d out → rack rate | Events: Annual Beaufort Water Festival (×1.30)
2026-07-22,Wednesday,66,204,Waterfront 204,waterfront,409,459,665,53.2,75%,False,Annual Beaufort Water Festival,1.3,403.33,64.9,66d out → rack rate | Events: Annual Beaufort Water Festival (×1.30)
2026-07-22,Wednesday,66,301,Water View 301,water_view,319,369,530,54.1,75%,False,Annual Beaufort Water Festival,1.3,403.33,31.4,66d out → rack rate | Events: Annual Beaufort Water Festival (×1.30)
2026-07-22,Wednesday,66,302,Water View 302,water_view,319,369,530,54.1,75%,False,Annual Beaufort Water Festival,1.3,403.33,31.4,66d out → rack rate | Events: Annual Beaufort Water Festival (×1.30)
2026-07-22,Wednesday,66,303,Water View 303,water_view,329,369,535,53.3,75%,False,Annual Beaufort Water Festival,1.3,403.33,32.6,66d out → rack rate | Events: Annual Beaufort Water Festival (×1.30)
2026-07-22,Wednesday,66,304,Water View 304,water_view,319,359,520,53.4,75%,False,Annual Beaufort Water Festival,1.3,403.33,28.9,66d out → rack rate | Events: Annual Beaufort Water Festival (×1.30)
2026-07-22,Wednesday,66,305,Water View 305,water_view,329,369,535,53.3,75%,False,Annual Beaufort Water Festival,1.3,403.33,32.6,66d out → rack rate | Events: Annual Beaufort Water Festival (×1.30)
2026-07-22,Wednesday,66,101,Garden Room 101,garden,269,299,435,53.2,75%,False,Annual Beaufort Water Festival,1.3,403.33,7.9,66d out → rack rate | Events: Annual Beaufort Water Festival (×1.30)
2026-07-22,Wednesday,66,102,Garden Room 102,garden,269,299,435,53.2,75%,False,Annual Beaufort Water Festival,1.3,403.33,7.9,66d out → rack rate | Events: Annual Beaufort Water Festival (×1.30)
2026-07-22,Wednesday,66,103,Garden Room 103,garden,279,299,445,54.0,75%,False,Annual Beaufort Water Festival,1.3,403.33,10.3,66d out → rack rate | Events: Annual Beaufort Water Festival (×1.30)
2026-07-22,Wednesday,66,104,Garden Room 104,garden,269,289,430,54.1,75%,False,Annual Beaufort Water Festival,1.3,403.33,6.6,66d out → rack rate | Events: Annual Beaufort Water Festival (×1.30)
2026-07-22,Wednesday,66,cottage,Private Cottage,cottage,489,549,795,53.2,75%,False,Annual Beaufort Water Festival,1.3,403.33,97.1,66d out → rack rate | Events: Annual Beaufort Water Festival (×1.30)
2026-07-23,Thursday,67,201,Waterfront 201,waterfront,389,459,650,53.3,75%,False,Annual Beaufort Water Festival,1.3,405.83,60.2,67d out → rack rate | Events: Annual Beaufort Water Festival (×1.30)
2026-07-23,Thursday,67,202,Waterfront 202,waterfront,389,459,650,53.3,75%,False,Annual Beaufort Water Festival,1.3,405.83,60.2,67d out → rack rate | Events: Annual Beaufort Water Festival (×1.30)
2026-07-23,Thursday,67,203,Waterfront 203,waterfront,399,459,660,53.8,75%,False,Annual Beaufort Water Festival,1.3,405.83,62.6,67d out → rack rate | Events: Annual Beaufort Water Festival (×1.30)
2026-07-23,Thursday,67,204,Waterfront 204,waterfront,409,459,665,53.2,75%,False,Annual Beaufort Water Festival,1.3,405.83,63.9,67d out → rack rate | Events: Annual Beaufort Water Festival (×1.30)
2026-07-23,Thursday,67,301,Water View 301,water_view,319,369,530,54.1,75%,False,Annual Beaufort Water Festival,1.3,405.83,30.6,67d out → rack rate | Events: Annual Beaufort Water Festival (×1.30)
2026-07-23,Thursday,67,302,Water View 302,water_view,319,369,530,54.1,75%,False,Annual Beaufort Water Festival,1.3,405.83,30.6,67d out → rack rate | Events: Annual Beaufort Water Festival (×1.30)
2026-07-23,Thursday,67,303,Water View 303,water_view,329,369,535,53.3,75%,False,Annual Beaufort Water Festival,1.3,405.83,31.8,67d out → rack rate | Events: Annual Beaufort Water Festival (×1.30)
2026-07-23,Thursday,67,304,Water View 304,water_view,319,359,520,53.4,75%,False,Annual Beaufort Water Festival,1.3,405.83,28.1,67d out → rack rate | Events: Annual Beaufort Water Festival (×1.30)
2026-07-23,Thursday,67,305,Water View 305,water_view,329,369,535,53.3,75%,False,Annual Beaufort Water Festival,1.3,405.83,31.8,67d out → rack rate | Events: Annual Beaufort Water Festival (×1.30)
2026-07-23,Thursday,67,101,Garden Room 101,garden,269,299,435,53.2,75%,False,Annual Beaufort Water Festival,1.3,405.83,7.2,67d out → rack rate | Events: Annual Beaufort Water Festival (×1.30)
2026-07-23,Thursday,67,102,Garden Room 102,garden,269,299,435,53.2,75%,False,Annual Beaufort Water Festival,1.3,405.83,7.2,67d out → rack rate | Events: Annual Beaufort Water Festival (×1.30)
2026-07-23,Thursday,67,103,Garden Room 103,garden,279,299,445,54.0,75%,False,Annual Beaufort Water Festival,1.3,405.83,9.7,67d out → rack rate | Events: Annual Beaufort Water Festival (×1.30)
2026-07-23,Thursday,67,104,Garden Room 104,garden,269,289,430,54.1,75%,False,Annual Beaufort Water Festival,1.3,405.83,6.0,67d out → rack rate | Events: Annual Beaufort Water Festival (×1.30)
2026-07-23,Thursday,67,cottage,Private Cottage,cottage,489,549,795,53.2,75%,False,Annual Beaufort Water Festival,1.3,405.83,95.9,67d out → rack rate | Events: Annual Beaufort Water Festival (×1.30)
2026-07-24,Friday,68,201,Waterfront 201,waterfront,389,459,750,76.9,75%,True,Annual Beaufort Water Festival,1.3,403.33,86.0,68d out → rack rate | Events: Annual Beaufort Water Festival (×1.30) | Weekend +15% (Fri/Sat)
2026-07-24,Friday,68,202,Waterfront 202,waterfront,389,459,750,76.9,75%,True,Annual Beaufort Water Festival,1.3,403.33,86.0,68d out → rack rate | Events: Annual Beaufort Water Festival (×1.30) | Weekend +15% (Fri/Sat)
2026-07-24,Friday,68,203,Waterfront 203,waterfront,399,459,755,76.0,75%,True,Annual Beaufort Water Festival,1.3,403.33,87.2,68d out → rack rate | Events: Annual Beaufort Water Festival (×1.30) | Weekend +15% (Fri/Sat)
2026-07-24,Friday,68,204,Waterfront 204,waterfront,409,459,765,76.3,75%,True,Annual Beaufort Water Festival,1.3,403.33,89.7,68d out → rack rate | Events: Annual Beaufort Water Festival (×1.30) | Weekend +15% (Fri/Sat)
2026-07-24,Friday,68,301,Water View 301,water_view,319,369,605,75.9,75%,True,Annual Beaufort Water Festival,1.3,403.33,50.0,68d out → rack rate | Events: Annual Beaufort Water Festival (×1.30) | Weekend +15% (Fri/Sat)
2026-07-24,Friday,68,302,Water View 302,water_view,319,369,605,75.9,75%,True,Annual Beaufort Water Festival,1.3,403.33,50.0,68d out → rack rate | Events: Annual Beaufort Water Festival (×1.30) | Weekend +15% (Fri/Sat)
2026-07-24,Friday,68,303,Water View 303,water_view,329,369,615,76.2,75%,True,Annual Beaufort Water Festival,1.3,403.33,52.5,68d out → rack rate | Events: Annual Beaufort Water Festival (×1.30) | Weekend +15% (Fri/Sat)
2026-07-24,Friday,68,304,Water View 304,water_view,319,359,600,77.0,75%,True,Annual Beaufort Water Festival,1.3,403.33,48.8,68d out → rack rate | Events: Annual Beaufort Water Festival (×1.30) | Weekend +15% (Fri/Sat)
2026-07-24,Friday,68,305,Water View 305,water_view,329,369,615,76.2,75%,True,Annual Beaufort Water Festival,1.3,403.33,52.5,68d out → rack rate | Events: Annual Beaufort Water Festival (×1.30) | Weekend +15% (Fri/Sat)
2026-07-24,Friday,68,101,Garden Room 101,garden,269,299,500,76.1,75%,True,Annual Beaufort Water Festival,1.3,403.33,24.0,68d out → rack rate | Events: Annual Beaufort Water Festival (×1.30) | Weekend +15% (Fri/Sat)
2026-07-24,Friday,68,102,Garden Room 102,garden,269,299,500,76.1,75%,True,Annual Beaufort Water Festival,1.3,403.33,24.0,68d out → rack rate | Events: Annual Beaufort Water Festival (×1.30) | Weekend +15% (Fri/Sat)
2026-07-24,Friday,68,103,Garden Room 103,garden,279,299,510,76.5,75%,True,Annual Beaufort Water Festival,1.3,403.33,26.4,68d out → rack rate | Events: Annual Beaufort Water Festival (×1.30) | Weekend +15% (Fri/Sat)
2026-07-24,Friday,68,104,Garden Room 104,garden,269,289,490,75.6,75%,True,Annual Beaufort Water Festival,1.3,403.33,21.5,68d out → rack rate | Events: Annual Beaufort Water Festival (×1.30) | Weekend +15% (Fri/Sat)
2026-07-24,Friday,68,cottage,Private Cottage,cottage,489,549,915,76.3,75%,True,Annual Beaufort Water Festival,1.3,403.33,126.9,68d out → rack rate | Events: Annual Beaufort Water Festival (×1.30) | Weekend +15% (Fri/Sat)
2026-07-25,Saturday,69,201,Waterfront 201,waterfront,389,459,750,76.9,75%,True,Annual Beaufort Water Festival; Downtown Farmers Market,1.3,405.0,85.2,"69d out → rack rate | Events: Annual Beaufort Water Festival, Downtown Farmers Market (×1.30) | Weekend +15% (Fri/Sat)"
2026-07-25,Saturday,69,202,Waterfront 202,waterfront,389,459,750,76.9,75%,True,Annual Beaufort Water Festival; Downtown Farmers Market,1.3,405.0,85.2,"69d out → rack rate | Events: Annual Beaufort Water Festival, Downtown Farmers Market (×1.30) | Weekend +15% (Fri/Sat)"
2026-07-25,Saturday,69,203,Waterfront 203,waterfront,399,459,755,76.0,75%,True,Annual Beaufort Water Festival; Downtown Farmers Market,1.3,405.0,86.4,"69d out → rack rate | Events: Annual Beaufort Water Festival, Downtown Farmers Market (×1.30) | Weekend +15% (Fri/Sat)"
2026-07-25,Saturday,69,204,Waterfront 204,waterfront,409,459,765,76.3,75%,True,Annual Beaufort Water Festival; Downtown Farmers Market,1.3,405.0,88.9,"69d out → rack rate | Events: Annual Beaufort Water Festival, Downtown Farmers Market (×1.30) | Weekend +15% (Fri/Sat)"
2026-07-25,Saturday,69,301,Water View 301,water_view,319,369,605,75.9,75%,True,Annual Beaufort Water Festival; Downtown Farmers Market,1.3,405.0,49.4,"69d out → rack rate | Events: Annual Beaufort Water Festival, Downtown Farmers Market (×1.30) | Weekend +15% (Fri/Sat)"
2026-07-25,Saturday,69,302,Water View 302,water_view,319,369,605,75.9,75%,True,Annual Beaufort Water Festival; Downtown Farmers Market,1.3,405.0,49.4,"69d out → rack rate | Events: Annual Beaufort Water Festival, Downtown Farmers Market (×1.30) | Weekend +15% (Fri/Sat)"
2026-07-25,Saturday,69,303,Water View 303,water_view,329,369,615,76.2,75%,True,Annual Beaufort Water Festival; Downtown Farmers Market,1.3,405.0,51.9,"69d out → rack rate | Events: Annual Beaufort Water Festival, Downtown Farmers Market (×1.30) | Weekend +15% (Fri/Sat)"
2026-07-25,Saturday,69,304,Water View 304,water_view,319,359,600,77.0,75%,True,Annual Beaufort Water Festival; Downtown Farmers Market,1.3,405.0,48.1,"69d out → rack rate | Events: Annual Beaufort Water Festival, Downtown Farmers Market (×1.30) | Weekend +15% (Fri/Sat)"
2026-07-25,Saturday,69,305,Water View 305,water_view,329,369,615,76.2,75%,True,Annual Beaufort Water Festival; Downtown Farmers Market,1.3,405.0,51.9,"69d out → rack rate | Events: Annual Beaufort Water Festival, Downtown Farmers Market (×1.30) | Weekend +15% (Fri/Sat)"
2026-07-25,Saturday,69,101,Garden Room 101,garden,269,299,500,76.1,75%,True,Annual Beaufort Water Festival; Downtown Farmers Market,1.3,405.0,23.5,"69d out → rack rate | Events: Annual Beaufort Water Festival, Downtown Farmers Market (×1.30) | Weekend +15% (Fri/Sat)"
2026-07-25,Saturday,69,102,Garden Room 102,garden,269,299,500,76.1,75%,True,Annual Beaufort Water Festival; Downtown Farmers Market,1.3,405.0,23.5,"69d out → rack rate | Events: Annual Beaufort Water Festival, Downtown Farmers Market (×1.30) | Weekend +15% (Fri/Sat)"
2026-07-25,Saturday,69,103,Garden Room 103,garden,279,299,510,76.5,75%,True,Annual Beaufort Water Festival; Downtown Farmers Market,1.3,405.0,25.9,"69d out → rack rate | Events: Annual Beaufort Water Festival, Downtown Farmers Market (×1.30) | Weekend +15% (Fri/Sat)"
2026-07-25,Saturday,69,104,Garden Room 104,garden,269,289,490,75.6,75%,True,Annual Beaufort Water Festival; Downtown Farmers Market,1.3,405.0,21.0,"69d out → rack rate | Events: Annual Beaufort Water Festival, Downtown Farmers Market (×1.30) | Weekend +15% (Fri/Sat)"
2026-07-25,Saturday,69,cottage,Private Cottage,cottage,489,549,915,76.3,75%,True,Annual Beaufort Water Festival; Downtown Farmers Market,1.3,405.0,125.9,"69d out → rack rate | Events: Annual Beaufort Water Festival, Downtown Farmers Market (×1.30) | Weekend +15% (Fri/Sat)"
2026-07-26,Sunday,70,201,Waterfront 201,waterfront,389,459,650,53.3,75%,False,Annual Beaufort Water Festival,1.3,403.33,61.2,70d out → rack rate | Events: Annual Beaufort Water Festival (×1.30)
2026-07-26,Sunday,70,202,Waterfront 202,waterfront,389,459,650,53.3,75%,False,Annual Beaufort Water Festival,1.3,403.33,61.2,70d out → rack rate | Events: Annual Beaufort Water Festival (×1.30)
2026-07-26,Sunday,70,203,Waterfront 203,waterfront,399,459,660,53.8,75%,False,Annual Beaufort Water Festival,1.3,403.33,63.6,70d out → rack rate | Events: Annual Beaufort Water Festival (×1.30)
2026-07-26,Sunday,70,204,Waterfront 204,waterfront,409,459,665,53.2,75%,False,Annual Beaufort Water Festival,1.3,403.33,64.9,70d out → rack rate | Events: Annual Beaufort Water Festival (×1.30)
2026-07-26,Sunday,70,301,Water View 301,water_view,319,369,530,54.1,75%,False,Annual Beaufort Water Festival,1.3,403.33,31.4,70d out → rack rate | Events: Annual Beaufort Water Festival (×1.30)
2026-07-26,Sunday,70,302,Water View 302,water_view,319,369,530,54.1,75%,False,Annual Beaufort Water Festival,1.3,403.33,31.4,70d out → rack rate | Events: Annual Beaufort Water Festival (×1.30)
2026-07-26,Sunday,70,303,Water View 303,water_view,329,369,535,53.3,75%,False,Annual Beaufort Water Festival,1.3,403.33,32.6,70d out → rack rate | Events: Annual Beaufort Water Festival (×1.30)
2026-07-26,Sunday,70,304,Water View 304,water_view,319,359,520,53.4,75%,False,Annual Beaufort Water Festival,1.3,403.33,28.9,70d out → rack rate | Events: Annual Beaufort Water Festival (×1.30)
2026-07-26,Sunday,70,305,Water View 305,water_view,329,369,535,53.3,75%,False,Annual Beaufort Water Festival,1.3,403.33,32.6,70d out → rack rate | Events: Annual Beaufort Water Festival (×1.30)
2026-07-26,Sunday,70,101,Garden Room 101,garden,269,299,435,53.2,75%,False,Annual Beaufort Water Festival,1.3,403.33,7.9,70d out → rack rate | Events: Annual Beaufort Water Festival (×1.30)
2026-07-26,Sunday,70,102,Garden Room 102,garden,269,299,435,53.2,75%,False,Annual Beaufort Water Festival,1.3,403.33,7.9,70d out → rack rate | Events: Annual Beaufort Water Festival (×1.30)
2026-07-26,Sunday,70,103,Garden Room 103,garden,279,299,445,54.0,75%,False,Annual Beaufort Water Festival,1.3,403.33,10.3,70d out → rack rate | Events: Annual Beaufort Water Festival (×1.30)
2026-07-26,Sunday,70,104,Garden Room 104,garden,269,289,430,54.1,75%,False,Annual Beaufort Water Festival,1.3,403.33,6.6,70d out → rack rate | Events: Annual Beaufort Water Festival (×1.30)
2026-07-26,Sunday,70,cottage,Private Cottage,cottage,489,549,795,53.2,75%,False,Annual Beaufort Water Festival,1.3,403.33,97.1,70d out → rack rate | Events: Annual Beaufort Water Festival (×1.30)
2026-07-27,Monday,71,201,Waterfront 201,waterfront,389,459,650,53.3,75%,False,Annual Beaufort Water Festival,1.3,404.17,60.8,71d out → rack rate | Events: Annual Beaufort Water Festival (×1.30)
2026-07-27,Monday,71,202,Waterfront 202,waterfront,389,459,650,53.3,75%,False,Annual Beaufort Water Festival,1.3,404.17,60.8,71d out → rack rate | Events: Annual Beaufort Water Festival (×1.30)
2026-07-27,Monday,71,203,Waterfront 203,waterfront,399,459,660,53.8,75%,False,Annual Beaufort Water Festival,1.3,404.17,63.3,71d out → rack rate | Events: Annual Beaufort Water Festival (×1.30)
2026-07-27,Monday,71,204,Waterfront 204,waterfront,409,459,665,53.2,75%,False,Annual Beaufort Water Festival,1.3,404.17,64.5,71d out → rack rate | Events: Annual Beaufort Water Festival (×1.30)
2026-07-27,Monday,71,301,Water View 301,water_view,319,369,530,54.1,75%,False,Annual Beaufort Water Festival,1.3,404.17,31.1,71d out → rack rate | Events: Annual Beaufort Water Festival (×1.30)
2026-07-27,Monday,71,302,Water View 302,water_view,319,369,530,54.1,75%,False,Annual Beaufort Water Festival,1.3,404.17,31.1,71d out → rack rate | Events: Annual Beaufort Water Festival (×1.30)
2026-07-27,Monday,71,303,Water View 303,water_view,329,369,535,53.3,75%,False,Annual Beaufort Water Festival,1.3,404.17,32.4,71d out → rack rate | Events: Annual Beaufort Water Festival (×1.30)
2026-07-27,Monday,71,304,Water View 304,water_view,319,359,520,53.4,75%,False,Annual Beaufort Water Festival,1.3,404.17,28.7,71d out → rack rate | Events: Annual Beaufort Water Festival (×1.30)
2026-07-27,Monday,71,305,Water View 305,water_view,329,369,535,53.3,75%,False,Annual Beaufort Water Festival,1.3,404.17,32.4,71d out → rack rate | Events: Annual Beaufort Water Festival (×1.30)
2026-07-27,Monday,71,101,Garden Room 101,garden,269,299,435,53.2,75%,False,Annual Beaufort Water Festival,1.3,404.17,7.6,71d out → rack rate | Events: Annual Beaufort Water Festival (×1.30)
2026-07-27,Monday,71,102,Garden Room 102,garden,269,299,435,53.2,75%,False,Annual Beaufort Water Festival,1.3,404.17,7.6,71d out → rack rate | Events: Annual Beaufort Water Festival (×1.30)
2026-07-27,Monday,71,103,Garden Room 103,garden,279,299,445,54.0,75%,False,Annual Beaufort Water Festival,1.3,404.17,10.1,71d out → rack rate | Events: Annual Beaufort Water Festival (×1.30)
2026-07-27,Monday,71,104,Garden Room 104,garden,269,289,430,54.1,75%,False,Annual Beaufort Water Festival,1.3,404.17,6.4,71d out → rack rate | Events: Annual Beaufort Water Festival (×1.30)
2026-07-27,Monday,71,cottage,Private Cottage,cottage,489,549,795,53.2,75%,False,Annual Beaufort Water Festival,1.3,404.17,96.7,71d out → rack rate | Events: Annual Beaufort Water Festival (×1.30)
2026-07-28,Tuesday,72,201,Waterfront 201,waterfront,389,459,500,17.9,75%,False,,1.0,335.83,48.9,72d out → rack rate
2026-07-28,Tuesday,72,202,Waterfront 202,waterfront,389,459,500,17.9,75%,False,,1.0,335.83,48.9,72d out → rack rate
2026-07-28,Tuesday,72,203,Waterfront 203,waterfront,399,459,505,17.7,75%,False,,1.0,335.83,50.4,72d out → rack rate
2026-07-28,Tuesday,72,204,Waterfront 204,waterfront,409,459,510,17.5,75%,False,,1.0,335.83,51.9,72d out → rack rate
2026-07-28,Tuesday,72,301,Water View 301,water_view,319,369,405,17.7,75%,False,,1.0,335.83,20.6,72d out → rack rate
2026-07-28,Tuesday,72,302,Water View 302,water_view,319,369,405,17.7,75%,False,,1.0,335.83,20.6,72d out → rack rate
2026-07-28,Tuesday,72,303,Water View 303,water_view,329,369,410,17.5,75%,False,,1.0,335.83,22.1,72d out → rack rate
2026-07-28,Tuesday,72,304,Water View 304,water_view,319,359,400,18.0,75%,False,,1.0,335.83,19.1,72d out → rack rate
2026-07-28,Tuesday,72,305,Water View 305,water_view,329,369,410,17.5,75%,False,,1.0,335.83,22.1,72d out → rack rate
2026-07-28,Tuesday,72,101,Garden Room 101,garden,269,299,335,18.0,75%,False,,1.0,335.83,-0.2,72d out → rack rate
2026-07-28,Tuesday,72,102,Garden Room 102,garden,269,299,335,18.0,75%,False,,1.0,335.83,-0.2,72d out → rack rate
2026-07-28,Tuesday,72,103,Garden Room 103,garden,279,299,340,17.6,75%,False,,1.0,335.83,1.2,72d out → rack rate
2026-07-28,Tuesday,72,104,Garden Room 104,garden,269,289,330,18.3,75%,False,,1.0,335.83,-1.7,72d out → rack rate
2026-07-28,Tuesday,72,cottage,Private Cottage,cottage,489,549,610,17.5,75%,False,,1.0,335.83,81.6,72d out → rack rate
2026-07-29,Wednesday,73,201,Waterfront 201,waterfront,389,459,500,17.9,75%,False,,1.0,334.17,49.6,73d out → rack rate
2026-07-29,Wednesday,73,202,Waterfront 202,waterfront,389,459,500,17.9,75%,False,,1.0,334.17,49.6,73d out → rack rate
2026-07-29,Wednesday,73,203,Waterfront 203,waterfront,399,459,505,17.7,75%,False,,1.0,334.17,51.1,73d out → rack rate
2026-07-29,Wednesday,73,204,Waterfront 204,waterfront,409,459,510,17.5,75%,False,,1.0,334.17,52.6,73d out → rack rate
2026-07-29,Wednesday,73,301,Water View 301,water_view,319,369,405,17.7,75%,False,,1.0,334.17,21.2,73d out → rack rate
2026-07-29,Wednesday,73,302,Water View 302,water_view,319,369,405,17.7,75%,False,,1.0,334.17,21.2,73d out → rack rate
2026-07-29,Wednesday,73,303,Water View 303,water_view,329,369,410,17.5,75%,False,,1.0,334.17,22.7,73d out → rack rate
2026-07-29,Wednesday,73,304,Water View 304,water_view,319,359,400,18.0,75%,False,,1.0,334.17,19.7,73d out → rack rate
2026-07-29,Wednesday,73,305,Water View 305,water_view,329,369,410,17.5,75%,False,,1.0,334.17,22.7,73d out → rack rate
2026-07-29,Wednesday,73,101,Garden Room 101,garden,269,299,335,18.0,75%,False,,1.0,334.17,0.2,73d out → rack rate
2026-07-29,Wednesday,73,102,Garden Room 102,garden,269,299,335,18.0,75%,False,,1.0,334.17,0.2,73d out → rack rate
2026-07-29,Wednesday,73,103,Garden Room 103,garden,279,299,340,17.6,75%,False,,1.0,334.17,1.7,73d out → rack rate
2026-07-29,Wednesday,73,104,Garden Room 104,garden,269,289,330,18.3,75%,False,,1.0,334.17,-1.2,73d out → rack rate
2026-07-29,Wednesday,73,cottage,Private Cottage,cottage,489,549,610,17.5,75%,False,,1.0,334.17,82.5,73d out → rack rate
2026-07-30,Thursday,74,201,Waterfront 201,waterfront,389,459,500,17.9,75%,False,,1.0,335.0,49.3,74d out → rack rate
2026-07-30,Thursday,74,202,Waterfront 202,waterfront,389,459,500,17.9,75%,False,,1.0,335.0,49.3,74d out → rack rate
2026-07-30,Thursday,74,203,Waterfront 203,waterfront,399,459,505,17.7,75%,False,,1.0,335.0,50.7,74d out → rack rate
2026-07-30,Thursday,74,204,Waterfront 204,waterfront,409,459,510,17.5,75%,False,,1.0,335.0,52.2,74d out → rack rate
2026-07-30,Thursday,74,301,Water View 301,water_view,319,369,405,17.7,75%,False,,1.0,335.0,20.9,74d out → rack rate
2026-07-30,Thursday,74,302,Water View 302,water_view,319,369,405,17.7,75%,False,,1.0,335.0,20.9,74d out → rack rate
2026-07-30,Thursday,74,303,Water View 303,water_view,329,369,410,17.5,75%,False,,1.0,335.0,22.4,74d out → rack rate
2026-07-30,Thursday,74,304,Water View 304,water_view,319,359,400,18.0,75%,False,,1.0,335.0,19.4,74d out → rack rate
2026-07-30,Thursday,74,305,Water View 305,water_view,329,369,410,17.5,75%,False,,1.0,335.0,22.4,74d out → rack rate
2026-07-30,Thursday,74,101,Garden Room 101,garden,269,299,335,18.0,75%,False,,1.0,335.0,0.0,74d out → rack rate
2026-07-30,Thursday,74,102,Garden Room 102,garden,269,299,335,18.0,75%,False,,1.0,335.0,0.0,74d out → rack rate
2026-07-30,Thursday,74,103,Garden Room 103,garden,279,299,340,17.6,75%,False,,1.0,335.0,1.5,74d out → rack rate
2026-07-30,Thursday,74,104,Garden Room 104,garden,269,289,330,18.3,75%,False,,1.0,335.0,-1.5,74d out → rack rate
2026-07-30,Thursday,74,cottage,Private Cottage,cottage,489,549,610,17.5,75%,False,,1.0,335.0,82.1,74d out → rack rate
2026-07-31,Friday,75,201,Waterfront 201,waterfront,389,459,690,62.7,75%,True,Parris Island USMC Graduation,1.2,382.5,80.4,75d out → rack rate | Events: Parris Island USMC Graduation (×1.20) | Weekend +15% (Fri/Sat)
2026-07-31,Friday,75,202,Waterfront 202,waterfront,389,459,690,62.7,75%,True,Parris Island USMC Graduation,1.2,382.5,80.4,75d out → rack rate | Events: Parris Island USMC Graduation (×1.20) | Weekend +15% (Fri/Sat)
2026-07-31,Friday,75,203,Waterfront 203,waterfront,399,459,700,63.2,75%,True,Parris Island USMC Graduation,1.2,382.5,83.0,75d out → rack rate | Events: Parris Island USMC Graduation (×1.20) | Weekend +15% (Fri/Sat)
2026-07-31,Friday,75,204,Waterfront 204,waterfront,409,459,705,62.4,75%,True,Parris Island USMC Graduation,1.2,382.5,84.3,75d out → rack rate | Events: Parris Island USMC Graduation (×1.20) | Weekend +15% (Fri/Sat)
2026-07-31,Friday,75,301,Water View 301,water_view,319,369,560,62.8,75%,True,Parris Island USMC Graduation,1.2,382.5,46.4,75d out → rack rate | Events: Parris Island USMC Graduation (×1.20) | Weekend +15% (Fri/Sat)
2026-07-31,Friday,75,302,Water View 302,water_view,319,369,560,62.8,75%,True,Parris Island USMC Graduation,1.2,382.5,46.4,75d out → rack rate | Events: Parris Island USMC Graduation (×1.20) | Weekend +15% (Fri/Sat)
2026-07-31,Friday,75,303,Water View 303,water_view,329,369,570,63.3,75%,True,Parris Island USMC Graduation,1.2,382.5,49.0,75d out → rack rate | Events: Parris Island USMC Graduation (×1.20) | Weekend +15% (Fri/Sat)
2026-07-31,Friday,75,304,Water View 304,water_view,319,359,550,62.2,75%,True,Parris Island USMC Graduation,1.2,382.5,43.8,75d out → rack rate | Events: Parris Island USMC Graduation (×1.20) | Weekend +15% (Fri/Sat)
2026-07-31,Friday,75,305,Water View 305,water_view,329,369,570,63.3,75%,True,Parris Island USMC Graduation,1.2,382.5,49.0,75d out → rack rate | Events: Parris Island USMC Graduation (×1.20) | Weekend +15% (Fri/Sat)
2026-07-31,Friday,75,101,Garden Room 101,garden,269,299,460,62.0,75%,True,Parris Island USMC Graduation,1.2,382.5,20.3,75d out → rack rate | Events: Parris Island USMC Graduation (×1.20) | Weekend +15% (Fri/Sat)
2026-07-31,Friday,75,102,Garden Room 102,garden,269,299,460,62.0,75%,True,Parris Island USMC Graduation,1.2,382.5,20.3,75d out → rack rate | Events: Parris Island USMC Graduation (×1.20) | Weekend +15% (Fri/Sat)
2026-07-31,Friday,75,103,Garden Room 103,garden,279,299,470,62.6,75%,True,Parris Island USMC Graduation,1.2,382.5,22.9,75d out → rack rate | Events: Parris Island USMC Graduation (×1.20) | Weekend +15% (Fri/Sat)
2026-07-31,Friday,75,104,Garden Room 104,garden,269,289,455,63.1,75%,True,Parris Island USMC Graduation,1.2,382.5,19.0,75d out → rack rate | Events: Parris Island USMC Graduation (×1.20) | Weekend +15% (Fri/Sat)
2026-07-31,Friday,75,cottage,Private Cottage,cottage,489,549,845,62.8,75%,True,Parris Island USMC Graduation,1.2,382.5,120.9,75d out → rack rate | Events: Parris Island USMC Graduation (×1.20) | Weekend +15% (Fri/Sat)
2026-08-01,Saturday,76,201,Waterfront 201,waterfront,389,459,560,32.1,75%,True,Downtown Farmers Market,1.08,346.67,61.5,76d out → rack rate | Events: Downtown Farmers Market (×1.08) | Weekend +15% (Fri/Sat)
2026-08-01,Saturday,76,202,Waterfront 202,waterfront,389,459,560,32.1,75%,True,Downtown Farmers Market,1.08,346.67,61.5,76d out → rack rate | Events: Downtown Farmers Market (×1.08) | Weekend +15% (Fri/Sat)
2026-08-01,Saturday,76,203,Waterfront 203,waterfront,399,459,565,31.7,75%,True,Downtown Farmers Market,1.08,346.67,63.0,76d out → rack rate | Events: Downtown Farmers Market (×1.08) | Weekend +15% (Fri/Sat)
2026-08-01,Saturday,76,204,Waterfront 204,waterfront,409,459,570,31.3,75%,True,Downtown Farmers Market,1.08,346.67,64.4,76d out → rack rate | Events: Downtown Farmers Market (×1.08) | Weekend +15% (Fri/Sat)
2026-08-01,Saturday,76,301,Water View 301,water_view,319,369,455,32.3,75%,True,Downtown Farmers Market,1.08,346.67,31.2,76d out → rack rate | Events: Downtown Farmers Market (×1.08) | Weekend +15% (Fri/Sat)
2026-08-01,Saturday,76,302,Water View 302,water_view,319,369,455,32.3,75%,True,Downtown Farmers Market,1.08,346.67,31.2,76d out → rack rate | Events: Downtown Farmers Market (×1.08) | Weekend +15% (Fri/Sat)
2026-08-01,Saturday,76,303,Water View 303,water_view,329,369,460,31.8,75%,True,Downtown Farmers Market,1.08,346.67,32.7,76d out → rack rate | Events: Downtown Farmers Market (×1.08) | Weekend +15% (Fri/Sat)
2026-08-01,Saturday,76,304,Water View 304,water_view,319,359,445,31.3,75%,True,Downtown Farmers Market,1.08,346.67,28.4,76d out → rack rate | Events: Downtown Farmers Market (×1.08) | Weekend +15% (Fri/Sat)
2026-08-01,Saturday,76,305,Water View 305,water_view,329,369,460,31.8,75%,True,Downtown Farmers Market,1.08,346.67,32.7,76d out → rack rate | Events: Downtown Farmers Market (×1.08) | Weekend +15% (Fri/Sat)
2026-08-01,Saturday,76,101,Garden Room 101,garden,269,299,375,32.0,75%,True,Downtown Farmers Market,1.08,346.67,8.2,76d out → rack rate | Events: Downtown Farmers Market (×1.08) | Weekend +15% (Fri/Sat)
2026-08-01,Saturday,76,102,Garden Room 102,garden,269,299,375,32.0,75%,True,Downtown Farmers Market,1.08,346.67,8.2,76d out → rack rate | Events: Downtown Farmers Market (×1.08) | Weekend +15% (Fri/Sat)
2026-08-01,Saturday,76,103,Garden Room 103,garden,279,299,380,31.5,75%,True,Downtown Farmers Market,1.08,346.67,9.6,76d out → rack rate | Events: Downtown Farmers Market (×1.08) | Weekend +15% (Fri/Sat)
2026-08-01,Saturday,76,104,Garden Room 104,garden,269,289,365,30.8,75%,True,Downtown Farmers Market,1.08,346.67,5.3,76d out → rack rate | Events: Downtown Farmers Market (×1.08) | Weekend +15% (Fri/Sat)
2026-08-01,Saturday,76,cottage,Private Cottage,cottage,489,549,685,32.0,75%,True,Downtown Farmers Market,1.08,346.67,97.6,76d out → rack rate | Events: Downtown Farmers Market (×1.08) | Weekend +15% (Fri/Sat)
2026-08-02,Sunday,77,201,Waterfront 201,waterfront,389,459,450,6.1,75%,False,,1.0,300.83,49.6,77d out → rack rate
2026-08-02,Sunday,77,202,Waterfront 202,waterfront,389,459,450,6.1,75%,False,,1.0,300.83,49.6,77d out → rack rate
2026-08-02,Sunday,77,203,Waterfront 203,waterfront,399,459,455,6.1,75%,False,,1.0,300.83,51.2,77d out → rack rate
2026-08-02,Sunday,77,204,Waterfront 204,waterfront,409,459,460,6.0,75%,False,,1.0,300.83,52.9,77d out → rack rate
2026-08-02,Sunday,77,301,Water View 301,water_view,319,369,365,6.1,75%,False,,1.0,300.83,21.3,77d out → rack rate
2026-08-02,Sunday,77,302,Water View 302,water_view,319,369,365,6.1,75%,False,,1.0,300.83,21.3,77d out → rack rate
2026-08-02,Sunday,77,303,Water View 303,water_view,329,369,370,6.0,75%,False,,1.0,300.83,23.0,77d out → rack rate
2026-08-02,Sunday,77,304,Water View 304,water_view,319,359,360,6.2,75%,False,,1.0,300.83,19.7,77d out → rack rate
2026-08-02,Sunday,77,305,Water View 305,water_view,329,369,370,6.0,75%,False,,1.0,300.83,23.0,77d out → rack rate
2026-08-02,Sunday,77,101,Garden Room 101,garden,269,299,300,5.6,75%,False,,1.0,300.83,-0.3,77d out → rack rate
2026-08-02,Sunday,77,102,Garden Room 102,garden,269,299,300,5.6,75%,False,,1.0,300.83,-0.3,77d out → rack rate
2026-08-02,Sunday,77,103,Garden Room 103,garden,279,299,305,5.5,75%,False,,1.0,300.83,1.4,77d out → rack rate
2026-08-02,Sunday,77,104,Garden Room 104,garden,269,289,295,5.7,75%,False,,1.0,300.83,-1.9,77d out → rack rate
2026-08-02,Sunday,77,cottage,Private Cottage,cottage,489,549,550,6.0,75%,False,,1.0,300.83,82.8,77d out → rack rate
2026-08-03,Monday,78,201,Waterfront 201,waterfront,389,459,450,6.1,75%,False,,1.0,303.33,48.4,78d out → rack rate
2026-08-03,Monday,78,202,Waterfront 202,waterfront,389,459,450,6.1,75%,False,,1.0,303.33,48.4,78d out → rack rate
2026-08-03,Monday,78,203,Waterfront 203,waterfront,399,459,455,6.1,75%,False,,1.0,303.33,50.0,78d out → rack rate
2026-08-03,Monday,78,204,Waterfront 204,waterfront,409,459,460,6.0,75%,False,,1.0,303.33,51.6,78d out → rack rate
2026-08-03,Monday,78,301,Water View 301,water_view,319,369,365,6.1,75%,False,,1.0,303.33,20.3,78d out → rack rate
2026-08-03,Monday,78,302,Water View 302,water_view,319,369,365,6.1,75%,False,,1.0,303.33,20.3,78d out → rack rate
2026-08-03,Monday,78,303,Water View 303,water_view,329,369,370,6.0,75%,False,,1.0,303.33,22.0,78d out → rack rate
2026-08-03,Monday,78,304,Water View 304,water_view,319,359,360,6.2,75%,False,,1.0,303.33,18.7,78d out → rack rate
2026-08-03,Monday,78,305,Water View 305,water_view,329,369,370,6.0,75%,False,,1.0,303.33,22.0,78d out → rack rate
2026-08-03,Monday,78,101,Garden Room 101,garden,269,299,300,5.6,75%,False,,1.0,303.33,-1.1,78d out → rack rate
2026-08-03,Monday,78,102,Garden Room 102,garden,269,299,300,5.6,75%,False,,1.0,303.33,-1.1,78d out → rack rate
2026-08-03,Monday,78,103,Garden Room 103,garden,279,299,305,5.5,75%,False,,1.0,303.33,0.5,78d out → rack rate
2026-08-03,Monday,78,104,Garden Room 104,garden,269,289,295,5.7,75%,False,,1.0,303.33,-2.7,78d out → rack rate
2026-08-03,Monday,78,cottage,Private Cottage,cottage,489,549,550,6.0,75%,False,,1.0,303.33,81.3,78d out → rack rate
2026-08-04,Tuesday,79,201,Waterfront 201,waterfront,389,459,450,6.1,75%,False,,1.0,299.17,50.4,79d out → rack rate
2026-08-04,Tuesday,79,202,Waterfront 202,waterfront,389,459,450,6.1,75%,False,,1.0,299.17,50.4,79d out → rack rate
2026-08-04,Tuesday,79,203,Waterfront 203,waterfront,399,459,455,6.1,75%,False,,1.0,299.17,52.1,79d out → rack rate
2026-08-04,Tuesday,79,204,Waterfront 204,waterfront,409,459,460,6.0,75%,False,,1.0,299.17,53.8,79d out → rack rate
2026-08-04,Tuesday,79,301,Water View 301,water_view,319,369,365,6.1,75%,False,,1.0,299.17,22.0,79d out → rack rate
2026-08-04,Tuesday,79,302,Water View 302,water_view,319,369,365,6.1,75%,False,,1.0,299.17,22.0,79d out → rack rate
2026-08-04,Tuesday,79,303,Water View 303,water_view,329,369,370,6.0,75%,False,,1.0,299.17,23.7,79d out → rack rate
2026-08-04,Tuesday,79,304,Water View 304,water_view,319,359,360,6.2,75%,False,,1.0,299.17,20.3,79d out → rack rate
2026-08-04,Tuesday,79,305,Water View 305,water_view,329,369,370,6.0,75%,False,,1.0,299.17,23.7,79d out → rack rate
2026-08-04,Tuesday,79,101,Garden Room 101,garden,269,299,300,5.6,75%,False,,1.0,299.17,0.3,79d out → rack rate
2026-08-04,Tuesday,79,102,Garden Room 102,garden,269,299,300,5.6,75%,False,,1.0,299.17,0.3,79d out → rack rate
2026-08-04,Tuesday,79,103,Garden Room 103,garden,279,299,305,5.5,75%,False,,1.0,299.17,1.9,79d out → rack rate
2026-08-04,Tuesday,79,104,Garden Room 104,garden,269,289,295,5.7,75%,False,,1.0,299.17,-1.4,79d out → rack rate
2026-08-04,Tuesday,79,cottage,Private Cottage,cottage,489,549,550,6.0,75%,False,,1.0,299.17,83.8,79d out → rack rate
2026-08-05,Wednesday,80,201,Waterfront 201,waterfront,389,459,450,6.1,75%,False,,1.0,299.17,50.4,80d out → rack rate
2026-08-05,Wednesday,80,202,Waterfront 202,waterfront,389,459,450,6.1,75%,False,,1.0,299.17,50.4,80d out → rack rate
2026-08-05,Wednesday,80,203,Waterfront 203,waterfront,399,459,455,6.1,75%,False,,1.0,299.17,52.1,80d out → rack rate
2026-08-05,Wednesday,80,204,Waterfront 204,waterfront,409,459,460,6.0,75%,False,,1.0,299.17,53.8,80d out → rack rate
2026-08-05,Wednesday,80,301,Water View 301,water_view,319,369,365,6.1,75%,False,,1.0,299.17,22.0,80d out → rack rate
2026-08-05,Wednesday,80,302,Water View 302,water_view,319,369,365,6.1,75%,False,,1.0,299.17,22.0,80d out → rack rate
2026-08-05,Wednesday,80,303,Water View 303,water_view,329,369,370,6.0,75%,False,,1.0,299.17,23.7,80d out → rack rate
2026-08-05,Wednesday,80,304,Water View 304,water_view,319,359,360,6.2,75%,False,,1.0,299.17,20.3,80d out → rack rate
2026-08-05,Wednesday,80,305,Water View 305,water_view,329,369,370,6.0,75%,False,,1.0,299.17,23.7,80d out → rack rate
2026-08-05,Wednesday,80,101,Garden Room 101,garden,269,299,300,5.6,75%,False,,1.0,299.17,0.3,80d out → rack rate
2026-08-05,Wednesday,80,102,Garden Room 102,garden,269,299,300,5.6,75%,False,,1.0,299.17,0.3,80d out → rack rate
2026-08-05,Wednesday,80,103,Garden Room 103,garden,279,299,305,5.5,75%,False,,1.0,299.17,1.9,80d out → rack rate
2026-08-05,Wednesday,80,104,Garden Room 104,garden,269,289,295,5.7,75%,False,,1.0,299.17,-1.4,80d out → rack rate
2026-08-05,Wednesday,80,cottage,Private Cottage,cottage,489,549,550,6.0,75%,False,,1.0,299.17,83.8,80d out → rack rate
2026-08-06,Thursday,81,201,Waterfront 201,waterfront,389,459,450,6.1,75%,False,,1.0,300.83,49.6,81d out → rack rate
2026-08-06,Thursday,81,202,Waterfront 202,waterfront,389,459,450,6.1,75%,False,,1.0,300.83,49.6,81d out → rack rate
2026-08-06,Thursday,81,203,Waterfront 203,waterfront,399,459,455,6.1,75%,False,,1.0,300.83,51.2,81d out → rack rate
2026-08-06,Thursday,81,204,Waterfront 204,waterfront,409,459,460,6.0,75%,False,,1.0,300.83,52.9,81d out → rack rate
2026-08-06,Thursday,81,301,Water View 301,water_view,319,369,365,6.1,75%,False,,1.0,300.83,21.3,81d out → rack rate
2026-08-06,Thursday,81,302,Water View 302,water_view,319,369,365,6.1,75%,False,,1.0,300.83,21.3,81d out → rack rate
2026-08-06,Thursday,81,303,Water View 303,water_view,329,369,370,6.0,75%,False,,1.0,300.83,23.0,81d out → rack rate
2026-08-06,Thursday,81,304,Water View 304,water_view,319,359,360,6.2,75%,False,,1.0,300.83,19.7,81d out → rack rate
2026-08-06,Thursday,81,305,Water View 305,water_view,329,369,370,6.0,75%,False,,1.0,300.83,23.0,81d out → rack rate
2026-08-06,Thursday,81,101,Garden Room 101,garden,269,299,300,5.6,75%,False,,1.0,300.83,-0.3,81d out → rack rate
2026-08-06,Thursday,81,102,Garden Room 102,garden,269,299,300,5.6,75%,False,,1.0,300.83,-0.3,81d out → rack rate
2026-08-06,Thursday,81,103,Garden Room 103,garden,279,299,305,5.5,75%,False,,1.0,300.83,1.4,81d out → rack rate
2026-08-06,Thursday,81,104,Garden Room 104,garden,269,289,295,5.7,75%,False,,1.0,300.83,-1.9,81d out → rack rate
2026-08-06,Thursday,81,cottage,Private Cottage,cottage,489,549,550,6.0,75%,False,,1.0,300.83,82.8,81d out → rack rate
2026-08-07,Friday,82,201,Waterfront 201,waterfront,389,459,595,40.3,75%,True,First Friday Art Walk,1.15,348.33,70.8,82d out → rack rate | Events: First Friday Art Walk (×1.15) | Weekend +15% (Fri/Sat)
2026-08-07,Friday,82,202,Waterfront 202,waterfront,389,459,595,40.3,75%,True,First Friday Art Walk,1.15,348.33,70.8,82d out → rack rate | Events: First Friday Art Walk (×1.15) | Weekend +15% (Fri/Sat)
2026-08-07,Friday,82,203,Waterfront 203,waterfront,399,459,600,39.9,75%,True,First Friday Art Walk,1.15,348.33,72.2,82d out → rack rate | Events: First Friday Art Walk (×1.15) | Weekend +15% (Fri/Sat)
2026-08-07,Friday,82,204,Waterfront 204,waterfront,409,459,610,40.6,75%,True,First Friday Art Walk,1.15,348.33,75.1,82d out → rack rate | Events: First Friday Art Walk (×1.15) | Weekend +15% (Fri/Sat)
2026-08-07,Friday,82,301,Water View 301,water_view,319,369,480,39.5,75%,True,First Friday Art Walk,1.15,348.33,37.8,82d out → rack rate | Events: First Friday Art Walk (×1.15) | Weekend +15% (Fri/Sat)
2026-08-07,Friday,82,302,Water View 302,water_view,319,369,480,39.5,75%,True,First Friday Art Walk,1.15,348.33,37.8,82d out → rack rate | Events: First Friday Art Walk (×1.15) | Weekend +15% (Fri/Sat)
2026-08-07,Friday,82,303,Water View 303,water_view,329,369,490,40.4,75%,True,First Friday Art Walk,1.15,348.33,40.7,82d out → rack rate | Events: First Friday Art Walk (×1.15) | Weekend +15% (Fri/Sat)
2026-08-07,Friday,82,304,Water View 304,water_view,319,359,475,40.1,75%,True,First Friday Art Walk,1.15,348.33,36.4,82d out → rack rate | Events: First Friday Art Walk (×1.15) | Weekend +15% (Fri/Sat)
2026-08-07,Friday,82,305,Water View 305,water_view,329,369,490,40.4,75%,True,First Friday Art Walk,1.15,348.33,40.7,82d out → rack rate | Events: First Friday Art Walk (×1.15) | Weekend +15% (Fri/Sat)
2026-08-07,Friday,82,101,Garden Room 101,garden,269,299,400,40.8,75%,True,First Friday Art Walk,1.15,348.33,14.8,82d out → rack rate | Events: First Friday Art Walk (×1.15) | Weekend +15% (Fri/Sat)
2026-08-07,Friday,82,102,Garden Room 102,garden,269,299,400,40.8,75%,True,First Friday Art Walk,1.15,348.33,14.8,82d out → rack rate | Events: First Friday Art Walk (×1.15) | Weekend +15% (Fri/Sat)
2026-08-07,Friday,82,103,Garden Room 103,garden,279,299,405,40.1,75%,True,First Friday Art Walk,1.15,348.33,16.3,82d out → rack rate | Events: First Friday Art Walk (×1.15) | Weekend +15% (Fri/Sat)
2026-08-07,Friday,82,104,Garden Room 104,garden,269,289,390,39.8,75%,True,First Friday Art Walk,1.15,348.33,12.0,82d out → rack rate | Events: First Friday Art Walk (×1.15) | Weekend +15% (Fri/Sat)
2026-08-07,Friday,82,cottage,Private Cottage,cottage,489,549,730,40.7,75%,True,First Friday Art Walk,1.15,348.33,109.6,82d out → rack rate | Events: First Friday Art Walk (×1.15) | Weekend +15% (Fri/Sat)
2026-08-08,Saturday,83,201,Waterfront 201,waterfront,389,459,560,32.1,75%,True,Downtown Farmers Market,1.08,344.17,62.7,83d out → rack rate | Events: Downtown Farmers Market (×1.08) | Weekend +15% (Fri/Sat)
2026-08-08,Saturday,83,202,Waterfront 202,waterfront,389,459,560,32.1,75%,True,Downtown Farmers Market,1.08,344.17,62.7,83d out → rack rate | Events: Downtown Farmers Market (×1.08) | Weekend +15% (Fri/Sat)
2026-08-08,Saturday,83,203,Waterfront 203,waterfront,399,459,565,31.7,75%,True,Downtown Farmers Market,1.08,344.17,64.2,83d out → rack rate | Events: Downtown Farmers Market (×1.08) | Weekend +15% (Fri/Sat)
2026-08-08,Saturday,83,204,Waterfront 204,waterfront,409,459,570,31.3,75%,True,Downtown Farmers Market,1.08,344.17,65.6,83d out → rack rate | Events: Downtown Farmers Market (×1.08) | Weekend +15% (Fri/Sat)
2026-08-08,Saturday,83,301,Water View 301,water_view,319,369,455,32.3,75%,True,Downtown Farmers Market,1.08,344.17,32.2,83d out → rack rate | Events: Downtown Farmers Market (×1.08) | Weekend +15% (Fri/Sat)
2026-08-08,Saturday,83,302,Water View 302,water_view,319,369,455,32.3,75%,True,Downtown Farmers Market,1.08,344.17,32.2,83d out → rack rate | Events: Downtown Farmers Market (×1.08) | Weekend +15% (Fri/Sat)
2026-08-08,Saturday,83,303,Water View 303,water_view,329,369,460,31.8,75%,True,Downtown Farmers Market,1.08,344.17,33.7,83d out → rack rate | Events: Downtown Farmers Market (×1.08) | Weekend +15% (Fri/Sat)
2026-08-08,Saturday,83,304,Water View 304,water_view,319,359,445,31.3,75%,True,Downtown Farmers Market,1.08,344.17,29.3,83d out → rack rate | Events: Downtown Farmers Market (×1.08) | Weekend +15% (Fri/Sat)
2026-08-08,Saturday,83,305,Water View 305,water_view,329,369,460,31.8,75%,True,Downtown Farmers Market,1.08,344.17,33.7,83d out → rack rate | Events: Downtown Farmers Market (×1.08) | Weekend +15% (Fri/Sat)
2026-08-08,Saturday,83,101,Garden Room 101,garden,269,299,375,32.0,75%,True,Downtown Farmers Market,1.08,344.17,9.0,83d out → rack rate | Events: Downtown Farmers Market (×1.08) | Weekend +15% (Fri/Sat)
2026-08-08,Saturday,83,102,Garden Room 102,garden,269,299,375,32.0,75%,True,Downtown Farmers Market,1.08,344.17,9.0,83d out → rack rate | Events: Downtown Farmers Market (×1.08) | Weekend +15% (Fri/Sat)
2026-08-08,Saturday,83,103,Garden Room 103,garden,279,299,380,31.5,75%,True,Downtown Farmers Market,1.08,344.17,10.4,83d out → rack rate | Events: Downtown Farmers Market (×1.08) | Weekend +15% (Fri/Sat)
2026-08-08,Saturday,83,104,Garden Room 104,garden,269,289,365,30.8,75%,True,Downtown Farmers Market,1.08,344.17,6.1,83d out → rack rate | Events: Downtown Farmers Market (×1.08) | Weekend +15% (Fri/Sat)
2026-08-08,Saturday,83,cottage,Private Cottage,cottage,489,549,685,32.0,75%,True,Downtown Farmers Market,1.08,344.17,99.0,83d out → rack rate | Events: Downtown Farmers Market (×1.08) | Weekend +15% (Fri/Sat)
2026-08-09,Sunday,84,201,Waterfront 201,waterfront,389,459,450,6.1,75%,False,,1.0,298.33,50.8,84d out → rack rate
2026-08-09,Sunday,84,202,Waterfront 202,waterfront,389,459,450,6.1,75%,False,,1.0,298.33,50.8,84d out → rack rate
2026-08-09,Sunday,84,203,Waterfront 203,waterfront,399,459,455,6.1,75%,False,,1.0,298.33,52.5,84d out → rack rate
2026-08-09,Sunday,84,204,Waterfront 204,waterfront,409,459,460,6.0,75%,False,,1.0,298.33,54.2,84d out → rack rate
2026-08-09,Sunday,84,301,Water View 301,water_view,319,369,365,6.1,75%,False,,1.0,298.33,22.3,84d out → rack rate
2026-08-09,Sunday,84,302,Water View 302,water_view,319,369,365,6.1,75%,False,,1.0,298.33,22.3,84d out → rack rate
2026-08-09,Sunday,84,303,Water View 303,water_view,329,369,370,6.0,75%,False,,1.0,298.33,24.0,84d out → rack rate
2026-08-09,Sunday,84,304,Water View 304,water_view,319,359,360,6.2,75%,False,,1.0,298.33,20.7,84d out → rack rate
2026-08-09,Sunday,84,305,Water View 305,water_view,329,369,370,6.0,75%,False,,1.0,298.33,24.0,84d out → rack rate
2026-08-09,Sunday,84,101,Garden Room 101,garden,269,299,300,5.6,75%,False,,1.0,298.33,0.6,84d out → rack rate
2026-08-09,Sunday,84,102,Garden Room 102,garden,269,299,300,5.6,75%,False,,1.0,298.33,0.6,84d out → rack rate
2026-08-09,Sunday,84,103,Garden Room 103,garden,279,299,305,5.5,75%,False,,1.0,298.33,2.2,84d out → rack rate
2026-08-09,Sunday,84,104,Garden Room 104,garden,269,289,295,5.7,75%,False,,1.0,298.33,-1.1,84d out → rack rate
2026-08-09,Sunday,84,cottage,Private Cottage,cottage,489,549,550,6.0,75%,False,,1.0,298.33,84.4,84d out → rack rate
2026-08-10,Monday,85,201,Waterfront 201,waterfront,389,459,450,6.1,75%,False,,1.0,300.0,50.0,85d out → rack rate
2026-08-10,Monday,85,202,Waterfront 202,waterfront,389,459,450,6.1,75%,False,,1.0,300.0,50.0,85d out → rack rate
2026-08-10,Monday,85,203,Waterfront 203,waterfront,399,459,455,6.1,75%,False,,1.0,300.0,51.7,85d out → rack rate
2026-08-10,Monday,85,204,Waterfront 204,waterfront,409,459,460,6.0,75%,False,,1.0,300.0,53.3,85d out → rack rate
2026-08-10,Monday,85,301,Water View 301,water_view,319,369,365,6.1,75%,False,,1.0,300.0,21.7,85d out → rack rate
2026-08-10,Monday,85,302,Water View 302,water_view,319,369,365,6.1,75%,False,,1.0,300.0,21.7,85d out → rack rate
2026-08-10,Monday,85,303,Water View 303,water_view,329,369,370,6.0,75%,False,,1.0,300.0,23.3,85d out → rack rate
2026-08-10,Monday,85,304,Water View 304,water_view,319,359,360,6.2,75%,False,,1.0,300.0,20.0,85d out → rack rate
2026-08-10,Monday,85,305,Water View 305,water_view,329,369,370,6.0,75%,False,,1.0,300.0,23.3,85d out → rack rate
2026-08-10,Monday,85,101,Garden Room 101,garden,269,299,300,5.6,75%,False,,1.0,300.0,0.0,85d out → rack rate
2026-08-10,Monday,85,102,Garden Room 102,garden,269,299,300,5.6,75%,False,,1.0,300.0,0.0,85d out → rack rate
2026-08-10,Monday,85,103,Garden Room 103,garden,279,299,305,5.5,75%,False,,1.0,300.0,1.7,85d out → rack rate
2026-08-10,Monday,85,104,Garden Room 104,garden,269,289,295,5.7,75%,False,,1.0,300.0,-1.7,85d out → rack rate
2026-08-10,Monday,85,cottage,Private Cottage,cottage,489,549,550,6.0,75%,False,,1.0,300.0,83.3,85d out → rack rate
2026-08-11,Tuesday,86,201,Waterfront 201,waterfront,389,459,450,6.1,75%,False,,1.0,300.83,49.6,86d out → rack rate
2026-08-11,Tuesday,86,202,Waterfront 202,waterfront,389,459,450,6.1,75%,False,,1.0,300.83,49.6,86d out → rack rate
2026-08-11,Tuesday,86,203,Waterfront 203,waterfront,399,459,455,6.1,75%,False,,1.0,300.83,51.2,86d out → rack rate
2026-08-11,Tuesday,86,204,Waterfront 204,waterfront,409,459,460,6.0,75%,False,,1.0,300.83,52.9,86d out → rack rate
2026-08-11,Tuesday,86,301,Water View 301,water_view,319,369,365,6.1,75%,False,,1.0,300.83,21.3,86d out → rack rate
2026-08-11,Tuesday,86,302,Water View 302,water_view,319,369,365,6.1,75%,False,,1.0,300.83,21.3,86d out → rack rate
2026-08-11,Tuesday,86,303,Water View 303,water_view,329,369,370,6.0,75%,False,,1.0,300.83,23.0,86d out → rack rate
2026-08-11,Tuesday,86,304,Water View 304,water_view,319,359,360,6.2,75%,False,,1.0,300.83,19.7,86d out → rack rate
2026-08-11,Tuesday,86,305,Water View 305,water_view,329,369,370,6.0,75%,False,,1.0,300.83,23.0,86d out → rack rate
2026-08-11,Tuesday,86,101,Garden Room 101,garden,269,299,300,5.6,75%,False,,1.0,300.83,-0.3,86d out → rack rate
2026-08-11,Tuesday,86,102,Garden Room 102,garden,269,299,300,5.6,75%,False,,1.0,300.83,-0.3,86d out → rack rate
2026-08-11,Tuesday,86,103,Garden Room 103,garden,279,299,305,5.5,75%,False,,1.0,300.83,1.4,86d out → rack rate
2026-08-11,Tuesday,86,104,Garden Room 104,garden,269,289,295,5.7,75%,False,,1.0,300.83,-1.9,86d out → rack rate
2026-08-11,Tuesday,86,cottage,Private Cottage,cottage,489,549,550,6.0,75%,False,,1.0,300.83,82.8,86d out → rack rate
2026-08-12,Wednesday,87,201,Waterfront 201,waterfront,389,459,450,6.1,75%,False,,1.0,300.0,50.0,87d out → rack rate
2026-08-12,Wednesday,87,202,Waterfront 202,waterfront,389,459,450,6.1,75%,False,,1.0,300.0,50.0,87d out → rack rate
2026-08-12,Wednesday,87,203,Waterfront 203,waterfront,399,459,455,6.1,75%,False,,1.0,300.0,51.7,87d out → rack rate
2026-08-12,Wednesday,87,204,Waterfront 204,waterfront,409,459,460,6.0,75%,False,,1.0,300.0,53.3,87d out → rack rate
2026-08-12,Wednesday,87,301,Water View 301,water_view,319,369,365,6.1,75%,False,,1.0,300.0,21.7,87d out → rack rate
2026-08-12,Wednesday,87,302,Water View 302,water_view,319,369,365,6.1,75%,False,,1.0,300.0,21.7,87d out → rack rate
2026-08-12,Wednesday,87,303,Water View 303,water_view,329,369,370,6.0,75%,False,,1.0,300.0,23.3,87d out → rack rate
2026-08-12,Wednesday,87,304,Water View 304,water_view,319,359,360,6.2,75%,False,,1.0,300.0,20.0,87d out → rack rate
2026-08-12,Wednesday,87,305,Water View 305,water_view,329,369,370,6.0,75%,False,,1.0,300.0,23.3,87d out → rack rate
2026-08-12,Wednesday,87,101,Garden Room 101,garden,269,299,300,5.6,75%,False,,1.0,300.0,0.0,87d out → rack rate
2026-08-12,Wednesday,87,102,Garden Room 102,garden,269,299,300,5.6,75%,False,,1.0,300.0,0.0,87d out → rack rate
2026-08-12,Wednesday,87,103,Garden Room 103,garden,279,299,305,5.5,75%,False,,1.0,300.0,1.7,87d out → rack rate
2026-08-12,Wednesday,87,104,Garden Room 104,garden,269,289,295,5.7,75%,False,,1.0,300.0,-1.7,87d out → rack rate
2026-08-12,Wednesday,87,cottage,Private Cottage,cottage,489,549,550,6.0,75%,False,,1.0,300.0,83.3,87d out → rack rate
2026-08-13,Thursday,88,201,Waterfront 201,waterfront,389,459,450,6.1,75%,False,,1.0,300.83,49.6,88d out → rack rate
2026-08-13,Thursday,88,202,Waterfront 202,waterfront,389,459,450,6.1,75%,False,,1.0,300.83,49.6,88d out → rack rate
2026-08-13,Thursday,88,203,Waterfront 203,waterfront,399,459,455,6.1,75%,False,,1.0,300.83,51.2,88d out → rack rate
2026-08-13,Thursday,88,204,Waterfront 204,waterfront,409,459,460,6.0,75%,False,,1.0,300.83,52.9,88d out → rack rate
2026-08-13,Thursday,88,301,Water View 301,water_view,319,369,365,6.1,75%,False,,1.0,300.83,21.3,88d out → rack rate
2026-08-13,Thursday,88,302,Water View 302,water_view,319,369,365,6.1,75%,False,,1.0,300.83,21.3,88d out → rack rate
2026-08-13,Thursday,88,303,Water View 303,water_view,329,369,370,6.0,75%,False,,1.0,300.83,23.0,88d out → rack rate
2026-08-13,Thursday,88,304,Water View 304,water_view,319,359,360,6.2,75%,False,,1.0,300.83,19.7,88d out → rack rate
2026-08-13,Thursday,88,305,Water View 305,water_view,329,369,370,6.0,75%,False,,1.0,300.83,23.0,88d out → rack rate
2026-08-13,Thursday,88,101,Garden Room 101,garden,269,299,300,5.6,75%,False,,1.0,300.83,-0.3,88d out → rack rate
2026-08-13,Thursday,88,102,Garden Room 102,garden,269,299,300,5.6,75%,False,,1.0,300.83,-0.3,88d out → rack rate
2026-08-13,Thursday,88,103,Garden Room 103,garden,279,299,305,5.5,75%,False,,1.0,300.83,1.4,88d out → rack rate
2026-08-13,Thursday,88,104,Garden Room 104,garden,269,289,295,5.7,75%,False,,1.0,300.83,-1.9,88d out → rack rate
2026-08-13,Thursday,88,cottage,Private Cottage,cottage,489,549,550,6.0,75%,False,,1.0,300.83,82.8,88d out → rack rate
2026-08-14,Friday,89,201,Waterfront 201,waterfront,389,459,620,46.2,75%,True,Parris Island USMC Graduation,1.2,342.5,81.0,89d out → rack rate | Events: Parris Island USMC Graduation (×1.20) | Weekend +15% (Fri/Sat)
2026-08-14,Friday,89,202,Waterfront 202,waterfront,389,459,620,46.2,75%,True,Parris Island USMC Graduation,1.2,342.5,81.0,89d out → rack rate | Events: Parris Island USMC Graduation (×1.20) | Weekend +15% (Fri/Sat)
2026-08-14,Friday,89,203,Waterfront 203,waterfront,399,459,630,46.9,75%,True,Parris Island USMC Graduation,1.2,342.5,83.9,89d out → rack rate | Events: Parris Island USMC Graduation (×1.20) | Weekend +15% (Fri/Sat)
2026-08-14,Friday,89,204,Waterfront 204,waterfront,409,459,635,46.3,75%,True,Parris Island USMC Graduation,1.2,342.5,85.4,89d out → rack rate | Events: Parris Island USMC Graduation (×1.20) | Weekend +15% (Fri/Sat)
2026-08-14,Friday,89,301,Water View 301,water_view,319,369,505,46.8,75%,True,Parris Island USMC Graduation,1.2,342.5,47.4,89d out → rack rate | Events: Parris Island USMC Graduation (×1.20) | Weekend +15% (Fri/Sat)
2026-08-14,Friday,89,302,Water View 302,water_view,319,369,505,46.8,75%,True,Parris Island USMC Graduation,1.2,342.5,47.4,89d out → rack rate | Events: Parris Island USMC Graduation (×1.20) | Weekend +15% (Fri/Sat)
2026-08-14,Friday,89,303,Water View 303,water_view,329,369,510,46.1,75%,True,Parris Island USMC Graduation,1.2,342.5,48.9,89d out → rack rate | Events: Parris Island USMC Graduation (×1.20) | Weekend +15% (Fri/Sat)
2026-08-14,Friday,89,304,Water View 304,water_view,319,359,495,46.0,75%,True,Parris Island USMC Graduation,1.2,342.5,44.5,89d out → rack rate | Events: Parris Island USMC Graduation (×1.20) | Weekend +15% (Fri/Sat)
2026-08-14,Friday,89,305,Water View 305,water_view,329,369,510,46.1,75%,True,Parris Island USMC Graduation,1.2,342.5,48.9,89d out → rack rate | Events: Parris Island USMC Graduation (×1.20) | Weekend +15% (Fri/Sat)
2026-08-14,Friday,89,101,Garden Room 101,garden,269,299,415,46.1,75%,True,Parris Island USMC Graduation,1.2,342.5,21.2,89d out → rack rate | Events: Parris Island USMC Graduation (×1.20) | Weekend +15% (Fri/Sat)
2026-08-14,Friday,89,102,Garden Room 102,garden,269,299,415,46.1,75%,True,Parris Island USMC Graduation,1.2,342.5,21.2,89d out → rack rate | Events: Parris Island USMC Graduation (×1.20) | Weekend +15% (Fri/Sat)
2026-08-14,Friday,89,103,Garden Room 103,garden,279,299,425,47.1,75%,True,Parris Island USMC Graduation,1.2,342.5,24.1,89d out → rack rate | Events: Parris Island USMC Graduation (×1.20) | Weekend +15% (Fri/Sat)
2026-08-14,Friday,89,104,Garden Room 104,garden,269,289,410,47.0,75%,True,Parris Island USMC Graduation,1.2,342.5,19.7,89d out → rack rate | Events: Parris Island USMC Graduation (×1.20) | Weekend +15% (Fri/Sat)
2026-08-14,Friday,89,cottage,Private Cottage,cottage,489,549,760,46.4,75%,True,Parris Island USMC Graduation,1.2,342.5,121.9,89d out → rack rate | Events: Parris Island USMC Graduation (×1.20) | Weekend +15% (Fri/Sat)
